149:3:Name -> Const:bool:False
165:15:Name -> Class:typing.TypeAlias
165:27:Name -> Class:.Union
165:48:Name -> Class:pandas._libs.tslibs.nattype.NaTType
168:39:Name -> Class:builtins.str
169:9:Call -> Func:pandas.core.ops.invalid.make_invalid_op.invalid_op
169:9:Name -> Func:pandas.core.ops.invalid.make_invalid_op
169:25:Name -> U
170:11:Call -> Func:pandas.core.ops.common._unpack_zerodim_and_defer.new_method
170:11:Call -> Func:pandas.core.ops.common.unpack_zerodim_and_defer.wrapper
170:11:Name -> Func:pandas.core.ops.common.unpack_zerodim_and_defer
170:36:Name -> U
170:45:Name -> Func:pandas.core.ops.invalid.make_invalid_op.invalid_op
173:27:Name -> Class:.F
173:33:Name -> Class:.F
180:5:Call -> Partial:PartialFunction
180:5:Name -> Func:functools.wraps
180:11:Name -> U
182:15:Call -> ERR
182:15:Name -> Func:builtins.isinstance
182:26:Attribute -> U
182:26:Name -> U
182:38:Name -> Class:pandas.core.dtypes.dtypes.PeriodDtype
183:19:Call -> U
183:19:Name -> U
183:24:Name -> U
183:31:Name -> Tuple:0
183:39:Name -> Dict:0
185:14:Call -> U
185:14:Attribute -> U
185:14:Name -> U
186:17:Call -> U
186:17:Name -> U
186:22:Name -> U
186:28:Name -> Tuple:0
186:36:Name -> Dict:0
187:11:Name -> U
187:21:Name -> U
188:19:Name -> U
189:13:Call -> ERR
189:13:Name -> Func:builtins.isinstance
189:24:Name -> U
189:32:Name -> Class:pandas._libs.tslibs.timestamps.Timestamp
190:19:Call -> U
190:19:Attribute -> U
190:19:Name -> U
190:34:Attribute -> U
190:34:Name -> U
192:17:Call -> U
192:17:Attribute -> U
192:17:Name -> U
193:15:Call -> U
193:15:Attribute -> U
193:15:Name -> U
193:39:Name -> U
195:11:Call -> Func:pandas.core.arrays.datetimelike._period_dispatch.new_meth
195:11:Name -> Func:typing.cast
195:21:Name -> Func:pandas.core.arrays.datetimelike._period_dispatch.new_meth
198:29:Name -> Class:pandas.core.arraylike.OpsMixin
198:39:Name -> Class:pandas.core.arrays._mixins.NDArrayBackedExtensionArray
206:26:Name -> Class:_collections_abc.Callable
206:36:Name -> Class:.Union
206:47:Name -> Class:builtins.bool
207:25:Name -> Class:builtins.tuple
207:31:Name -> Class:builtins.type
208:14:Attribute -> Class:.ndarray
208:14:Name -> U
210:5:Name -> Class:builtins.property
211:30:Name -> Class:builtins.bool
215:27:Name -> Class:.Union
215:65:Name -> Class:builtins.bool
217:14:Call -> ExcInst:pandas.errors.AbstractMethodError
217:14:Name -> Class:pandas.errors.AbstractMethodError
217:34:Name -> Inst:pandas.core.arrays.datetimelike.DatetimeLikeArrayMixin
219:5:Name -> Class:builtins.property
220:30:Name -> Class:.type
220:35:Name -> Class:.Union
228:14:Call -> ExcInst:pandas.errors.AbstractMethodError
228:14:Name -> Class:pandas.errors.AbstractMethodError
228:34:Name -> Inst:pandas.core.arrays.datetimelike.DatetimeLikeArrayMixin
230:41:Name -> Class:builtins.str
230:49:Name -> U
248:14:Call -> ExcInst:pandas.errors.AbstractMethodError
248:14:Name -> Class:pandas.errors.AbstractMethodError
248:34:Name -> Inst:pandas.core.arrays.datetimelike.DatetimeLikeArrayMixin
251:21:Name -> U
252:9:Attribute -> U
252:9:Name -> U
252:20:Attribute -> U
252:20:Name -> U
252:36:Attribute -> U
252:36:Name -> U
271:14:Call -> ExcInst:pandas.errors.AbstractMethodError
271:14:Name -> Class:pandas.errors.AbstractMethodError
271:34:Name -> Inst:pandas.core.arrays.datetimelike.DatetimeLikeArrayMixin
273:44:Name -> U
291:14:Call -> ExcInst:pandas.errors.AbstractMethodError
291:14:Name -> Class:pandas.errors.AbstractMethodError
291:34:Name -> Inst:pandas.core.arrays.datetimelike.DatetimeLikeArrayMixin
299:14:Call -> ExcInst:pandas.errors.AbstractMethodError
299:14:Name -> Class:pandas.errors.AbstractMethodError
299:34:Name -> Inst:pandas.core.arrays.datetimelike.DatetimeLikeArrayMixin
301:37:Attribute -> Class:.ndarray
301:37:Name -> U
305:15:Call -> Const:NoneType:None | Const:NoneType:None
305:15:Attribute -> Func:pandas._libs.lib.map_infer | Func:pandas._libs.lib.map_infer
305:15:Name -> Module:pandas._libs.lib
305:29:Name -> U
305:37:Attribute -> BM:pandas.core.arrays.datetimelike.DatetimeLikeArrayMixin._box_func
305:37:Name -> Inst:pandas.core.arrays.datetimelike.DatetimeLikeArrayMixin
307:26:Name -> Class:_collections_abc.Iterator
308:11:Attribute -> Const:NoneType:None
308:11:Name -> Inst:pandas.core.arrays.datetimelike.DatetimeLikeArrayMixin
309:20:Name -> Inst:pandas.core.arrays.datetimelike.DatetimeLikeArrayMixin
309:25:Name -> U
309:37:Call -> Inst:builtins.range
309:37:Name -> Class:builtins.range
309:43:Call -> ERR
309:43:Name -> Func:builtins.len
309:47:Name -> Inst:pandas.core.arrays.datetimelike.DatetimeLikeArrayMixin
311:20:Call -> U
311:20:Attribute -> BM:pandas.core.arrays.datetimelike.DatetimeLikeArrayMixin._box_func
311:20:Name -> Inst:pandas.core.arrays.datetimelike.DatetimeLikeArrayMixin
311:35:Name -> U
311:47:Attribute -> U
311:47:Name -> Inst:pandas.core.arrays.datetimelike.DatetimeLikeArrayMixin
313:5:Name -> Class:builtins.property
314:22:Attribute -> U
314:22:Name -> U
314:34:Attribute -> U
314:34:Name -> U
324:15:Call -> ERR
324:15:Attribute -> ERR
324:15:Attribute -> ERR
324:15:Name -> Inst:pandas.core.arrays.datetimelike.DatetimeLikeArrayMixin
330:25:Name -> Class:builtins.str
330:31:Name -> Class:builtins.float
331:9:Attribute -> U
331:9:Name -> U
331:21:Attribute -> U
331:21:Name -> U
339:14:Call -> ExcInst:pandas.errors.AbstractMethodError
339:14:Name -> Class:pandas.errors.AbstractMethodError
339:34:Name -> Inst:pandas.core.arrays.datetimelike.DatetimeLikeArrayMixin
341:32:Name -> Class:builtins.bool
341:49:Name -> Class:_collections_abc.Callable
341:59:Name -> Class:builtins.object
341:68:Name -> Class:builtins.str
343:15:Attribute -> BM:builtins.str.format
349:21:Name -> U
349:50:Name -> Class:builtins.bool
350:9:Attribute -> Class:.ndarray
350:9:Name -> U
352:11:Call -> Const:bool:False | U | Const:bool:False | Const:bool:False | Const:bool:False
352:11:Name -> Func:pandas.core.dtypes.common.is_object_dtype
352:27:Name -> Const:NoneType:None | U
353:15:Name -> Const:NoneType:None | U
354:22:Call -> ExcInst:builtins.ValueError
354:22:Name -> Class:builtins.ValueError
357:19:Call -> Inst:.ndarray
357:19:Attribute -> Func:.array
357:19:Name -> U
357:28:Call -> Inst:builtins.list
357:28:Name -> Class:builtins.list
357:33:Name -> Inst:pandas.core.arrays.datetimelike.DatetimeLikeArrayMixin
357:46:Name -> Class:builtins.object
359:11:Name -> Const:NoneType:None | U
360:19:Call -> Inst:.ndarray
360:19:Attribute -> Func:.array
360:19:Name -> U
360:28:Attribute -> ERR
360:28:Name -> Inst:pandas.core.arrays.datetimelike.DatetimeLikeArrayMixin
360:49:Name -> Const:NoneType:None | U
362:17:Attribute -> ERR
362:17:Name -> Inst:pandas.core.arrays.datetimelike.DatetimeLikeArrayMixin
363:11:Attribute -> Const:bool:False
363:11:Name -> Inst:pandas.core.arrays.datetimelike.DatetimeLikeArrayMixin
364:21:Call -> U
364:21:Attribute -> U
364:21:Name -> U
365:12:Attribute -> U
365:12:Name -> U
366:15:Name -> U
368:5:Name -> Func:typing.overload
369:31:Name -> U
369:49:Name -> U
371:5:Name -> Func:typing.overload
374:13:Name -> Union
374:31:Name -> Class:builtins.tuple
375:9:Name -> Func:typing.Self
377:31:Name -> U
377:55:Name -> Func:typing.Self
377:62:Name -> U
385:17:Call -> Const:NoneType:None | Const:NoneType:None
385:17:Name -> Func:typing.cast
385:52:Call -> Const:NoneType:None | Const:NoneType:None
385:52:Attribute -> BM:pandas.core.arrays._mixins.NDArrayBackedExtensionArray.__getitem__ | BM:pandas.core.arrays.base.ExtensionArray.__getitem__
385:52:Call -> Super
385:52:Name -> Class:builtins.super
385:72:Name -> U
386:11:Call -> Const:NoneType:None
386:11:Attribute -> Func:pandas._libs.lib.is_scalar
386:11:Name -> Module:pandas._libs.lib
386:25:Name -> Const:NoneType:None | Const:NoneType:None
387:19:Name -> Const:NoneType:None | Const:NoneType:None
390:21:Call -> Const:NoneType:None | Const:NoneType:None
390:21:Name -> Func:typing.cast
390:34:Name -> Const:NoneType:None | Const:NoneType:None
391:15:Name -> Const:NoneType:None | Const:NoneType:None
398:13:Name -> Class:builtins.int
398:19:Name -> Class:_collections_abc.Sequence
398:28:Name -> Class:builtins.int
398:35:Name -> Class:_collections_abc.Sequence
398:44:Name -> Class:builtins.bool
398:52:Name -> Class:builtins.slice
399:15:Name -> Class:pandas._libs.tslibs.nattype.NaTType
399:25:Name -> Class:typing.Any
399:31:Name -> Class:_collections_abc.Sequence
399:40:Name -> Class:typing.Any
407:8:Call -> Const:bool:False | Const:bool:True | Const:bool:True
407:8:Name -> Func:pandas.core.indexers.utils.check_setitem_lengths
407:30:Name -> U
407:35:Name -> U
407:42:Name -> Inst:pandas.core.arrays.datetimelike.DatetimeLikeArrayMixin
411:8:Call -> Const:NoneType:None | Const:NoneType:None
411:8:Attribute -> BM:pandas.core.arrays._mixins.NDArrayBackedExtensionArray.__setitem__ | BM:pandas.core.arrays.base.ExtensionArray.__setitem__
411:8:Call -> Super
411:8:Name -> Class:builtins.super
411:28:Name -> U
411:33:Name -> U
413:34:Name -> Class:builtins.bool
418:16:Call -> U | Inst:pandas.core.arrays.string_.StringDtype
418:16:Name -> Func:pandas.core.dtypes.common.pandas_dtype
418:29:Name -> U
420:11:Name -> U | Inst:pandas.core.arrays.string_.StringDtype
420:20:Name -> Class:builtins.object
421:15:Attribute -> U
421:15:Attribute -> U
421:15:Name -> Inst:pandas.core.arrays.datetimelike.DatetimeLikeArrayMixin
422:23:Call -> Inst:pandas.core.arrays.datetimelike.DatetimeLikeArrayMixin
422:23:Name -> Func:typing.cast
422:45:Name -> Inst:pandas.core.arrays.datetimelike.DatetimeLikeArrayMixin
425:25:Attribute -> U
425:25:Name -> Inst:pandas.core.arrays.datetimelike.DatetimeLikeArrayMixin
426:28:Call -> Const:NoneType:None
426:28:Name -> Func:pandas._libs.tslibs.vectorized.ints_to_pydatetime
427:20:Name -> U
428:23:Attribute -> ERR
428:23:Name -> Inst:pandas.core.arrays.datetimelike.DatetimeLikeArrayMixin
430:25:Attribute -> ERR
430:25:Name -> Inst:pandas.core.arrays.datetimelike.DatetimeLikeArrayMixin
432:23:Name -> Const:NoneType:None
434:17:Attribute -> U
434:17:Attribute -> U
434:17:Name -> Inst:pandas.core.arrays.datetimelike.DatetimeLikeArrayMixin
435:23:Call -> Const:NoneType:None
435:23:Name -> Func:pandas._libs.tslibs.timedeltas.ints_to_pytimedelta
435:43:Attribute -> ERR
435:43:Name -> Inst:pandas.core.arrays.datetimelike.DatetimeLikeArrayMixin
437:19:Call -> ERR
437:19:Attribute -> ERR
437:19:Call -> Const:NoneType:None | Const:NoneType:None
437:19:Attribute -> BM:pandas.core.arrays.datetimelike.DatetimeLikeArrayMixin._box_values
437:19:Name -> Inst:pandas.core.arrays.datetimelike.DatetimeLikeArrayMixin
437:36:Call -> U
437:36:Attribute -> U
437:36:Attribute -> U
437:36:Name -> Inst:pandas.core.arrays.datetimelike.DatetimeLikeArrayMixin
437:63:Attribute -> Const:NoneType:None
437:63:Name -> Inst:pandas.core.arrays.datetimelike.DatetimeLikeArrayMixin
439:13:Call -> U | Const:bool:False | Const:bool:False | Const:bool:True
439:13:Name -> Func:pandas.core.dtypes.common.is_string_dtype
439:29:Name -> U | Inst:pandas.core.arrays.string_.StringDtype
440:15:Call -> ERR
440:15:Name -> Func:builtins.isinstance
440:26:Name -> U | Inst:pandas.core.arrays.string_.StringDtype
440:33:Name -> Class:pandas.core.dtypes.base.ExtensionDtype
441:29:Call -> U
441:29:Attribute -> BM:pandas.core.arrays.datetimelike.DatetimeLikeArrayMixin._format_native_types
441:29:Name -> Inst:pandas.core.arrays.datetimelike.DatetimeLikeArrayMixin
441:62:Attribute -> U
441:62:Name -> U | Inst:pandas.core.arrays.string_.StringDtype
442:22:Call -> U | Class:pandas.core.arrays.string_.StringArray | Class:pandas.core.arrays.string_arrow.ArrowStringArray
442:22:Attribute -> U | BM:pandas.core.arrays.string_.StringDtype.construct_array_type
442:22:Name -> U | Inst:pandas.core.arrays.string_.StringDtype
443:23:Call -> U | Inst:pandas.core.arrays.string_.StringArray
443:23:Attribute -> U | BM:pandas.core.arrays.string_.StringArray._from_sequence
443:23:Name -> U | Class:pandas.core.arrays.string_.StringArray | Class:pandas.core.arrays.string_arrow.ArrowStringArray
443:42:Name -> U
443:60:Name -> U | Inst:pandas.core.arrays.string_.StringDtype
445:23:Call -> U
445:23:Attribute -> BM:pandas.core.arrays.datetimelike.DatetimeLikeArrayMixin._format_native_types
445:23:Name -> Inst:pandas.core.arrays.datetimelike.DatetimeLikeArrayMixin
447:13:Call -> ERR
447:13:Name -> Func:builtins.isinstance
447:24:Name -> U | Inst:pandas.core.arrays.string_.StringDtype
447:31:Name -> Class:pandas.core.dtypes.base.ExtensionDtype
448:19:Call -> Const:NoneType:None
448:19:Attribute -> BM:pandas.core.arrays.base.ExtensionArray.astype
448:19:Call -> Super
448:19:Name -> Class:builtins.super
448:34:Name -> U | Inst:pandas.core.arrays.string_.StringDtype
448:46:Name -> Const:bool:True | U
449:13:Attribute -> U | Const:str:'O'
449:13:Name -> U | Inst:pandas.core.arrays.string_.StringDtype
452:21:Attribute -> U
452:21:Name -> Inst:pandas.core.arrays.datetimelike.DatetimeLikeArrayMixin
453:15:Name -> U | Inst:pandas.core.arrays.string_.StringDtype
453:24:Attribute -> U
453:24:Name -> U
454:22:Call -> ExcInst:builtins.TypeError
454:22:Name -> Class:builtins.TypeError
455:39:Attribute -> U
455:39:Name -> Inst:pandas.core.arrays.datetimelike.DatetimeLikeArrayMixin
455:55:Name -> U | Inst:pandas.core.arrays.string_.StringDtype
459:15:Name -> Const:bool:True | U
460:25:Call -> U
460:25:Attribute -> U
460:25:Name -> U
461:19:Name -> U
462:14:Attribute -> U | Const:str:'O'
462:14:Name -> U | Inst:pandas.core.arrays.string_.StringDtype
462:37:Attribute -> U
462:37:Name -> Inst:pandas.core.arrays.datetimelike.DatetimeLikeArrayMixin
462:51:Name -> U | Inst:pandas.core.arrays.string_.StringDtype
462:61:Attribute -> U | Const:str:'O'
462:61:Name -> U | Inst:pandas.core.arrays.string_.StringDtype
465:33:Attribute -> Const:str:'DatetimeLikeArrayMixin'
465:33:Call -> Class:pandas.core.arrays.datetimelike.DatetimeLikeArrayMixin
465:33:Name -> Class:builtins.type
465:38:Name -> Inst:pandas.core.arrays.datetimelike.DatetimeLikeArrayMixin
465:64:Name -> U | Inst:pandas.core.arrays.string_.StringDtype
466:18:Call -> ExcInst:builtins.TypeError
466:18:Name -> Class:builtins.TypeError
466:28:Name -> Const:str:'Cannot cast DatetimeLikeArrayMixin to d | Const:str:'Cannot cast DatetimeLikeArrayMixin to d
468:19:Call -> U
468:19:Attribute -> U
468:19:Name -> U
468:30:Name -> Inst:pandas.core.arrays.datetimelike.DatetimeLikeArrayMixin
468:42:Name -> U | Inst:pandas.core.arrays.string_.StringDtype
470:5:Name -> Func:typing.overload
471:22:Name -> Func:typing.Self
473:5:Name -> Func:typing.overload
474:26:Name -> Func:typing.Literal
474:48:Name -> Class:pandas.core.arrays.datetimes.DatetimeArray
476:5:Name -> Func:typing.overload
477:26:Name -> Func:typing.Literal
477:48:Name -> Class:pandas.core.arrays.timedeltas.TimedeltaArray
479:5:Name -> Func:typing.overload
480:26:Name -> Class:.Union
480:49:Name -> Class:.Union
482:26:Name -> Class:.Union
482:50:Name -> Class:.Union
485:15:Call -> Const:NoneType:None | Const:NoneType:None
485:15:Attribute -> BM:pandas.core.arrays._mixins.NDArrayBackedExtensionArray.view | BM:pandas.core.arrays.base.ExtensionArray.view
485:15:Call -> Super
485:15:Name -> Class:builtins.super
485:28:Name -> Const:NoneType:None | U
492:11:Call -> ERR
492:11:Name -> Func:builtins.isinstance
492:22:Name -> U
492:29:Name -> Class:builtins.str
495:24:Call -> U
495:24:Attribute -> BM:pandas.core.arrays.datetimelike.DatetimeLikeArrayMixin._scalar_from_string
495:24:Name -> Inst:pandas.core.arrays.datetimelike.DatetimeLikeArrayMixin
495:49:Name -> U
496:20:Name -> Class:builtins.ValueError
496:32:Name -> Class:pandas._libs.tslibs.period.IncompatibleFrequency
498:22:Call -> ExcInst:pandas.errors.InvalidComparison
498:22:Name -> Class:pandas.errors.InvalidComparison
498:40:Name -> U
498:52:Name -> ExcInst:builtins.ValueError | ExcInst:pandas._libs.tslibs.period.IncompatibleFrequency
500:11:Call -> ERR
500:11:Name -> Func:builtins.isinstance
500:22:Name -> U
500:29:Attribute -> ERR
500:29:Name -> Inst:pandas.core.arrays.datetimelike.DatetimeLikeArrayMixin
500:58:Name -> U
500:67:Name -> U
504:20:Call -> U
504:20:Attribute -> U
504:20:Name -> Inst:pandas.core.arrays.datetimelike.DatetimeLikeArrayMixin
504:38:Name -> U
506:16:Call -> U
506:16:Attribute -> BM:pandas.core.arrays.datetimelike.DatetimeLikeArrayMixin._check_compatible_with
506:16:Name -> Inst:pandas.core.arrays.datetimelike.DatetimeLikeArrayMixin
506:44:Name -> U
507:19:Name -> Class:builtins.TypeError
509:22:Call -> ExcInst:pandas.errors.InvalidComparison
509:22:Name -> Class:pandas.errors.InvalidComparison
509:40:Name -> U
509:52:Name -> ExcInst:builtins.TypeError
511:17:Call -> Const:NoneType:None
511:17:Name -> Func:pandas._libs.lib.is_list_like
511:30:Name -> U
512:18:Call -> ExcInst:pandas.errors.InvalidComparison
512:18:Name -> Class:pandas.errors.InvalidComparison
512:36:Name -> U
514:13:Call -> ERR
514:13:Name -> Func:builtins.len
514:17:Name -> U
514:27:Call -> ERR
514:27:Name -> Func:builtins.len
514:31:Name -> Inst:pandas.core.arrays.datetimelike.DatetimeLikeArrayMixin
515:18:Call -> ExcInst:builtins.ValueError
515:18:Name -> Class:builtins.ValueError
519:24:Call -> U
519:24:Attribute -> BM:pandas.core.arrays.datetimelike.DatetimeLikeArrayMixin._validate_listlike
519:24:Name -> Inst:pandas.core.arrays.datetimelike.DatetimeLikeArrayMixin
519:48:Name -> U
520:16:Call -> U
520:16:Attribute -> BM:pandas.core.arrays.datetimelike.DatetimeLikeArrayMixin._check_compatible_with
520:16:Name -> Inst:pandas.core.arrays.datetimelike.DatetimeLikeArrayMixin
520:44:Name -> U
521:19:Name -> Class:builtins.TypeError
522:19:Call -> Const:bool:False | U | Const:bool:False | Const:bool:False | Const:bool:False
522:19:Name -> Func:pandas.core.dtypes.common.is_object_dtype
522:35:Call -> U
522:35:Name -> Func:builtins.getattr
522:43:Name -> U
526:26:Call -> ExcInst:pandas.errors.InvalidComparison
526:26:Name -> Class:pandas.errors.InvalidComparison
526:44:Name -> U
526:56:Name -> ExcInst:builtins.TypeError
528:15:Name -> U
534:24:Name -> Class:builtins.bool
535:15:Name -> Class:builtins.bool
554:11:Call -> ERR
554:11:Name -> Func:builtins.isinstance
554:22:Name -> U
554:29:Attribute -> U
554:29:Name -> Inst:pandas.core.arrays.datetimelike.DatetimeLikeArrayMixin
557:13:Call -> ERR
557:13:Name -> Func:builtins.isinstance
557:24:Name -> U
557:31:Name -> Class:builtins.str
560:24:Call -> U
560:24:Attribute -> BM:pandas.core.arrays.datetimelike.DatetimeLikeArrayMixin._scalar_from_string
560:24:Name -> Inst:pandas.core.arrays.datetimelike.DatetimeLikeArrayMixin
560:49:Name -> U
561:19:Name -> Class:builtins.ValueError
562:22:Call -> Const:str:"value should be a 'Uninferable', 'NaT', | Const:str:"value should be a 'Uninferable', 'NaT', | Const:str:"value should be a 'Uninferable' or 'NaT | Const:str:"value should be a 'Uninferable' or 'NaT
562:22:Attribute -> BM:pandas.core.arrays.datetimelike.DatetimeLikeArrayMixin._validation_error_message
562:22:Name -> Inst:pandas.core.arrays.datetimelike.DatetimeLikeArrayMixin
562:53:Name -> U
562:60:Name -> Const:bool:False | U
563:22:Call -> ExcInst:builtins.TypeError
563:22:Name -> Class:builtins.TypeError
563:32:Name -> Const:str:"value should be a 'Uninferable', 'NaT', | Const:str:"value should be a 'Uninferable', 'NaT', | Const:str:"value should be a 'Uninferable' or 'NaT | Const:str:"value should be a 'Uninferable' or 'NaT
563:42:Name -> ExcInst:builtins.ValueError
565:13:Call -> Const:bool:False | U | Const:bool:True
565:13:Name -> Func:pandas.core.dtypes.missing.is_valid_na_for_dtype
565:35:Name -> U
565:42:Attribute -> U
565:42:Name -> Inst:pandas.core.arrays.datetimelike.DatetimeLikeArrayMixin
567:20:Name -> U
569:13:Call -> Const:NoneType:None | Const:NoneType:None | Const:NoneType:None | Const:NoneType:None | Const:NoneType:None | Const:NoneType:None | Const:bool:False | U | Inst:.ndarray | Inst:.ndarray | Const:NoneType:None | Const:NoneType:None
569:13:Name -> Func:pandas.core.dtypes.missing.isna | Func:pandas.core.dtypes.missing.isna | Func:pandas.core.dtypes.missing.isna | Func:pandas.core.dtypes.missing.isna | Func:pandas.core.dtypes.missing.isna | Func:pandas.core.dtypes.missing.isna
569:18:Name -> U
572:18:Call -> Const:str:"value should be a 'Uninferable', 'NaT', | Const:str:"value should be a 'Uninferable', 'NaT', | Const:str:"value should be a 'Uninferable' or 'NaT | Const:str:"value should be a 'Uninferable' or 'NaT
572:18:Attribute -> BM:pandas.core.arrays.datetimelike.DatetimeLikeArrayMixin._validation_error_message
572:18:Name -> Inst:pandas.core.arrays.datetimelike.DatetimeLikeArrayMixin
572:49:Name -> U
572:56:Name -> Const:bool:False | U
573:18:Call -> ExcInst:builtins.TypeError
573:18:Name -> Class:builtins.TypeError
573:28:Name -> Const:str:"value should be a 'Uninferable', 'NaT', | Const:str:"value should be a 'Uninferable', 'NaT', | Const:str:"value should be a 'Uninferable' or 'NaT | Const:str:"value should be a 'Uninferable' or 'NaT
575:13:Call -> ERR
575:13:Name -> Func:builtins.isinstance
575:24:Name -> U
575:31:Attribute -> ERR
575:31:Name -> Inst:pandas.core.arrays.datetimelike.DatetimeLikeArrayMixin
578:20:Call -> U
578:20:Attribute -> U
578:20:Name -> Inst:pandas.core.arrays.datetimelike.DatetimeLikeArrayMixin
578:38:Name -> U
581:18:Call -> Const:str:"value should be a 'Uninferable', 'NaT', | Const:str:"value should be a 'Uninferable', 'NaT', | Const:str:"value should be a 'Uninferable' or 'NaT | Const:str:"value should be a 'Uninferable' or 'NaT
581:18:Attribute -> BM:pandas.core.arrays.datetimelike.DatetimeLikeArrayMixin._validation_error_message
581:18:Name -> Inst:pandas.core.arrays.datetimelike.DatetimeLikeArrayMixin
581:49:Name -> U
581:56:Name -> Const:bool:False | U
582:18:Call -> ExcInst:builtins.TypeError
582:18:Name -> Class:builtins.TypeError
582:28:Name -> Const:str:"value should be a 'Uninferable', 'NaT', | Const:str:"value should be a 'Uninferable', 'NaT', | Const:str:"value should be a 'Uninferable' or 'NaT | Const:str:"value should be a 'Uninferable' or 'NaT
584:15:Name -> Const:bool:True | U
588:19:Name -> U
589:15:Call -> U
589:15:Attribute -> BM:pandas.core.arrays.datetimelike.DatetimeLikeArrayMixin._unbox_scalar
589:15:Name -> Inst:pandas.core.arrays.datetimelike.DatetimeLikeArrayMixin
589:34:Name -> U
591:63:Name -> Class:builtins.bool
591:80:Name -> Class:builtins.str
606:11:Call -> U
606:11:Name -> Func:builtins.hasattr
606:19:Name -> U
606:39:Call -> U
606:39:Name -> Func:builtins.getattr
606:47:Name -> U
607:25:Attribute -> U
607:25:Name -> U
609:26:Attribute -> U
609:26:Call -> U
609:26:Name -> Class:builtins.type
609:31:Name -> U
610:11:Name -> Const:bool:False | U
612:38:Attribute -> U
612:38:Attribute -> U
612:38:Name -> Inst:pandas.core.arrays.datetimelike.DatetimeLikeArrayMixin
613:42:Name -> Const:str:'Uninferable array' | Const:str:"'Uninferable'"
617:38:Attribute -> U
617:38:Attribute -> U
617:38:Name -> Inst:pandas.core.arrays.datetimelike.DatetimeLikeArrayMixin
618:23:Name -> Const:str:'Uninferable array' | Const:str:"'Uninferable'"
620:15:Name -> Const:str:"value should be a 'Uninferable', 'NaT', | Const:str:"value should be a 'Uninferable', 'NaT', | Const:str:"value should be a 'Uninferable' or 'NaT | Const:str:"value should be a 'Uninferable' or 'NaT
622:54:Name -> Class:builtins.bool
623:11:Call -> ERR
623:11:Name -> Func:builtins.isinstance
623:22:Name -> U
623:29:Call -> Class:pandas.core.arrays.datetimelike.DatetimeLikeArrayMixin
623:29:Name -> Class:builtins.type
623:34:Name -> Inst:pandas.core.arrays.datetimelike.DatetimeLikeArrayMixin
624:15:Attribute -> U
624:15:Attribute -> U
624:15:Name -> Inst:pandas.core.arrays.datetimelike.DatetimeLikeArrayMixin
624:47:Name -> Const:bool:False | U
624:64:Attribute -> ERR
624:64:Name -> Inst:pandas.core.arrays.datetimelike.DatetimeLikeArrayMixin
624:77:Attribute -> U
624:77:Name -> U
626:24:Call -> U
626:24:Attribute -> U
626:24:Name -> U
626:38:Attribute -> ERR
626:38:Name -> Inst:pandas.core.arrays.datetimelike.DatetimeLikeArrayMixin
627:19:Name -> U
629:11:Call -> ERR
629:11:Name -> Func:builtins.isinstance
629:22:Name -> U
629:29:Name -> Class:builtins.list
629:39:Call -> ERR
629:39:Name -> Func:builtins.len
629:43:Name -> U
631:19:Call -> U
631:19:Attribute -> BM:pandas.core.arrays.base.ExtensionArray._from_sequence
631:19:Call -> Class:pandas.core.arrays.datetimelike.DatetimeLikeArrayMixin
631:19:Name -> Class:builtins.type
631:24:Name -> Inst:pandas.core.arrays.datetimelike.DatetimeLikeArrayMixin
631:55:Attribute -> U
631:55:Name -> Inst:pandas.core.arrays.datetimelike.DatetimeLikeArrayMixin
633:11:Call -> U
633:11:Name -> Func:builtins.hasattr
633:19:Name -> U
633:39:Attribute -> U
633:39:Name -> U
633:54:Name -> Class:builtins.object
636:18:Call -> U
636:18:Attribute -> U
636:18:Name -> U
636:29:Name -> U
637:34:Attribute -> U
637:34:Name -> U
637:19:Call -> U
637:19:Attribute -> U
637:19:Name -> U
637:53:Name -> U
638:24:Call -> Const:NoneType:None | Const:NoneType:None | Const:NoneType:None
638:24:Attribute -> Func:pandas._libs.lib.maybe_convert_objects | Func:pandas._libs.lib.maybe_convert_objects | Func:pandas._libs.lib.maybe_convert_objects
638:24:Name -> Module:pandas._libs.lib
639:16:Name -> U
639:65:Attribute -> U
639:65:Name -> Inst:pandas.core.arrays.datetimelike.DatetimeLikeArrayMixin
641:24:Call -> U
641:24:Name -> Func:pandas.core.construction.ensure_wrapped_if_datetimelike
641:55:Name -> Const:NoneType:None | Const:NoneType:None | Const:NoneType:None
642:15:Call -> ERR
642:15:Name -> Func:builtins.isinstance
642:26:Name -> U
642:37:Call -> Class:pandas.core.arrays.datetimelike.DatetimeLikeArrayMixin
642:37:Name -> Class:builtins.type
642:42:Name -> Inst:pandas.core.arrays.datetimelike.DatetimeLikeArrayMixin
644:20:Attribute -> U
644:20:Attribute -> U
644:20:Name -> Inst:pandas.core.arrays.datetimelike.DatetimeLikeArrayMixin
645:28:Name -> Const:bool:False | U
646:24:Attribute -> ERR
646:24:Name -> Inst:pandas.core.arrays.datetimelike.DatetimeLikeArrayMixin
646:37:Attribute -> U
646:37:Name -> U
648:32:Call -> U
648:32:Attribute -> U
648:32:Name -> U
648:50:Attribute -> ERR
648:50:Name -> Inst:pandas.core.arrays.datetimelike.DatetimeLikeArrayMixin
649:19:Attribute -> U
649:19:Name -> U
650:32:Call -> U
650:32:Attribute -> U
650:32:Name -> U
650:50:Attribute -> U
650:50:Name -> U
651:23:Name -> U
652:17:Attribute -> U
652:17:Attribute -> U
652:17:Name -> Inst:pandas.core.arrays.datetimelike.DatetimeLikeArrayMixin
652:44:Call -> Const:NoneType:None
652:44:Attribute -> Func:pandas._libs.lib.infer_dtype
652:44:Name -> Module:pandas._libs.lib
652:60:Name -> U
654:16:Call -> Const:NoneType:None
654:16:Attribute -> Func:warnings.warn | Func:_warnings.warn
654:16:Name -> Module:warnings
660:20:Name -> Class:pandas.errors.Pandas4Warning
661:31:Call -> Const:int:0 | Const:int:1
661:31:Name -> Func:pandas.util._exceptions.find_stack_level
663:24:Call -> U
663:24:Attribute -> BM:pandas.core.arrays.base.ExtensionArray._from_sequence
663:24:Call -> Class:pandas.core.arrays.datetimelike.DatetimeLikeArrayMixin
663:24:Name -> Class:builtins.type
663:29:Name -> Inst:pandas.core.arrays.datetimelike.DatetimeLikeArrayMixin
663:50:Name -> U
665:11:Call -> ERR
665:11:Name -> Func:builtins.isinstance
665:22:Name -> U
665:29:Name -> Class:builtins.list
666:20:Call -> U
666:20:Name -> Func:pandas.core.dtypes.cast.construct_1d_object_array_from_listlike
666:60:Name -> U
667:11:Call -> ERR
667:11:Name -> Func:builtins.isinstance
667:22:Name -> U
667:29:Attribute -> Class:.ndarray
667:29:Name -> U
667:45:Attribute -> U
667:45:Name -> U
667:60:Name -> Class:builtins.object
670:20:Call -> Const:NoneType:None | Const:NoneType:None | Const:NoneType:None
670:20:Attribute -> Func:pandas._libs.lib.maybe_convert_objects | Func:pandas._libs.lib.maybe_convert_objects | Func:pandas._libs.lib.maybe_convert_objects
670:20:Name -> Module:pandas._libs.lib
671:16:Name -> U
671:66:Attribute -> U
671:66:Name -> Inst:pandas.core.arrays.datetimelike.DatetimeLikeArrayMixin
676:16:Call -> Const:NoneType:None | Const:NoneType:None | U | Const:NoneType:None | Const:NoneType:None | Const:NoneType:None
676:16:Name -> Func:pandas.core.construction.extract_array | Func:pandas.core.construction.extract_array | Func:pandas.core.construction.extract_array
676:30:Name -> U | Const:NoneType:None | Const:NoneType:None | Const:NoneType:None
677:16:Call -> U
677:16:Name -> Func:pandas.core.construction.array
677:25:Name -> Const:NoneType:None | Const:NoneType:None | U | Const:NoneType:None | Const:NoneType:None | Const:NoneType:None
678:16:Call -> Const:NoneType:None | Const:NoneType:None | U
678:16:Name -> Func:pandas.core.construction.extract_array | Func:pandas.core.construction.extract_array | Func:pandas.core.construction.extract_array
678:30:Name -> U
680:11:Call -> U
680:11:Name -> Func:pandas.core.dtypes.common.is_all_strings
680:26:Name -> Const:NoneType:None | Const:NoneType:None | U
685:24:Call -> U
685:24:Attribute -> BM:pandas.core.arrays.base.ExtensionArray._from_sequence
685:24:Call -> Class:pandas.core.arrays.datetimelike.DatetimeLikeArrayMixin
685:24:Name -> Class:builtins.type
685:29:Name -> Inst:pandas.core.arrays.datetimelike.DatetimeLikeArrayMixin
685:50:Name -> U | Const:NoneType:None | Const:NoneType:None | Const:NoneType:None | Const:NoneType:None | Const:NoneType:None
685:63:Attribute -> U
685:63:Name -> Inst:pandas.core.arrays.datetimelike.DatetimeLikeArrayMixin
686:19:Name -> Class:builtins.ValueError
689:11:Call -> ERR
689:11:Name -> Func:builtins.isinstance
689:22:Attribute -> U
689:22:Name -> Const:NoneType:None | Const:NoneType:None | U
689:35:Name -> Class:pandas.core.dtypes.dtypes.CategoricalDtype
691:15:Attribute -> U
691:15:Attribute -> U
691:15:Name -> U | Const:NoneType:None | Const:NoneType:None | Const:NoneType:None | Const:NoneType:None | Const:NoneType:None
691:41:Attribute -> U
691:41:Name -> Inst:pandas.core.arrays.datetimelike.DatetimeLikeArrayMixin
693:24:Call -> U
693:24:Attribute -> U
693:24:Name -> U | Const:NoneType:None | Const:NoneType:None | Const:NoneType:None | Const:NoneType:None | Const:NoneType:None
694:24:Call -> Const:NoneType:None | Const:NoneType:None | U
694:24:Name -> Func:pandas.core.construction.extract_array | Func:pandas.core.construction.extract_array | Func:pandas.core.construction.extract_array
694:38:Name -> U
696:11:Name -> Const:bool:False | U
696:28:Call -> Const:bool:False | U | Const:bool:False | Const:bool:False | Const:bool:False
696:28:Name -> Func:pandas.core.dtypes.common.is_object_dtype
696:44:Attribute -> U
696:44:Name -> Const:NoneType:None | Const:NoneType:None | U | Const:NoneType:None | Const:NoneType:None
699:17:Call -> ERR
699:17:Attribute -> ERR
699:17:Call -> Class:pandas.core.arrays.datetimelike.DatetimeLikeArrayMixin
699:17:Name -> Class:builtins.type
699:22:Name -> Inst:pandas.core.arrays.datetimelike.DatetimeLikeArrayMixin
699:49:Attribute -> U
699:49:Name -> U | Const:NoneType:None | Const:NoneType:None | Const:NoneType:None | Const:NoneType:None | Const:NoneType:None | Const:NoneType:None | Const:NoneType:None
700:18:Call -> U
700:18:Attribute -> BM:pandas.core.arrays.datetimelike.DatetimeLikeArrayMixin._validation_error_message
700:18:Name -> Inst:pandas.core.arrays.datetimelike.DatetimeLikeArrayMixin
700:49:Name -> U | Const:NoneType:None | Const:NoneType:None | Const:NoneType:None | Const:NoneType:None | Const:NoneType:None | Const:NoneType:None | Const:NoneType:None
701:18:Call -> ExcInst:builtins.TypeError
701:18:Name -> Class:builtins.TypeError
701:28:Name -> U
703:11:Attribute -> U
703:11:Attribute -> U
703:11:Name -> Inst:pandas.core.arrays.datetimelike.DatetimeLikeArrayMixin
703:43:Name -> Const:bool:False | U
705:20:Call -> U
705:20:Attribute -> U
705:20:Name -> U | Const:NoneType:None | Const:NoneType:None | Const:NoneType:None | Const:NoneType:None | Const:NoneType:None | Const:NoneType:None | Const:NoneType:None
705:34:Attribute -> ERR
705:34:Name -> Inst:pandas.core.arrays.datetimelike.DatetimeLikeArrayMixin
706:15:Name -> Const:NoneType:None | Const:NoneType:None | U | Const:NoneType:None | Const:NoneType:None
709:11:Call -> Const:NoneType:None
709:11:Name -> Func:pandas._libs.lib.is_list_like
709:24:Name -> U
710:20:Call -> U
710:20:Attribute -> BM:pandas.core.arrays.datetimelike.DatetimeLikeArrayMixin._validate_listlike
710:20:Name -> Inst:pandas.core.arrays.datetimelike.DatetimeLikeArrayMixin
710:44:Name -> U
712:19:Call -> U
712:19:Attribute -> BM:pandas.core.arrays.datetimelike.DatetimeLikeArrayMixin._validate_scalar
712:19:Name -> Inst:pandas.core.arrays.datetimelike.DatetimeLikeArrayMixin
712:41:Name -> U
714:15:Call -> U
714:15:Attribute -> BM:pandas.core.arrays.datetimelike.DatetimeLikeArrayMixin._unbox
714:15:Name -> Inst:pandas.core.arrays.datetimelike.DatetimeLikeArrayMixin
714:27:Name -> U
716:5:Name -> Func:typing.final
717:31:Attribute -> U
717:31:Name -> U
717:42:Attribute -> U
717:42:Name -> U
717:58:Attribute -> U
717:58:Name -> U
717:75:Attribute -> Class:.ndarray
717:75:Name -> U
721:11:Call -> Const:NoneType:None
721:11:Attribute -> Func:pandas._libs.lib.is_scalar
721:11:Name -> Module:pandas._libs.lib
721:25:Name -> U
722:20:Call -> U
722:20:Attribute -> BM:pandas.core.arrays.datetimelike.DatetimeLikeArrayMixin._unbox_scalar
722:20:Name -> Inst:pandas.core.arrays.datetimelike.DatetimeLikeArrayMixin
722:39:Name -> U
725:12:Call -> U
725:12:Attribute -> BM:pandas.core.arrays.datetimelike.DatetimeLikeArrayMixin._check_compatible_with
725:12:Name -> Inst:pandas.core.arrays.datetimelike.DatetimeLikeArrayMixin
725:40:Name -> U
726:20:Attribute -> U
726:20:Name -> U
727:15:Name -> U
729:35:Name -> Class:builtins.int
729:60:Name -> Class:builtins.bool
729:76:Name -> Func:typing.Self
731:11:Call -> Const:NoneType:None
731:11:Attribute -> Func:pandas._libs.lib.is_scalar
731:11:Name -> Module:pandas._libs.lib
731:25:Name -> U
732:19:Attribute -> U
732:19:Name -> Inst:pandas.core.arrays.datetimelike.DatetimeLikeArrayMixin
733:38:Name -> Const:bool:True | U
733:23:Call -> Const:NoneType:None
733:23:Attribute -> BM:pandas._libs.arrays.NDArrayBacked.copy
733:23:Name -> Inst:pandas.core.arrays.datetimelike.DatetimeLikeArrayMixin
733:48:Name -> Inst:pandas.core.arrays.datetimelike.DatetimeLikeArrayMixin
735:28:Call -> U
735:28:Attribute -> BM:pandas.core.arrays.datetimelike.DatetimeLikeArrayMixin._validate_setitem_value
735:28:Name -> Inst:pandas.core.arrays.datetimelike.DatetimeLikeArrayMixin
735:57:Name -> U
736:20:Name -> Class:builtins.ValueError
736:32:Name -> Class:builtins.TypeError
739:19:Name -> Const:bool:True | U
740:34:Call -> ERR
740:34:Attribute -> ERR
740:34:Attribute -> ERR
740:34:Name -> Inst:pandas.core.arrays.datetimelike.DatetimeLikeArrayMixin
742:23:Attribute -> Const:bool:False
742:23:Name -> Inst:pandas.core.arrays.datetimelike.DatetimeLikeArrayMixin
743:30:Call -> ExcInst:builtins.ValueError
743:30:Name -> Class:builtins.ValueError
744:34:Attribute -> ERR
744:34:Name -> Inst:pandas.core.arrays.datetimelike.DatetimeLikeArrayMixin
746:25:Call -> U
746:25:Attribute -> U
746:25:Name -> U
747:26:Call -> Inst:.ndarray
747:26:Attribute -> BM:.ndarray.view
747:26:Call -> Inst:.ndarray
747:26:Attribute -> Func:.array
747:26:Name -> U
747:35:Name -> U
747:52:Attribute -> U
747:52:Name -> U
748:16:Call -> Const:NoneType:None
748:16:Attribute -> Func:pandas._libs.algos.scalar_fillna_inplace
748:16:Name -> Module:pandas._libs.algos
749:20:Name -> U
749:28:Name -> U
749:65:Name -> Const:NoneType:None | U
752:23:Call -> Const:NoneType:None
752:23:Attribute -> BM:pandas._libs.arrays.NDArrayBacked._simple_new
752:23:Call -> Class:pandas.core.arrays.datetimelike.DatetimeLikeArrayMixin
752:23:Name -> Class:builtins.type
752:28:Name -> Inst:pandas.core.arrays.datetimelike.DatetimeLikeArrayMixin
752:46:Name -> U
752:65:Attribute -> U
752:65:Name -> Inst:pandas.core.arrays.datetimelike.DatetimeLikeArrayMixin
754:15:Call -> U
754:15:Attribute -> BM:pandas.core.arrays._mixins.NDArrayBackedExtensionArray.fillna | BM:pandas.core.arrays.base.ExtensionArray.fillna
754:15:Call -> Super
754:15:Name -> Class:builtins.super
754:30:Name -> U
754:43:Name -> Const:NoneType:None | U
754:55:Name -> Const:bool:True | U
761:5:Name -> Func:pandas.core.arrays._mixins.ravel_compat
762:37:Name -> Func:typing.Literal
765:17:Call -> Const:NoneType:None | Const:NoneType:None | U
765:17:Name -> Func:pandas.core.algorithms.map_array
765:27:Name -> Inst:pandas.core.arrays.datetimelike.DatetimeLikeArrayMixin
765:33:Name -> U
765:51:Name -> Const:NoneType:None | U
766:17:Call -> Inst:pandas.core.indexes.base.Index
766:17:Name -> Class:pandas.core.indexes.base.Index
766:23:Name -> Const:NoneType:None | Const:NoneType:None | U
768:11:Call -> Const:bool:False
768:11:Name -> Func:builtins.isinstance
768:22:Name -> Inst:pandas.core.indexes.base.Index
768:30:Name -> Class:pandas.core.dtypes.generic.create_pandas_abc_type.ABCMultiIndex
769:19:Call -> U
769:19:Attribute -> BM:pandas.core.base.IndexOpsMixin.to_numpy
769:19:Name -> Inst:pandas.core.indexes.base.Index
771:19:Attribute -> U | Inst:pandas.core.arrays.numpy_.NumpyExtensionArray
771:19:Name -> Inst:pandas.core.indexes.base.Index
773:27:Name -> Class:.Union
773:41:Attribute -> U
773:41:Name -> U
773:53:Attribute -> U
773:53:Name -> U
786:11:Attribute -> U
786:11:Attribute -> U
786:11:Name -> U
788:19:Call -> Inst:.ndarray
788:19:Attribute -> Func:.zeros
788:19:Name -> U
788:28:Attribute -> Const:NoneType:None
788:28:Name -> Inst:pandas.core.arrays.datetimelike.DatetimeLikeArrayMixin
788:46:Name -> Class:builtins.bool
790:17:Call -> U
790:17:Name -> Func:pandas.core.construction.ensure_wrapped_if_datetimelike
790:48:Name -> U
792:15:Call -> ERR
792:15:Name -> Func:builtins.isinstance
792:26:Name -> U
792:34:Call -> Class:pandas.core.arrays.datetimelike.DatetimeLikeArrayMixin
792:34:Name -> Class:builtins.type
792:39:Name -> Inst:pandas.core.arrays.datetimelike.DatetimeLikeArrayMixin
793:15:Attribute -> U
793:15:Name -> U
793:31:Name -> Class:builtins.object
794:25:Call -> Const:NoneType:None | Const:NoneType:None | Const:NoneType:None
794:25:Attribute -> Func:pandas._libs.lib.maybe_convert_objects | Func:pandas._libs.lib.maybe_convert_objects | Func:pandas._libs.lib.maybe_convert_objects
794:25:Name -> Module:pandas._libs.lib
795:20:Name -> U
797:37:Attribute -> U
797:37:Name -> Inst:pandas.core.arrays.datetimelike.DatetimeLikeArrayMixin
799:19:Attribute -> ERR
799:19:Name -> Const:NoneType:None | Const:NoneType:None | Const:NoneType:None
799:35:Name -> Class:builtins.object
800:27:Call -> Inst:.ndarray | U
800:27:Attribute -> BM:pandas.core.arrays.datetimelike.DatetimeLikeArrayMixin.isin
800:27:Name -> Inst:pandas.core.arrays.datetimelike.DatetimeLikeArrayMixin
800:37:Name -> U
804:27:Call -> U
804:27:Name -> Func:pandas.core.algorithms.isin
804:32:Call -> Const:NoneType:None | Const:NoneType:None | U
804:32:Attribute -> BM:pandas.core.arrays.datetimelike.DatetimeLikeArrayMixin.astype
804:32:Name -> Inst:pandas.core.arrays.datetimelike.DatetimeLikeArrayMixin
804:44:Name -> Class:builtins.object
804:53:Name -> U
805:19:Call -> Inst:.ndarray
805:19:Attribute -> Func:.zeros
805:19:Name -> U
805:28:Attribute -> Const:NoneType:None
805:28:Name -> Inst:pandas.core.arrays.datetimelike.DatetimeLikeArrayMixin
805:46:Name -> Class:builtins.bool
807:11:Attribute -> U
807:11:Attribute -> U
807:11:Name -> Inst:pandas.core.arrays.datetimelike.DatetimeLikeArrayMixin
808:19:Call -> Inst:pandas.core.arrays.datetimelike.DatetimeLikeArrayMixin
808:19:Name -> Func:typing.cast
808:58:Name -> Inst:pandas.core.arrays.datetimelike.DatetimeLikeArrayMixin
811:27:Call -> ERR
811:27:Attribute -> ERR
811:27:Name -> Inst:pandas.core.arrays.datetimelike.DatetimeLikeArrayMixin
811:55:Name -> U
817:12:Call -> U
817:12:Attribute -> BM:pandas.core.arrays.datetimelike.DatetimeLikeArrayMixin._check_compatible_with | U
817:12:Name -> Inst:pandas.core.arrays.datetimelike.DatetimeLikeArrayMixin | U
817:40:Name -> U
818:16:Name -> Class:builtins.TypeError
818:27:Name -> Class:builtins.ValueError
820:19:Call -> Inst:.ndarray
820:19:Attribute -> Func:.zeros
820:19:Name -> U
820:28:Attribute -> Const:NoneType:None | U
820:28:Name -> Inst:pandas.core.arrays.datetimelike.DatetimeLikeArrayMixin | U
820:46:Name -> Class:builtins.bool
824:15:Call -> U
824:15:Name -> Func:pandas.core.algorithms.isin
824:20:Attribute -> U
824:20:Name -> Inst:pandas.core.arrays.datetimelike.DatetimeLikeArrayMixin | U
824:31:Attribute -> U
824:31:Name -> U
829:22:Attribute -> U
829:22:Name -> U
829:34:Attribute -> U
829:34:Name -> U
830:15:Attribute -> U
830:15:Name -> Inst:pandas.core.arrays.datetimelike.DatetimeLikeArrayMixin
832:5:Name -> Class:builtins.property
833:24:Attribute -> U
833:24:Name -> U
833:36:Attribute -> U
833:36:Name -> U
837:15:Attribute -> U
837:15:Name -> Inst:pandas.core.arrays.datetimelike.DatetimeLikeArrayMixin
837:28:Name -> U
839:5:Name -> Class:builtins.property
840:24:Name -> Class:builtins.bool
844:15:Call -> U
844:15:Name -> Class:builtins.bool
844:20:Call -> U
844:20:Attribute -> U
844:20:Attribute -> U
844:20:Name -> Inst:pandas.core.arrays.datetimelike.DatetimeLikeArrayMixin
847:45:Name -> U
847:22:Attribute -> Class:.ndarray
847:22:Name -> U
848:9:Attribute -> Class:.ndarray
848:9:Name -> U
865:11:Attribute -> U
865:11:Name -> Inst:pandas.core.arrays.datetimelike.DatetimeLikeArrayMixin
866:15:Name -> Const:NoneType:None | U
867:25:Call -> U
867:25:Attribute -> U
867:25:Name -> U
867:39:Name -> U
868:15:Name -> U
869:29:Attribute -> U
869:29:Name -> U
870:12:Call -> U
870:12:Attribute -> U
870:12:Name -> U
870:23:Name -> U
870:31:Attribute -> U
870:31:Name -> Inst:pandas.core.arrays.datetimelike.DatetimeLikeArrayMixin
870:44:Name -> U
871:15:Name -> U
876:5:Name -> Class:builtins.property
877:36:Name -> Class:builtins.str
881:11:Attribute -> Const:NoneType:None
881:11:Name -> Inst:pandas.core.arrays.datetimelike.DatetimeLikeArrayMixin
884:19:Call -> Const:NoneType:None | Const:str:'Instance of builtins.intW-Uninferable' | Const:str:'W-Uninferable' | Const:str:'Instance of builtins.intD' | Const:str:'D' | Const:str:'bh' | Const:NoneType:None | U
884:19:Attribute -> Func:pandas.tseries.frequencies.infer_freq_str
884:19:Name -> Module:pandas.tseries.frequencies
884:46:Name -> Inst:pandas.core.arrays.datetimelike.DatetimeLikeArrayMixin
885:15:Name -> Class:builtins.ValueError
888:5:Name -> Class:builtins.property
889:31:Name -> Class:builtins.str
889:37:Name -> Class:pandas._libs.tslibs.offsets.BaseOffset
923:17:Attribute -> Const:NoneType:None | Const:NoneType:None | Const:str:'Instance of builtins.intW-Uninferable' | Const:str:'W-Uninferable' | Const:str:'Instance of builtins.intD' | Const:str:'D' | Const:str:'bh' | Const:NoneType:None | U
923:17:Name -> Inst:pandas.core.arrays.datetimelike.DatetimeLikeArrayMixin
924:11:Name -> Const:NoneType:None | Const:NoneType:None | Const:str:'Instance of builtins.intW-Uninferable' | Const:str:'W-Uninferable' | Const:str:'Instance of builtins.intD' | Const:str:'D' | Const:str:'bh' | Const:NoneType:None | U
925:18:Call -> U
925:18:Name -> Func:pandas._config.using_infer_freq_offset
926:15:Name -> U
927:23:Call -> Const:NoneType:None | Const:NoneType:None | Const:NoneType:None
927:23:Name -> Func:pandas._libs.tslibs.offsets.to_offset | Func:pandas._libs.tslibs.offsets.to_offset | Func:pandas._libs.tslibs.offsets.to_offset
927:33:Name -> Const:str:'Instance of builtins.intW-Uninferable' | Const:str:'W-Uninferable' | Const:str:'Instance of builtins.intD' | Const:str:'D' | Const:str:'bh' | U
928:15:Name -> U
929:16:Call -> Const:NoneType:None
929:16:Attribute -> Func:warnings.warn | Func:_warnings.warn
929:16:Name -> Module:warnings
937:20:Name -> Class:pandas.errors.Pandas4Warning
938:31:Call -> Const:int:0 | Const:int:1
938:31:Name -> Func:pandas.util._exceptions.find_stack_level
940:15:Name -> Const:NoneType:None | Const:NoneType:None | Const:str:'Instance of builtins.intW-Uninferable' | Const:str:'W-Uninferable' | Const:str:'Instance of builtins.intD' | Const:str:'D' | Const:str:'bh' | Const:NoneType:None | U
945:5:Name -> Class:builtins.property
946:42:Name -> Class:builtins.bool
947:15:Call -> Const:NoneType:None
947:15:Attribute -> Func:pandas._libs.algos.is_monotonic
947:15:Name -> Module:pandas._libs.algos
947:34:Attribute -> U
947:34:Name -> Inst:pandas.core.arrays.datetimelike.DatetimeLikeArrayMixin
949:5:Name -> Class:builtins.property
950:42:Name -> Class:builtins.bool
951:15:Call -> Const:NoneType:None
951:15:Attribute -> Func:pandas._libs.algos.is_monotonic
951:15:Name -> Module:pandas._libs.algos
951:34:Attribute -> U
951:34:Name -> Inst:pandas.core.arrays.datetimelike.DatetimeLikeArrayMixin
953:5:Name -> Class:builtins.property
954:28:Name -> Class:builtins.bool
955:15:Call -> ERR
955:15:Name -> Func:builtins.len
955:19:Call -> U
955:19:Name -> Func:pandas.core.algorithms.unique
955:28:Call -> U
955:28:Attribute -> U
955:28:Attribute -> U
955:28:Name -> Inst:pandas.core.arrays.datetimelike.DatetimeLikeArrayMixin
955:54:Attribute -> Const:NoneType:None
955:54:Name -> Inst:pandas.core.arrays.datetimelike.DatetimeLikeArrayMixin
961:11:Attribute -> Const:NoneType:None
961:11:Name -> Inst:pandas.core.arrays.datetimelike.DatetimeLikeArrayMixin
961:29:Call -> U
961:29:Name -> Func:builtins.getattr
961:37:Name -> U
961:62:Attribute -> Const:NoneType:None
961:62:Name -> Inst:pandas.core.arrays.datetimelike.DatetimeLikeArrayMixin
963:19:Call -> U
963:19:Attribute -> U
963:19:Call -> U
963:19:Name -> U
963:22:Call -> Const:NoneType:None
963:22:Attribute -> BM:pandas._libs.arrays.NDArrayBacked.ravel
963:22:Name -> Inst:pandas.core.arrays.datetimelike.DatetimeLikeArrayMixin
963:36:Call -> U
963:36:Attribute -> U
963:36:Name -> U
963:59:Attribute -> Const:NoneType:None
963:59:Name -> Inst:pandas.core.arrays.datetimelike.DatetimeLikeArrayMixin
965:11:Call -> Const:NoneType:None
965:11:Name -> Func:pandas._libs.lib.is_list_like
965:24:Name -> U
966:19:Call -> ERR
966:19:Name -> Func:builtins.isinstance
967:16:Name -> U
967:24:Name -> Class:builtins.list
967:30:Attribute -> Class:.ndarray
967:30:Name -> U
967:42:Name -> Class:pandas.core.arrays.base.ExtensionArray
968:22:Call -> U
968:22:Attribute -> Func:pandas.core.ops.common.has_castable_attr
968:22:Name -> Module:pandas.core.ops
968:44:Name -> U
969:16:Call -> Const:NoneType:None
969:16:Attribute -> Func:warnings.warn | Func:_warnings.warn
969:16:Name -> Module:warnings
970:38:Attribute -> U
970:38:Call -> U
970:38:Name -> Class:builtins.type
970:43:Name -> U
974:20:Name -> Class:pandas.errors.Pandas4Warning
975:31:Call -> Const:int:0 | Const:int:1
975:31:Name -> Func:pandas.util._exceptions.find_stack_level
979:20:Call -> U
979:20:Attribute -> BM:pandas.core.arrays.datetimelike.DatetimeLikeArrayMixin._validate_comparison_value
979:20:Name -> Inst:pandas.core.arrays.datetimelike.DatetimeLikeArrayMixin
979:52:Name -> U
980:15:Name -> Class:pandas.errors.InvalidComparison
981:15:Call -> U
981:15:Name -> Func:builtins.hasattr
981:23:Name -> U
981:43:Call -> ERR
981:43:Name -> Func:builtins.isinstance
981:54:Attribute -> U
981:54:Name -> U
981:67:Name -> Class:pandas.core.dtypes.dtypes.ArrowDtype
982:23:Name -> Const:NotImplementedType:NotImplemented
983:19:Call -> Inst:.ndarray | Inst:.ndarray
983:19:Name -> Func:pandas.core.ops.invalid.invalid_comparison
983:38:Name -> Inst:pandas.core.arrays.datetimelike.DatetimeLikeArrayMixin
983:44:Name -> U
983:51:Name -> U
985:16:Call -> U
985:16:Name -> Func:builtins.getattr
985:24:Name -> U
986:11:Call -> Const:bool:False | U | Const:bool:False | Const:bool:False | Const:bool:False
986:11:Name -> Func:pandas.core.dtypes.common.is_object_dtype
986:27:Name -> U
989:21:Call -> U
989:21:Attribute -> Func:pandas.core.ops.array_ops.comp_method_OBJECT_ARRAY
989:21:Name -> Module:pandas.core.ops
990:16:Name -> U
990:20:Call -> U
990:20:Attribute -> U
990:20:Name -> U
990:31:Call -> Const:NoneType:None | Const:NoneType:None | U
990:31:Attribute -> BM:pandas.core.arrays.datetimelike.DatetimeLikeArrayMixin.astype
990:31:Name -> Inst:pandas.core.arrays.datetimelike.DatetimeLikeArrayMixin
990:43:Name -> Class:builtins.object
990:53:Name -> U
992:19:Name -> U
993:11:Name -> U
993:20:Name -> U
994:15:Name -> U
994:21:Attribute -> Func:operator.ne | Func:_operator.ne
994:21:Name -> Module:operator
995:25:Call -> Inst:.ndarray
995:25:Attribute -> Func:.ones
995:25:Name -> U
995:33:Attribute -> Const:NoneType:None
995:33:Name -> Inst:pandas.core.arrays.datetimelike.DatetimeLikeArrayMixin
995:51:Name -> Class:builtins.bool
997:25:Call -> Inst:.ndarray
997:25:Attribute -> Func:.zeros
997:25:Name -> U
997:34:Attribute -> Const:NoneType:None
997:34:Name -> Inst:pandas.core.arrays.datetimelike.DatetimeLikeArrayMixin
997:52:Name -> Class:builtins.bool
998:19:Name -> U | Inst:.ndarray | Inst:.ndarray
1000:15:Call -> ERR
1000:15:Name -> Func:builtins.isinstance
1000:26:Attribute -> U
1000:26:Name -> Inst:pandas.core.arrays.datetimelike.DatetimeLikeArrayMixin
1000:38:Name -> Class:pandas.core.dtypes.dtypes.PeriodDtype
1001:19:Call -> Inst:pandas.core.arrays.datetimelike.DatetimeLikeArrayMixin
1001:19:Name -> Func:typing.cast
1001:39:Name -> Inst:pandas.core.arrays.datetimelike.DatetimeLikeArrayMixin
1002:15:Attribute -> ERR
1002:15:Name -> Inst:pandas.core.arrays.datetimelike.DatetimeLikeArrayMixin
1002:30:Attribute -> U
1002:30:Name -> U
1003:23:Call -> ERR
1003:23:Name -> Func:builtins.isinstance
1003:34:Name -> U
1003:41:Call -> Class:pandas.core.arrays.datetimelike.DatetimeLikeArrayMixin
1003:41:Name -> Class:builtins.type
1003:46:Name -> Inst:pandas.core.arrays.datetimelike.DatetimeLikeArrayMixin
1008:32:Call -> U
1008:32:Attribute -> U
1008:32:Name -> U
1008:46:Attribute -> ERR
1008:46:Name -> Inst:pandas.core.arrays.datetimelike.DatetimeLikeArrayMixin
1009:27:Name -> Class:builtins.ValueError
1010:36:Call -> Inst:.ndarray
1010:36:Attribute -> Func:.array
1010:36:Name -> U
1010:45:Attribute -> U
1010:45:Name -> U
1011:31:Call -> Const:NoneType:None
1011:31:Name -> Func:pandas._libs.tslibs.np_datetime.compare_mismatched_resolutions
1012:28:Attribute -> ERR
1012:28:Name -> Inst:pandas.core.arrays.datetimelike.DatetimeLikeArrayMixin
1012:43:Name -> Inst:.ndarray
1012:54:Name -> U
1015:32:Attribute -> U
1015:32:Name -> U
1016:27:Call -> Const:NoneType:None
1016:27:Name -> Func:pandas._libs.tslibs.np_datetime.compare_mismatched_resolutions
1016:58:Attribute -> ERR
1016:58:Name -> Inst:pandas.core.arrays.datetimelike.DatetimeLikeArrayMixin
1016:73:Name -> U
1016:84:Name -> U
1018:21:Call -> U
1018:21:Attribute -> BM:pandas.core.arrays.datetimelike.DatetimeLikeArrayMixin._unbox
1018:21:Name -> Inst:pandas.core.arrays.datetimelike.DatetimeLikeArrayMixin
1018:33:Name -> U
1020:17:Call -> U
1020:17:Name -> U
1020:20:Call -> ERR
1020:20:Attribute -> ERR
1020:20:Attribute -> ERR
1020:20:Name -> Inst:pandas.core.arrays.datetimelike.DatetimeLikeArrayMixin
1020:46:Call -> U
1020:46:Attribute -> U
1020:46:Name -> U
1022:17:Call -> Const:NoneType:None | Const:NoneType:None | Const:NoneType:None | Const:NoneType:None | Const:NoneType:None | Const:NoneType:None | Const:bool:False | U | Inst:.ndarray | Inst:.ndarray | Const:NoneType:None | Const:NoneType:None
1022:17:Name -> Func:pandas.core.dtypes.missing.isna | Func:pandas.core.dtypes.missing.isna | Func:pandas.core.dtypes.missing.isna | Func:pandas.core.dtypes.missing.isna | Func:pandas.core.dtypes.missing.isna | Func:pandas.core.dtypes.missing.isna
1022:22:Name -> U
1023:15:Attribute -> U
1023:15:Name -> Inst:pandas.core.arrays.datetimelike.DatetimeLikeArrayMixin
1023:29:Name -> Const:NoneType:None | Const:NoneType:None | Const:NoneType:None | Const:NoneType:None | Const:NoneType:None | Const:NoneType:None | Const:bool:False | U | Inst:.ndarray | Inst:.ndarray | Const:NoneType:None | Const:NoneType:None
1024:11:Call -> U
1024:11:Attribute -> U
1024:11:Name -> U
1025:25:Name -> U
1025:31:Attribute -> Func:operator.ne | Func:_operator.ne
1025:31:Name -> Module:operator
1026:12:Call -> U
1026:12:Attribute -> U
1026:12:Name -> U
1026:23:Name -> U | Inst:.ndarray | Inst:.ndarray
1026:31:Name -> U
1026:37:Name -> U
1028:15:Name -> U
1032:14:Call -> Func:pandas.core.ops.common._unpack_zerodim_and_defer.new_method
1032:14:Name -> Func:pandas.core.arrays.datetimelike._make_unpacked_invalid_op
1033:15:Call -> Func:pandas.core.ops.common._unpack_zerodim_and_defer.new_method
1033:15:Name -> Func:pandas.core.arrays.datetimelike._make_unpacked_invalid_op
1034:14:Call -> Func:pandas.core.ops.common._unpack_zerodim_and_defer.new_method
1034:14:Name -> Func:pandas.core.arrays.datetimelike._make_unpacked_invalid_op
1035:15:Call -> Func:pandas.core.ops.common._unpack_zerodim_and_defer.new_method
1035:15:Name -> Func:pandas.core.arrays.datetimelike._make_unpacked_invalid_op
1036:18:Call -> Func:pandas.core.ops.common._unpack_zerodim_and_defer.new_method
1036:18:Name -> Func:pandas.core.arrays.datetimelike._make_unpacked_invalid_op
1037:19:Call -> Func:pandas.core.ops.common._unpack_zerodim_and_defer.new_method
1037:19:Name -> Func:pandas.core.arrays.datetimelike._make_unpacked_invalid_op
1038:19:Call -> Func:pandas.core.ops.common._unpack_zerodim_and_defer.new_method
1038:19:Name -> Func:pandas.core.arrays.datetimelike._make_unpacked_invalid_op
1039:20:Call -> Func:pandas.core.ops.common._unpack_zerodim_and_defer.new_method
1039:20:Name -> Func:pandas.core.arrays.datetimelike._make_unpacked_invalid_op
1040:14:Call -> Func:pandas.core.ops.common._unpack_zerodim_and_defer.new_method
1040:14:Name -> Func:pandas.core.arrays.datetimelike._make_unpacked_invalid_op
1041:15:Call -> Func:pandas.core.ops.common._unpack_zerodim_and_defer.new_method
1041:15:Name -> Func:pandas.core.arrays.datetimelike._make_unpacked_invalid_op
1042:17:Call -> Func:pandas.core.ops.common._unpack_zerodim_and_defer.new_method
1042:17:Name -> Func:pandas.core.arrays.datetimelike._make_unpacked_invalid_op
1043:18:Call -> Func:pandas.core.ops.common._unpack_zerodim_and_defer.new_method
1043:18:Name -> Func:pandas.core.arrays.datetimelike._make_unpacked_invalid_op
1045:5:Name -> Func:typing.final
1048:9:Name -> Class:builtins.tuple
1048:15:Name -> Class:builtins.int
1048:21:Attribute -> U
1048:21:Name -> U
1048:33:Attribute -> U
1048:33:Name -> U
1048:51:Attribute -> U
1048:51:Name -> U
1048:63:Attribute -> U
1048:63:Name -> U
1052:11:Call -> ERR
1052:11:Name -> Func:builtins.isinstance
1052:22:Name -> U
1052:29:Name -> Class:pandas._libs.tslibs.period.Period
1053:23:Attribute -> U
1053:23:Name -> U
1055:13:Call -> ERR
1055:13:Name -> Func:builtins.isinstance
1055:24:Name -> U
1055:32:Name -> Class:pandas._libs.tslibs.timestamps.Timestamp
1055:43:Name -> Class:pandas._libs.tslibs.timedeltas.Timedelta
1056:23:Attribute -> U
1056:23:Name -> U
1060:19:Attribute -> U
1060:19:Name -> U
1061:23:Attribute -> U
1061:23:Name -> U
1062:15:Name -> U
1062:25:Name -> Const:NoneType:None | Const:NoneType:None | U
1064:5:Name -> Func:typing.final
1065:49:Name -> Class:pandas.core.arrays.datetimes.DatetimeArray
1066:15:Call -> Const:NoneType:None
1066:15:Attribute -> Func:pandas._libs.lib.is_np_dtype
1066:15:Name -> Module:pandas._libs.lib
1066:31:Attribute -> U
1066:31:Name -> Inst:pandas.core.arrays.datetimelike.DatetimeLikeArrayMixin
1067:18:Call -> ExcInst:builtins.TypeError
1067:18:Name -> Class:builtins.TypeError
1068:30:Attribute -> Const:str:'DatetimeLikeArrayMixin'
1068:30:Call -> Class:pandas.core.arrays.datetimelike.DatetimeLikeArrayMixin
1068:30:Name -> Class:builtins.type
1068:35:Name -> Inst:pandas.core.arrays.datetimelike.DatetimeLikeArrayMixin
1068:56:Attribute -> U
1068:56:Call -> U
1068:56:Name -> Class:builtins.type
1068:61:Name -> U
1071:15:Call -> Inst:pandas.core.arrays.datetimelike.DatetimeLikeArrayMixin
1071:15:Name -> Func:typing.cast
1071:38:Name -> Inst:pandas.core.arrays.datetimelike.DatetimeLikeArrayMixin
1076:15:Name -> U
1076:28:Name -> U
1077:11:Call -> Const:NoneType:None | Const:NoneType:None | Const:NoneType:None | Const:NoneType:None | Const:NoneType:None | Const:NoneType:None | Const:bool:False | U | Inst:.ndarray | Inst:.ndarray | Const:NoneType:None | Const:NoneType:None
1077:11:Name -> Func:pandas.core.dtypes.missing.isna | Func:pandas.core.dtypes.missing.isna | Func:pandas.core.dtypes.missing.isna | Func:pandas.core.dtypes.missing.isna | Func:pandas.core.dtypes.missing.isna | Func:pandas.core.dtypes.missing.isna
1077:16:Name -> U
1081:21:Attribute -> ERR
1081:21:Name -> Inst:pandas.core.arrays.datetimelike.DatetimeLikeArrayMixin
1081:37:Call -> U
1081:37:Attribute -> U
1081:37:Call -> U
1081:37:Attribute -> U
1081:37:Name -> U
1081:70:Attribute -> ERR
1081:70:Name -> Inst:pandas.core.arrays.datetimelike.DatetimeLikeArrayMixin
1083:19:Call -> Const:NoneType:None
1083:19:Attribute -> BM:pandas.core.arrays.datetimes.DatetimeArray._simple_new
1083:19:Name -> Class:pandas.core.arrays.datetimes.DatetimeArray
1083:45:Name -> U
1083:59:Attribute -> U
1083:59:Name -> U
1085:16:Call -> Inst:pandas._libs.tslibs.timestamps.Timestamp
1085:16:Name -> Class:pandas._libs.tslibs.timestamps.Timestamp
1085:26:Name -> U
1086:22:Call -> ERR
1086:22:Attribute -> ERR
1086:22:Name -> Inst:pandas.core.arrays.datetimelike.DatetimeLikeArrayMixin
1086:50:Name -> Inst:pandas._libs.tslibs.timestamps.Timestamp
1087:15:Call -> U
1087:15:Name -> Func:typing.cast
1087:38:Name -> U
1089:27:Call -> U
1089:27:Attribute -> U
1089:27:Name -> U
1089:56:Name -> U
1090:17:Call -> Const:NoneType:None
1090:17:Name -> Func:pandas._libs.tslibs.np_datetime.add_overflowsafe
1090:34:Attribute -> U
1090:34:Name -> U
1090:45:Call -> U
1090:45:Attribute -> U
1090:45:Name -> U
1090:56:Name -> U
1091:21:Call -> ERR
1091:21:Attribute -> ERR
1091:21:Name -> Const:NoneType:None
1091:39:Attribute -> U
1091:39:Name -> U
1093:16:Call -> Const:NoneType:None | Const:NoneType:None | U | Inst:pandas.core.dtypes.dtypes.DatetimeTZDtype
1093:16:Name -> Func:pandas.core.arrays.datetimes.tz_to_dtype | Func:pandas.core.arrays.datetimes.tz_to_dtype | Func:pandas.core.arrays.datetimes.tz_to_dtype
1093:31:Attribute -> U
1093:31:Name -> U
1093:46:Attribute -> U
1093:46:Name -> U
1094:21:Call -> ERR
1094:21:Attribute -> ERR
1094:21:Name -> Const:NoneType:None
1094:39:Attribute -> U
1094:39:Name -> U
1095:15:Call -> Const:NoneType:None
1095:15:Attribute -> BM:pandas.core.arrays.datetimes.DatetimeArray._simple_new
1095:15:Name -> Class:pandas.core.arrays.datetimes.DatetimeArray
1095:41:Name -> U
1095:59:Name -> Const:NoneType:None | Const:NoneType:None | U | Inst:pandas.core.dtypes.dtypes.DatetimeTZDtype
1097:5:Name -> Func:typing.final
1098:45:Name -> Class:pandas.core.arrays.datetimes.DatetimeArray
1098:63:Name -> Class:pandas.core.arrays.datetimes.DatetimeArray
1099:15:Call -> Const:NoneType:None
1099:15:Attribute -> Func:pandas._libs.lib.is_np_dtype
1099:15:Name -> Module:pandas._libs.lib
1099:31:Attribute -> U
1099:31:Name -> Inst:pandas.core.arrays.datetimelike.DatetimeLikeArrayMixin
1100:18:Call -> ExcInst:builtins.TypeError
1100:18:Name -> Class:builtins.TypeError
1101:30:Attribute -> Const:str:'DatetimeLikeArrayMixin'
1101:30:Call -> Class:pandas.core.arrays.datetimelike.DatetimeLikeArrayMixin
1101:30:Name -> Class:builtins.type
1101:35:Name -> Inst:pandas.core.arrays.datetimelike.DatetimeLikeArrayMixin
1101:56:Attribute -> U
1101:56:Call -> U
1101:56:Name -> Class:builtins.type
1101:61:Name -> U
1105:15:Name -> U
1105:23:Name -> Inst:pandas.core.arrays.datetimelike.DatetimeLikeArrayMixin
1107:5:Name -> Func:typing.final
1109:21:Name -> Class:_pydatetime.datetime
1109:32:Attribute -> U
1109:32:Name -> U
1110:9:Name -> Class:pandas.core.arrays.timedeltas.TimedeltaArray
1111:11:Attribute -> U
1111:11:Attribute -> U
1111:11:Name -> Inst:pandas.core.arrays.datetimelike.DatetimeLikeArrayMixin
1112:18:Call -> ExcInst:builtins.TypeError
1112:18:Name -> Class:builtins.TypeError
1112:65:Attribute -> Const:str:'DatetimeLikeArrayMixin'
1112:65:Call -> Class:pandas.core.arrays.datetimelike.DatetimeLikeArrayMixin
1112:65:Name -> Class:builtins.type
1112:70:Name -> Inst:pandas.core.arrays.datetimelike.DatetimeLikeArrayMixin
1114:15:Call -> Inst:pandas.core.arrays.datetimelike.DatetimeLikeArrayMixin
1114:15:Name -> Func:typing.cast
1114:37:Name -> Inst:pandas.core.arrays.datetimelike.DatetimeLikeArrayMixin
1117:11:Call -> Const:NoneType:None | Const:NoneType:None | Const:NoneType:None | Const:NoneType:None | Const:NoneType:None | Const:NoneType:None | Const:bool:False | U | Inst:.ndarray | Inst:.ndarray | Const:NoneType:None | Const:NoneType:None
1117:11:Name -> Func:pandas.core.dtypes.missing.isna | Func:pandas.core.dtypes.missing.isna | Func:pandas.core.dtypes.missing.isna | Func:pandas.core.dtypes.missing.isna | Func:pandas.core.dtypes.missing.isna | Func:pandas.core.dtypes.missing.isna
1117:16:Name -> U
1119:19:Name -> Inst:pandas.core.arrays.datetimelike.DatetimeLikeArrayMixin
1119:26:Name -> U
1121:13:Call -> Inst:pandas._libs.tslibs.timestamps.Timestamp
1121:13:Name -> Class:pandas._libs.tslibs.timestamps.Timestamp
1121:23:Name -> U
1123:19:Call -> ERR
1123:19:Attribute -> ERR
1123:19:Name -> Inst:pandas.core.arrays.datetimelike.DatetimeLikeArrayMixin
1123:47:Name -> Inst:pandas._libs.tslibs.timestamps.Timestamp
1124:15:Call -> U
1124:15:Attribute -> U
1124:15:Name -> U
1124:38:Name -> U
1126:5:Name -> Func:typing.final
1127:45:Name -> Class:pandas.core.arrays.datetimes.DatetimeArray
1127:63:Name -> Class:pandas.core.arrays.timedeltas.TimedeltaArray
1128:11:Attribute -> U
1128:11:Attribute -> U
1128:11:Name -> Inst:pandas.core.arrays.datetimelike.DatetimeLikeArrayMixin
1129:18:Call -> ExcInst:builtins.TypeError
1129:18:Name -> Class:builtins.TypeError
1129:65:Attribute -> Const:str:'DatetimeLikeArrayMixin'
1129:65:Call -> Class:pandas.core.arrays.datetimelike.DatetimeLikeArrayMixin
1129:65:Name -> Class:builtins.type
1129:70:Name -> Inst:pandas.core.arrays.datetimelike.DatetimeLikeArrayMixin
1131:11:Call -> ERR
1131:11:Name -> Func:builtins.len
1131:15:Name -> Inst:pandas.core.arrays.datetimelike.DatetimeLikeArrayMixin
1131:24:Call -> ERR
1131:24:Name -> Func:builtins.len
1131:28:Name -> U
1132:18:Call -> ExcInst:builtins.ValueError
1132:18:Name -> Class:builtins.ValueError
1134:15:Call -> Inst:pandas.core.arrays.datetimelike.DatetimeLikeArrayMixin
1134:15:Name -> Func:typing.cast
1134:37:Name -> Inst:pandas.core.arrays.datetimelike.DatetimeLikeArrayMixin
1136:22:Call -> ERR
1136:22:Attribute -> ERR
1136:22:Name -> Inst:pandas.core.arrays.datetimelike.DatetimeLikeArrayMixin
1136:50:Name -> U
1137:15:Call -> U
1137:15:Attribute -> U
1137:15:Name -> U
1137:38:Name -> U
1139:5:Name -> Func:typing.final
1140:39:Name -> Class:pandas._libs.tslibs.timestamps.Timestamp
1140:51:Name -> Class:pandas.core.arrays.datetimes.DatetimeArray
1140:69:Name -> Class:pandas.core.arrays.timedeltas.TimedeltaArray
1141:15:Call -> Inst:pandas.core.arrays.datetimelike.DatetimeLikeArrayMixin
1141:15:Name -> Func:typing.cast
1141:37:Name -> Inst:pandas.core.arrays.datetimelike.DatetimeLikeArrayMixin
1146:12:Call -> ERR
1146:12:Attribute -> ERR
1146:12:Name -> Inst:pandas.core.arrays.datetimelike.DatetimeLikeArrayMixin
1146:44:Name -> U
1147:15:Name -> Class:builtins.TypeError
1148:26:Call -> Const:str:''
1148:26:Attribute -> BM:builtins.str.replace
1148:26:Call -> Const:str:''
1148:26:Name -> Class:builtins.str
1148:30:Name -> ExcInst:builtins.TypeError
1149:18:Call -> ExcInst:builtins.TypeError
1149:18:Call -> Class:builtins.TypeError
1149:18:Name -> Class:builtins.type
1149:23:Name -> ExcInst:builtins.TypeError
1149:28:Name -> Const:str:''
1149:46:Name -> ExcInst:builtins.TypeError
1151:27:Call -> Tuple:2
1151:27:Attribute -> BM:pandas.core.arrays.datetimelike.DatetimeLikeArrayMixin._get_i8_values_and_mask
1151:27:Name -> Inst:pandas.core.arrays.datetimelike.DatetimeLikeArrayMixin
1151:56:Name -> U
1152:21:Call -> Const:NoneType:None
1152:21:Name -> Func:pandas._libs.tslibs.np_datetime.add_overflowsafe
1152:38:Attribute -> U
1152:38:Name -> Inst:pandas.core.arrays.datetimelike.DatetimeLikeArrayMixin
1152:49:Call -> U
1152:49:Attribute -> U
1152:49:Name -> U
1152:61:Name -> U
1153:17:Call -> ERR
1153:17:Attribute -> ERR
1153:17:Name -> Const:NoneType:None
1153:48:Attribute -> ERR
1153:48:Name -> Inst:pandas.core.arrays.datetimelike.DatetimeLikeArrayMixin
1155:15:Call -> Const:NoneType:None
1155:15:Attribute -> BM:pandas.core.arrays.timedeltas.TimedeltaArray._simple_new
1155:15:Name -> Class:pandas.core.arrays.timedeltas.TimedeltaArray
1155:42:Name -> U
1155:56:Attribute -> U
1155:56:Name -> U
1157:5:Name -> Func:typing.final
1158:33:Name -> Class:pandas._libs.tslibs.period.Period
1158:44:Name -> Class:pandas.core.arrays.period.PeriodArray
1159:15:Call -> Const:NoneType:None
1159:15:Attribute -> Func:pandas._libs.lib.is_np_dtype
1159:15:Name -> Module:pandas._libs.lib
1159:31:Attribute -> U
1159:31:Name -> Inst:pandas.core.arrays.datetimelike.DatetimeLikeArrayMixin
1160:18:Call -> ExcInst:builtins.TypeError
1160:18:Name -> Class:builtins.TypeError
1160:54:Attribute -> Const:str:'DatetimeLikeArrayMixin'
1160:54:Call -> Class:pandas.core.arrays.datetimelike.DatetimeLikeArrayMixin
1160:54:Name -> Class:builtins.type
1160:59:Name -> Inst:pandas.core.arrays.datetimelike.DatetimeLikeArrayMixin
1165:17:Call -> U
1165:17:Attribute -> U
1165:17:Name -> U
1165:33:Attribute -> U
1165:33:Name -> U
1165:48:Attribute -> Const:NoneType:None
1165:48:Name -> Inst:pandas.core.arrays.datetimelike.DatetimeLikeArrayMixin
1166:16:Call -> Inst:pandas.core.dtypes.dtypes.PeriodDtype
1166:16:Name -> Class:pandas.core.dtypes.dtypes.PeriodDtype
1166:28:Attribute -> U
1166:28:Name -> U
1167:15:Call -> Inst:pandas.core.arrays.period.PeriodArray
1167:15:Name -> Class:pandas.core.arrays.period.PeriodArray
1167:27:Name -> U
1167:41:Name -> Inst:pandas.core.dtypes.dtypes.PeriodDtype
1168:15:Name -> Inst:pandas.core.arrays.period.PeriodArray
1168:22:Name -> Inst:pandas.core.arrays.datetimelike.DatetimeLikeArrayMixin
1171:14:Call -> ExcInst:pandas.errors.AbstractMethodError
1171:14:Name -> Class:pandas.errors.AbstractMethodError
1171:34:Name -> Inst:pandas.core.arrays.datetimelike.DatetimeLikeArrayMixin
1181:11:Call -> Const:NoneType:None | Const:NoneType:None | Const:NoneType:None | Const:NoneType:None | Const:NoneType:None | Const:NoneType:None | Const:bool:False | U | Inst:.ndarray | Inst:.ndarray | Const:NoneType:None | Const:NoneType:None
1181:11:Name -> Func:pandas.core.dtypes.missing.isna | Func:pandas.core.dtypes.missing.isna | Func:pandas.core.dtypes.missing.isna | Func:pandas.core.dtypes.missing.isna | Func:pandas.core.dtypes.missing.isna | Func:pandas.core.dtypes.missing.isna
1181:16:Name -> U
1183:25:Call -> Inst:.ndarray
1183:25:Attribute -> BM:.ndarray.view
1183:25:Call -> Inst:.ndarray
1183:25:Attribute -> Func:.empty
1183:25:Name -> U
1183:34:Attribute -> Const:NoneType:None
1183:34:Name -> Inst:pandas.core.arrays.datetimelike.DatetimeLikeArrayMixin
1183:63:Attribute -> ERR
1183:63:Attribute -> ERR
1183:63:Name -> Inst:pandas.core.arrays.datetimelike.DatetimeLikeArrayMixin
1184:12:Call -> Const:NoneType:None
1184:12:Attribute -> BM:.ndarray.fill
1184:12:Name -> Inst:.ndarray
1184:28:Name -> U
1185:19:Call -> Const:NoneType:None
1185:19:Attribute -> BM:pandas._libs.arrays.NDArrayBacked._simple_new
1185:19:Call -> Class:pandas.core.arrays.datetimelike.DatetimeLikeArrayMixin
1185:19:Name -> Class:builtins.type
1185:24:Name -> Inst:pandas.core.arrays.datetimelike.DatetimeLikeArrayMixin
1185:42:Name -> Inst:.ndarray
1185:60:Attribute -> U
1185:60:Name -> Inst:pandas.core.arrays.datetimelike.DatetimeLikeArrayMixin
1188:15:Call -> Inst:pandas.core.arrays.datetimelike.DatetimeLikeArrayMixin
1188:15:Name -> Func:typing.cast
1188:54:Name -> Inst:pandas.core.arrays.datetimelike.DatetimeLikeArrayMixin
1189:16:Call -> Inst:pandas._libs.tslibs.timedeltas.Timedelta
1189:16:Name -> Class:pandas._libs.tslibs.timedeltas.Timedelta
1189:26:Name -> U
1190:22:Call -> ERR
1190:22:Attribute -> ERR
1190:22:Name -> Inst:pandas.core.arrays.datetimelike.DatetimeLikeArrayMixin
1190:50:Name -> Inst:pandas._libs.tslibs.timedeltas.Timedelta
1191:15:Call -> U
1191:15:Attribute -> U
1191:15:Name -> U
1191:39:Name -> U
1193:46:Name -> Class:pandas.core.arrays.timedeltas.TimedeltaArray
1193:65:Name -> Func:typing.Self
1203:11:Call -> ERR
1203:11:Name -> Func:builtins.len
1203:15:Name -> Inst:pandas.core.arrays.datetimelike.DatetimeLikeArrayMixin
1203:24:Call -> ERR
1203:24:Name -> Func:builtins.len
1203:28:Name -> U
1204:18:Call -> ExcInst:builtins.ValueError
1204:18:Name -> Class:builtins.ValueError
1206:22:Call -> ERR
1206:22:Attribute -> ERR
1206:22:Call -> Inst:pandas.core.arrays.datetimelike.DatetimeLikeArrayMixin
1206:22:Name -> Func:typing.cast
1207:46:Name -> Inst:pandas.core.arrays.datetimelike.DatetimeLikeArrayMixin
1208:33:Name -> U
1209:15:Call -> U
1209:15:Attribute -> U
1209:15:Name -> U
1209:39:Name -> U
1211:5:Name -> Func:typing.final
1212:40:Name -> Class:pandas._libs.tslibs.timedeltas.Timedelta
1212:52:Name -> Class:pandas.core.arrays.timedeltas.TimedeltaArray
1212:71:Name -> Func:typing.Self
1213:27:Call -> Tuple:2
1213:27:Attribute -> BM:pandas.core.arrays.datetimelike.DatetimeLikeArrayMixin._get_i8_values_and_mask
1213:27:Name -> Inst:pandas.core.arrays.datetimelike.DatetimeLikeArrayMixin
1213:56:Name -> U
1214:21:Call -> Const:NoneType:None
1214:21:Name -> Func:pandas._libs.tslibs.np_datetime.add_overflowsafe
1214:38:Attribute -> U
1214:38:Name -> Inst:pandas.core.arrays.datetimelike.DatetimeLikeArrayMixin
1214:49:Call -> U
1214:49:Attribute -> U
1214:49:Name -> U
1214:60:Name -> U
1215:21:Call -> ERR
1215:21:Attribute -> ERR
1215:21:Name -> Const:NoneType:None
1215:37:Attribute -> ERR
1215:37:Attribute -> ERR
1215:37:Name -> Inst:pandas.core.arrays.datetimelike.DatetimeLikeArrayMixin
1217:15:Call -> Const:NoneType:None
1217:15:Attribute -> BM:pandas._libs.arrays.NDArrayBacked._simple_new
1217:15:Call -> Class:pandas.core.arrays.datetimelike.DatetimeLikeArrayMixin
1217:15:Name -> Class:builtins.type
1217:20:Name -> Inst:pandas.core.arrays.datetimelike.DatetimeLikeArrayMixin
1217:38:Name -> U
1217:56:Attribute -> U
1217:56:Name -> Inst:pandas.core.arrays.datetimelike.DatetimeLikeArrayMixin
1219:5:Name -> Func:typing.final
1220:26:Name -> Func:typing.Self
1224:11:Call -> ERR
1224:11:Name -> Func:builtins.isinstance
1224:22:Attribute -> U
1224:22:Name -> Inst:pandas.core.arrays.datetimelike.DatetimeLikeArrayMixin
1224:34:Name -> Class:pandas.core.dtypes.dtypes.PeriodDtype
1225:18:Call -> ExcInst:builtins.TypeError
1225:18:Name -> Class:builtins.TypeError
1226:30:Attribute -> Const:str:'DatetimeLikeArrayMixin'
1226:30:Call -> Class:pandas.core.arrays.datetimelike.DatetimeLikeArrayMixin
1226:30:Name -> Class:builtins.type
1226:35:Name -> Inst:pandas.core.arrays.datetimelike.DatetimeLikeArrayMixin
1226:56:Attribute -> U
1226:56:Call -> U
1226:56:Name -> Class:builtins.type
1226:61:Name -> U
1231:17:Call -> Inst:.ndarray
1231:17:Attribute -> Func:.empty
1231:17:Name -> U
1231:26:Attribute -> Const:NoneType:None
1231:26:Name -> Inst:pandas.core.arrays.datetimelike.DatetimeLikeArrayMixin
1231:44:Attribute -> U
1231:44:Name -> U
1232:8:Call -> Const:NoneType:None
1232:8:Attribute -> BM:.ndarray.fill
1232:8:Name -> Inst:.ndarray
1232:20:Name -> U
1233:17:Call -> Inst:.ndarray
1233:17:Attribute -> BM:.ndarray.view
1233:17:Name -> Inst:.ndarray
1233:29:Attribute -> ERR
1233:29:Attribute -> ERR
1233:29:Name -> Inst:pandas.core.arrays.datetimelike.DatetimeLikeArrayMixin
1234:15:Call -> Const:NoneType:None
1234:15:Attribute -> BM:pandas._libs.arrays.NDArrayBacked._simple_new
1234:15:Call -> Class:pandas.core.arrays.datetimelike.DatetimeLikeArrayMixin
1234:15:Name -> Class:builtins.type
1234:20:Name -> Inst:pandas.core.arrays.datetimelike.DatetimeLikeArrayMixin
1234:38:Name -> Inst:.ndarray
1234:52:Attribute -> U
1234:52:Name -> Inst:pandas.core.arrays.datetimelike.DatetimeLikeArrayMixin
1236:5:Name -> Func:typing.final
1237:26:Attribute -> Class:.ndarray
1237:26:Name -> U
1247:17:Call -> Inst:.ndarray
1247:17:Attribute -> Func:.empty
1247:17:Name -> U
1247:26:Attribute -> Const:NoneType:None
1247:26:Name -> Inst:pandas.core.arrays.datetimelike.DatetimeLikeArrayMixin
1247:44:Attribute -> U
1247:44:Name -> U
1248:8:Call -> Const:NoneType:None
1248:8:Attribute -> BM:.ndarray.fill
1248:8:Name -> Inst:.ndarray
1248:20:Name -> U
1249:11:Attribute -> U
1249:11:Attribute -> U
1249:11:Name -> Inst:pandas.core.arrays.datetimelike.DatetimeLikeArrayMixin
1251:19:Call -> Inst:pandas.core.arrays.datetimelike.DatetimeLikeArrayMixin
1251:19:Name -> Func:typing.cast
1251:57:Name -> Inst:pandas.core.arrays.datetimelike.DatetimeLikeArrayMixin
1252:19:Call -> Inst:.ndarray
1252:19:Attribute -> BM:.ndarray.view
1252:19:Name -> Inst:.ndarray
1252:46:Attribute -> ERR
1252:46:Name -> Inst:pandas.core.arrays.datetimelike.DatetimeLikeArrayMixin
1254:19:Call -> Inst:.ndarray
1254:19:Attribute -> BM:.ndarray.view
1254:19:Name -> Inst:.ndarray
1256:5:Name -> Func:typing.final
1257:37:Name -> Class:pandas._libs.tslibs.period.Period
1257:46:Name -> Class:pandas.core.arrays.period.PeriodArray
1257:62:Attribute -> U
1257:62:Name -> U
1257:74:Attribute -> U
1257:74:Name -> U
1260:15:Call -> ERR
1260:15:Name -> Func:builtins.isinstance
1260:26:Attribute -> U
1260:26:Name -> Inst:pandas.core.arrays.datetimelike.DatetimeLikeArrayMixin
1260:38:Name -> Class:pandas.core.dtypes.dtypes.PeriodDtype
1261:18:Call -> ExcInst:builtins.TypeError
1261:18:Name -> Class:builtins.TypeError
1262:35:Attribute -> U
1262:35:Call -> U
1262:35:Name -> Class:builtins.type
1262:40:Name -> U
1262:63:Attribute -> Const:str:'DatetimeLikeArrayMixin'
1262:63:Call -> Class:pandas.core.arrays.datetimelike.DatetimeLikeArrayMixin
1262:63:Name -> Class:builtins.type
1262:68:Name -> Inst:pandas.core.arrays.datetimelike.DatetimeLikeArrayMixin
1265:15:Call -> Inst:pandas.core.arrays.datetimelike.DatetimeLikeArrayMixin
1265:15:Name -> Func:typing.cast
1265:35:Name -> Inst:pandas.core.arrays.datetimelike.DatetimeLikeArrayMixin
1266:8:Call -> U
1266:8:Attribute -> BM:pandas.core.arrays.datetimelike.DatetimeLikeArrayMixin._check_compatible_with
1266:8:Name -> Inst:pandas.core.arrays.datetimelike.DatetimeLikeArrayMixin
1266:36:Name -> U
1268:27:Call -> Tuple:2
1268:27:Attribute -> BM:pandas.core.arrays.datetimelike.DatetimeLikeArrayMixin._get_i8_values_and_mask
1268:27:Name -> Inst:pandas.core.arrays.datetimelike.DatetimeLikeArrayMixin
1268:56:Name -> U
1269:22:Call -> Const:NoneType:None
1269:22:Name -> Func:pandas._libs.tslibs.np_datetime.add_overflowsafe
1269:39:Attribute -> U
1269:39:Name -> Inst:pandas.core.arrays.datetimelike.DatetimeLikeArrayMixin
1269:50:Call -> U
1269:50:Attribute -> U
1269:50:Name -> U
1269:62:Name -> U
1270:19:Call -> Inst:.ndarray
1270:19:Attribute -> Func:.array
1270:19:Name -> U
1270:29:Attribute -> ERR
1270:29:Attribute -> ERR
1270:29:Name -> Inst:pandas.core.arrays.datetimelike.DatetimeLikeArrayMixin
1270:46:Name -> U
1270:57:Name -> Const:NoneType:None
1272:11:Name -> Const:NoneType:None | Const:NoneType:None | U
1274:19:Attribute -> U
1274:19:Name -> Inst:pandas.core.arrays.datetimelike.DatetimeLikeArrayMixin
1277:19:Attribute -> U
1277:19:Name -> Inst:pandas.core.arrays.datetimelike.DatetimeLikeArrayMixin
1277:33:Name -> U
1278:8:Name -> Inst:.ndarray
1278:17:Name -> U
1278:25:Name -> U
1279:15:Name -> Inst:.ndarray
1281:5:Name -> Func:typing.final
1282:42:Attribute -> U
1282:42:Name -> U
1282:54:Attribute -> U
1282:54:Name -> U
1282:74:Attribute -> Class:.ndarray
1282:74:Name -> U
1297:15:Name -> U
1297:22:Attribute -> Func:operator.add | Func:_operator.add
1297:22:Name -> Module:operator
1297:36:Attribute -> Func:operator.sub | Func:_operator.sub
1297:36:Name -> Module:operator
1298:11:Call -> ERR
1298:11:Name -> Func:builtins.len
1298:15:Name -> U
1298:31:Attribute -> Const:NoneType:None
1298:31:Name -> Inst:pandas.core.arrays.datetimelike.DatetimeLikeArrayMixin
1302:19:Call -> U
1302:19:Name -> U
1302:22:Name -> Inst:pandas.core.arrays.datetimelike.DatetimeLikeArrayMixin
1302:28:Name -> U
1304:11:Name -> Dict:0
1305:12:Call -> Const:NoneType:None
1305:12:Attribute -> Func:warnings.warn | Func:_warnings.warn
1305:12:Name -> Module:warnings
1307:19:Attribute -> Const:str:'DatetimeLikeArrayMixin'
1307:19:Call -> Class:pandas.core.arrays.datetimelike.DatetimeLikeArrayMixin
1307:19:Name -> Class:builtins.type
1307:24:Name -> Inst:pandas.core.arrays.datetimelike.DatetimeLikeArrayMixin
1308:16:Name -> Class:pandas.errors.PerformanceWarning
1309:27:Call -> Const:int:0 | Const:int:1
1309:27:Name -> Func:pandas.util._exceptions.find_stack_level
1313:15:Attribute -> Const:NoneType:None
1313:15:Name -> Inst:pandas.core.arrays.datetimelike.DatetimeLikeArrayMixin
1313:29:Attribute -> U
1313:29:Name -> U
1313:43:Attribute -> Const:NoneType:None
1313:43:Name -> Inst:pandas.core.arrays.datetimelike.DatetimeLikeArrayMixin
1313:55:Attribute -> U
1313:55:Name -> U
1315:21:Call -> U
1315:21:Name -> U
1315:24:Call -> Const:NoneType:None | Const:NoneType:None | U
1315:24:Attribute -> BM:pandas.core.arrays.datetimelike.DatetimeLikeArrayMixin.astype
1315:24:Name -> Inst:pandas.core.arrays.datetimelike.DatetimeLikeArrayMixin
1315:42:Call -> U
1315:42:Attribute -> U
1315:42:Name -> U
1315:53:Name -> U
1316:15:Name -> U
1318:32:Name -> Class:builtins.str
1318:48:Name -> Class:builtins.bool
1318:74:Name -> Func:typing.Self
1319:11:Name -> U
1320:18:Call -> ExcInst:builtins.TypeError
1320:18:Name -> Class:builtins.TypeError
1320:44:Name -> U
1320:69:Call -> Class:pandas.core.arrays.datetimelike.DatetimeLikeArrayMixin
1320:69:Name -> Class:builtins.type
1320:74:Name -> Inst:pandas.core.arrays.datetimelike.DatetimeLikeArrayMixin
1322:13:Call -> U
1322:13:Name -> Func:builtins.getattr
1322:21:Name -> Module:pandas.core.array_algos.datetimelike_accumulations
1322:49:Name -> U
1323:17:Call -> U
1323:17:Name -> U
1323:20:Call -> Const:NoneType:None
1323:20:Attribute -> BM:pandas._libs.arrays.NDArrayBacked.copy
1323:20:Name -> Inst:pandas.core.arrays.datetimelike.DatetimeLikeArrayMixin
1323:40:Name -> Const:bool:True | U
1323:50:Name -> Dict:0
1325:15:Call -> Const:NoneType:None
1325:15:Attribute -> BM:pandas._libs.arrays.NDArrayBacked._simple_new
1325:15:Call -> Class:pandas.core.arrays.datetimelike.DatetimeLikeArrayMixin
1325:15:Name -> Class:builtins.type
1325:20:Name -> Inst:pandas.core.arrays.datetimelike.DatetimeLikeArrayMixin
1325:38:Name -> U
1325:52:Attribute -> U
1325:52:Name -> Inst:pandas.core.arrays.datetimelike.DatetimeLikeArrayMixin
1327:5:Call -> Func:pandas.core.ops.common.unpack_zerodim_and_defer.wrapper
1327:5:Name -> Func:pandas.core.ops.common.unpack_zerodim_and_defer
1329:22:Call -> U
1329:22:Name -> Func:builtins.getattr
1329:30:Name -> U
1330:16:Call -> U
1330:16:Name -> Func:pandas.core.construction.ensure_wrapped_if_datetimelike
1330:47:Name -> U
1333:11:Name -> U
1333:20:Name -> U
1334:20:Attribute -> Class:.ndarray
1334:20:Name -> U
1334:33:Name -> Class:pandas.core.arrays.datetimelike.DatetimeLikeArrayMixin
1334:58:Call -> Const:NoneType:None
1334:58:Attribute -> BM:pandas.core.arrays.datetimelike.DatetimeLikeArrayMixin._add_nat
1334:58:Name -> Inst:pandas.core.arrays.datetimelike.DatetimeLikeArrayMixin
1335:13:Call -> ERR
1335:13:Name -> Func:builtins.isinstance
1335:24:Name -> U
1335:32:Name -> Class:pandas._libs.tslibs.offsets.Tick
1335:38:Name -> Class:_pydatetime.timedelta
1335:49:Attribute -> U
1335:49:Name -> U
1336:21:Call -> Const:NoneType:None | U
1336:21:Attribute -> BM:pandas.core.arrays.datetimelike.DatetimeLikeArrayMixin._add_timedeltalike_scalar
1336:21:Name -> Inst:pandas.core.arrays.datetimelike.DatetimeLikeArrayMixin
1336:52:Name -> U
1337:13:Call -> ERR
1337:13:Name -> Func:builtins.isinstance
1337:24:Name -> U
1337:31:Name -> Class:pandas._libs.tslibs.offsets.Day
1337:40:Call -> Const:NoneType:None
1337:40:Attribute -> Func:pandas._libs.lib.is_np_dtype
1337:40:Name -> Module:pandas._libs.lib
1337:56:Attribute -> U
1337:56:Name -> Inst:pandas.core.arrays.datetimelike.DatetimeLikeArrayMixin
1339:17:Call -> Const:NoneType:None
1339:17:Attribute -> BM:pandas._libs.tslibs.timedeltas.Timedelta.as_unit
1339:17:Call -> Inst:pandas._libs.tslibs.timedeltas.Timedelta
1339:17:Name -> Class:pandas._libs.tslibs.timedeltas.Timedelta
1339:32:Attribute -> U
1339:32:Name -> U
1340:21:Call -> Const:NoneType:None | U
1340:21:Attribute -> BM:pandas.core.arrays.datetimelike.DatetimeLikeArrayMixin._add_timedeltalike_scalar
1340:21:Name -> Inst:pandas.core.arrays.datetimelike.DatetimeLikeArrayMixin
1340:52:Name -> Const:NoneType:None
1341:13:Call -> ERR
1341:13:Name -> Func:builtins.isinstance
1341:24:Name -> U
1341:31:Name -> Class:pandas._libs.tslibs.offsets.BaseOffset
1343:21:Call -> U
1343:21:Attribute -> BM:pandas.core.arrays.datetimelike.DatetimeLikeArrayMixin._add_offset
1343:21:Name -> Inst:pandas.core.arrays.datetimelike.DatetimeLikeArrayMixin
1343:38:Name -> U
1344:13:Call -> ERR
1344:13:Name -> Func:builtins.isinstance
1344:24:Name -> U
1344:32:Name -> Class:_pydatetime.datetime
1344:42:Attribute -> U
1344:42:Name -> U
1345:21:Call -> Const:NoneType:None | Const:NoneType:None
1345:21:Attribute -> BM:pandas.core.arrays.datetimelike.DatetimeLikeArrayMixin._add_datetimelike_scalar
1345:21:Name -> Inst:pandas.core.arrays.datetimelike.DatetimeLikeArrayMixin
1345:51:Name -> U
1346:13:Call -> ERR
1346:13:Name -> Func:builtins.isinstance
1346:24:Name -> U
1346:31:Name -> Class:pandas._libs.tslibs.period.Period
1346:43:Call -> Const:NoneType:None
1346:43:Attribute -> Func:pandas._libs.lib.is_np_dtype
1346:43:Name -> Module:pandas._libs.lib
1346:59:Attribute -> U
1346:59:Name -> Inst:pandas.core.arrays.datetimelike.DatetimeLikeArrayMixin
1347:21:Call -> U
1347:21:Attribute -> BM:pandas.core.arrays.datetimelike.DatetimeLikeArrayMixin._add_period
1347:21:Name -> Inst:pandas.core.arrays.datetimelike.DatetimeLikeArrayMixin
1347:38:Name -> U
1348:13:Call -> Const:NoneType:None
1348:13:Attribute -> Func:pandas._libs.lib.is_integer
1348:13:Name -> Module:pandas._libs.lib
1348:28:Name -> U
1351:19:Call -> ERR
1351:19:Name -> Func:builtins.isinstance
1351:30:Attribute -> U
1351:30:Name -> Inst:pandas.core.arrays.datetimelike.DatetimeLikeArrayMixin
1351:42:Name -> Class:pandas.core.dtypes.dtypes.PeriodDtype
1352:22:Call -> Const:NoneType:None
1352:22:Name -> Func:pandas._libs.tslibs.timestamps.integer_op_not_supported
1352:47:Name -> Inst:pandas.core.arrays.datetimelike.DatetimeLikeArrayMixin
1353:18:Call -> Inst:pandas.core.arrays.datetimelike.DatetimeLikeArrayMixin
1353:18:Name -> Func:typing.cast
1353:38:Name -> Inst:pandas.core.arrays.datetimelike.DatetimeLikeArrayMixin
1354:21:Call -> ERR
1354:21:Attribute -> ERR
1354:21:Name -> Inst:pandas.core.arrays.datetimelike.DatetimeLikeArrayMixin
1354:53:Name -> U
1354:61:Attribute -> U
1354:61:Attribute -> U
1354:61:Name -> Inst:pandas.core.arrays.datetimelike.DatetimeLikeArrayMixin
1354:75:Attribute -> Func:operator.add | Func:_operator.add
1354:75:Name -> Module:operator
1357:13:Call -> Const:NoneType:None
1357:13:Attribute -> Func:pandas._libs.lib.is_np_dtype
1357:13:Name -> Module:pandas._libs.lib
1357:29:Name -> U
1359:21:Call -> U
1359:21:Attribute -> BM:pandas.core.arrays.datetimelike.DatetimeLikeArrayMixin._add_timedelta_arraylike
1359:21:Name -> Inst:pandas.core.arrays.datetimelike.DatetimeLikeArrayMixin
1359:51:Name -> U
1360:13:Call -> Const:bool:False | U | Const:bool:False | Const:bool:False | Const:bool:False
1360:13:Name -> Func:pandas.core.dtypes.common.is_object_dtype
1360:29:Name -> U
1362:21:Call -> U
1362:21:Attribute -> BM:pandas.core.arrays.datetimelike.DatetimeLikeArrayMixin._addsub_object_array
1362:21:Name -> Inst:pandas.core.arrays.datetimelike.DatetimeLikeArrayMixin
1362:47:Name -> U
1362:54:Attribute -> Func:operator.add | Func:_operator.add
1362:54:Name -> Module:operator
1363:13:Call -> Const:NoneType:None
1363:13:Attribute -> Func:pandas._libs.lib.is_np_dtype
1363:13:Name -> Module:pandas._libs.lib
1363:29:Name -> U
1363:50:Call -> ERR
1363:50:Name -> Func:builtins.isinstance
1364:12:Name -> U
1364:25:Name -> Class:pandas.core.dtypes.dtypes.DatetimeTZDtype
1367:19:Call -> U
1367:19:Attribute -> BM:pandas.core.arrays.datetimelike.DatetimeLikeArrayMixin._add_datetime_arraylike
1367:19:Name -> Inst:pandas.core.arrays.datetimelike.DatetimeLikeArrayMixin
1367:48:Name -> U
1368:13:Call -> U
1368:13:Name -> Func:pandas.core.dtypes.common.is_integer_dtype
1368:30:Name -> U
1369:19:Call -> ERR
1369:19:Name -> Func:builtins.isinstance
1369:30:Attribute -> U
1369:30:Name -> Inst:pandas.core.arrays.datetimelike.DatetimeLikeArrayMixin
1369:42:Name -> Class:pandas.core.dtypes.dtypes.PeriodDtype
1370:22:Call -> Const:NoneType:None
1370:22:Name -> Func:pandas._libs.tslibs.timestamps.integer_op_not_supported
1370:47:Name -> Inst:pandas.core.arrays.datetimelike.DatetimeLikeArrayMixin
1371:18:Call -> Inst:pandas.core.arrays.datetimelike.DatetimeLikeArrayMixin
1371:18:Name -> Func:typing.cast
1371:38:Name -> Inst:pandas.core.arrays.datetimelike.DatetimeLikeArrayMixin
1372:21:Call -> ERR
1372:21:Attribute -> ERR
1372:21:Name -> Inst:pandas.core.arrays.datetimelike.DatetimeLikeArrayMixin
1372:53:Name -> U
1372:61:Attribute -> U
1372:61:Attribute -> U
1372:61:Name -> Inst:pandas.core.arrays.datetimelike.DatetimeLikeArrayMixin
1372:75:Attribute -> Func:operator.add | Func:_operator.add
1372:75:Name -> Module:operator
1379:19:Name -> Const:NotImplementedType:NotImplemented
1381:11:Call -> ERR
1381:11:Name -> Func:builtins.isinstance
1381:22:Name -> Const:NoneType:None | Const:NoneType:None | U
1381:30:Attribute -> Class:.ndarray
1381:30:Name -> U
1381:46:Call -> Const:NoneType:None
1381:46:Attribute -> Func:pandas._libs.lib.is_np_dtype
1381:46:Name -> Module:pandas._libs.lib
1381:62:Attribute -> U
1381:62:Name -> Const:NoneType:None | Const:NoneType:None | U | Const:NoneType:None
1384:19:Call -> Const:NoneType:None
1384:19:Attribute -> BM:pandas.core.arrays.timedeltas.TimedeltaArray._from_sequence
1384:19:Name -> Class:pandas.core.arrays.timedeltas.TimedeltaArray
1384:49:Name -> Const:NoneType:None | Const:NoneType:None | U | Const:NoneType:None
1384:63:Attribute -> U
1384:63:Name -> Const:NoneType:None | Const:NoneType:None | U | Const:NoneType:None
1385:15:Name -> Const:NoneType:None | Const:NoneType:None | U | Const:NoneType:None
1389:15:Call -> U
1389:15:Attribute -> BM:pandas.core.arrays.datetimelike.DatetimeLikeArrayMixin.__add__
1389:15:Name -> Inst:pandas.core.arrays.datetimelike.DatetimeLikeArrayMixin
1389:28:Name -> U
1391:5:Call -> Func:pandas.core.ops.common.unpack_zerodim_and_defer.wrapper
1391:5:Name -> Func:pandas.core.ops.common.unpack_zerodim_and_defer
1393:22:Call -> U
1393:22:Name -> Func:builtins.getattr
1393:30:Name -> U
1394:16:Call -> U
1394:16:Name -> Func:pandas.core.construction.ensure_wrapped_if_datetimelike
1394:47:Name -> U
1397:11:Name -> U
1397:20:Name -> U
1398:20:Attribute -> Class:.ndarray
1398:20:Name -> U
1398:33:Name -> Class:pandas.core.arrays.datetimelike.DatetimeLikeArrayMixin
1398:58:Call -> Inst:.ndarray | Inst:.ndarray
1398:58:Attribute -> BM:pandas.core.arrays.datetimelike.DatetimeLikeArrayMixin._sub_nat
1398:58:Name -> Inst:pandas.core.arrays.datetimelike.DatetimeLikeArrayMixin
1399:13:Call -> ERR
1399:13:Name -> Func:builtins.isinstance
1399:24:Name -> U
1399:32:Name -> Class:pandas._libs.tslibs.offsets.Tick
1399:38:Name -> Class:_pydatetime.timedelta
1399:49:Attribute -> U
1399:49:Name -> U
1400:21:Call -> Const:NoneType:None | U
1400:21:Attribute -> BM:pandas.core.arrays.datetimelike.DatetimeLikeArrayMixin._add_timedeltalike_scalar
1400:21:Name -> Inst:pandas.core.arrays.datetimelike.DatetimeLikeArrayMixin
1400:53:Name -> U
1401:13:Call -> ERR
1401:13:Name -> Func:builtins.isinstance
1401:24:Name -> U
1401:31:Name -> Class:pandas._libs.tslibs.offsets.Day
1401:40:Call -> Const:NoneType:None
1401:40:Attribute -> Func:pandas._libs.lib.is_np_dtype
1401:40:Name -> Module:pandas._libs.lib
1401:56:Attribute -> U
1401:56:Name -> Inst:pandas.core.arrays.datetimelike.DatetimeLikeArrayMixin
1403:17:Call -> Const:NoneType:None
1403:17:Attribute -> BM:pandas._libs.tslibs.timedeltas.Timedelta.as_unit
1403:17:Call -> Inst:pandas._libs.tslibs.timedeltas.Timedelta
1403:17:Name -> Class:pandas._libs.tslibs.timedeltas.Timedelta
1403:32:Attribute -> U
1403:32:Name -> U
1404:21:Call -> Const:NoneType:None | U
1404:21:Attribute -> BM:pandas.core.arrays.datetimelike.DatetimeLikeArrayMixin._add_timedeltalike_scalar
1404:21:Name -> Inst:pandas.core.arrays.datetimelike.DatetimeLikeArrayMixin
1404:53:Name -> Const:NoneType:None
1405:13:Call -> ERR
1405:13:Name -> Func:builtins.isinstance
1405:24:Name -> U
1405:31:Name -> Class:pandas._libs.tslibs.offsets.BaseOffset
1407:21:Call -> U
1407:21:Attribute -> BM:pandas.core.arrays.datetimelike.DatetimeLikeArrayMixin._add_offset
1407:21:Name -> Inst:pandas.core.arrays.datetimelike.DatetimeLikeArrayMixin
1407:39:Name -> U
1408:13:Call -> ERR
1408:13:Name -> Func:builtins.isinstance
1408:24:Name -> U
1408:32:Name -> Class:_pydatetime.datetime
1408:42:Attribute -> U
1408:42:Name -> U
1409:21:Call -> U
1409:21:Attribute -> BM:pandas.core.arrays.datetimelike.DatetimeLikeArrayMixin._sub_datetimelike_scalar
1409:21:Name -> Inst:pandas.core.arrays.datetimelike.DatetimeLikeArrayMixin
1409:51:Name -> U
1410:13:Call -> Const:NoneType:None
1410:13:Attribute -> Func:pandas._libs.lib.is_integer
1410:13:Name -> Module:pandas._libs.lib
1410:28:Name -> U
1413:19:Call -> ERR
1413:19:Name -> Func:builtins.isinstance
1413:30:Attribute -> U
1413:30:Name -> Inst:pandas.core.arrays.datetimelike.DatetimeLikeArrayMixin
1413:42:Name -> Class:pandas.core.dtypes.dtypes.PeriodDtype
1414:22:Call -> Const:NoneType:None
1414:22:Name -> Func:pandas._libs.tslibs.timestamps.integer_op_not_supported
1414:47:Name -> Inst:pandas.core.arrays.datetimelike.DatetimeLikeArrayMixin
1415:18:Call -> Inst:pandas.core.arrays.datetimelike.DatetimeLikeArrayMixin
1415:18:Name -> Func:typing.cast
1415:38:Name -> Inst:pandas.core.arrays.datetimelike.DatetimeLikeArrayMixin
1416:21:Call -> ERR
1416:21:Attribute -> ERR
1416:21:Name -> Inst:pandas.core.arrays.datetimelike.DatetimeLikeArrayMixin
1416:53:Name -> U
1416:61:Attribute -> U
1416:61:Attribute -> U
1416:61:Name -> Inst:pandas.core.arrays.datetimelike.DatetimeLikeArrayMixin
1416:75:Attribute -> Func:operator.sub | Func:_operator.sub
1416:75:Name -> Module:operator
1418:13:Call -> ERR
1418:13:Name -> Func:builtins.isinstance
1418:24:Name -> U
1418:31:Name -> Class:pandas._libs.tslibs.period.Period
1419:21:Call -> Inst:.ndarray
1419:21:Attribute -> BM:pandas.core.arrays.datetimelike.DatetimeLikeArrayMixin._sub_periodlike
1419:21:Name -> Inst:pandas.core.arrays.datetimelike.DatetimeLikeArrayMixin
1419:42:Name -> U
1422:13:Call -> Const:NoneType:None
1422:13:Attribute -> Func:pandas._libs.lib.is_np_dtype
1422:13:Name -> Module:pandas._libs.lib
1422:29:Name -> U
1424:21:Call -> U
1424:21:Attribute -> BM:pandas.core.arrays.datetimelike.DatetimeLikeArrayMixin._add_timedelta_arraylike
1424:21:Name -> Inst:pandas.core.arrays.datetimelike.DatetimeLikeArrayMixin
1424:52:Name -> U
1425:13:Call -> Const:bool:False | U | Const:bool:False | Const:bool:False | Const:bool:False
1425:13:Name -> Func:pandas.core.dtypes.common.is_object_dtype
1425:29:Name -> U
1427:21:Call -> U
1427:21:Attribute -> BM:pandas.core.arrays.datetimelike.DatetimeLikeArrayMixin._addsub_object_array
1427:21:Name -> Inst:pandas.core.arrays.datetimelike.DatetimeLikeArrayMixin
1427:47:Name -> U
1427:54:Attribute -> Func:operator.sub | Func:_operator.sub
1427:54:Name -> Module:operator
1428:13:Call -> Const:NoneType:None
1428:13:Attribute -> Func:pandas._libs.lib.is_np_dtype
1428:13:Name -> Module:pandas._libs.lib
1428:29:Name -> U
1428:50:Call -> ERR
1428:50:Name -> Func:builtins.isinstance
1429:12:Name -> U
1429:25:Name -> Class:pandas.core.dtypes.dtypes.DatetimeTZDtype
1432:21:Call -> U
1432:21:Attribute -> BM:pandas.core.arrays.datetimelike.DatetimeLikeArrayMixin._sub_datetime_arraylike
1432:21:Name -> Inst:pandas.core.arrays.datetimelike.DatetimeLikeArrayMixin
1432:50:Name -> U
1433:13:Call -> ERR
1433:13:Name -> Func:builtins.isinstance
1433:24:Name -> U
1433:37:Name -> Class:pandas.core.dtypes.dtypes.PeriodDtype
1435:21:Call -> Inst:.ndarray
1435:21:Attribute -> BM:pandas.core.arrays.datetimelike.DatetimeLikeArrayMixin._sub_periodlike
1435:21:Name -> Inst:pandas.core.arrays.datetimelike.DatetimeLikeArrayMixin
1435:42:Name -> U
1436:13:Call -> U
1436:13:Name -> Func:pandas.core.dtypes.common.is_integer_dtype
1436:30:Name -> U
1437:19:Call -> ERR
1437:19:Name -> Func:builtins.isinstance
1437:30:Attribute -> U
1437:30:Name -> Inst:pandas.core.arrays.datetimelike.DatetimeLikeArrayMixin
1437:42:Name -> Class:pandas.core.dtypes.dtypes.PeriodDtype
1438:22:Call -> Const:NoneType:None
1438:22:Name -> Func:pandas._libs.tslibs.timestamps.integer_op_not_supported
1438:47:Name -> Inst:pandas.core.arrays.datetimelike.DatetimeLikeArrayMixin
1439:18:Call -> Inst:pandas.core.arrays.datetimelike.DatetimeLikeArrayMixin
1439:18:Name -> Func:typing.cast
1439:38:Name -> Inst:pandas.core.arrays.datetimelike.DatetimeLikeArrayMixin
1440:21:Call -> ERR
1440:21:Attribute -> ERR
1440:21:Name -> Inst:pandas.core.arrays.datetimelike.DatetimeLikeArrayMixin
1440:53:Name -> U
1440:61:Attribute -> U
1440:61:Attribute -> U
1440:61:Name -> Inst:pandas.core.arrays.datetimelike.DatetimeLikeArrayMixin
1440:75:Attribute -> Func:operator.sub | Func:_operator.sub
1440:75:Name -> Module:operator
1443:19:Name -> Const:NotImplementedType:NotImplemented
1445:11:Call -> ERR
1445:11:Name -> Func:builtins.isinstance
1445:22:Name -> Inst:.ndarray | Inst:.ndarray | Const:NoneType:None | U
1445:30:Attribute -> Class:.ndarray
1445:30:Name -> U
1445:46:Call -> Const:NoneType:None
1445:46:Attribute -> Func:pandas._libs.lib.is_np_dtype
1445:46:Name -> Module:pandas._libs.lib
1445:62:Attribute -> Const:NoneType:None | Const:NoneType:None | U
1445:62:Name -> Inst:.ndarray | Inst:.ndarray | Const:NoneType:None | U
1448:19:Call -> Const:NoneType:None
1448:19:Attribute -> BM:pandas.core.arrays.timedeltas.TimedeltaArray._from_sequence
1448:19:Name -> Class:pandas.core.arrays.timedeltas.TimedeltaArray
1448:49:Name -> Inst:.ndarray | Inst:.ndarray | Const:NoneType:None | U
1448:63:Attribute -> Const:NoneType:None | Const:NoneType:None | U
1448:63:Name -> Inst:.ndarray | Inst:.ndarray | Const:NoneType:None | U
1449:15:Name -> Inst:.ndarray | Inst:.ndarray | Const:NoneType:None | U
1452:22:Call -> U
1452:22:Name -> Func:builtins.getattr
1452:30:Name -> U
1453:24:Call -> Const:NoneType:None
1453:24:Attribute -> Func:pandas._libs.lib.is_np_dtype
1453:24:Name -> Module:pandas._libs.lib
1453:40:Name -> U
1453:61:Call -> ERR
1453:61:Name -> Func:builtins.isinstance
1454:12:Name -> U
1454:25:Name -> Class:pandas.core.dtypes.dtypes.DatetimeTZDtype
1457:11:Name -> U
1457:29:Call -> Const:NoneType:None
1457:29:Attribute -> Func:pandas._libs.lib.is_np_dtype
1457:29:Name -> Module:pandas._libs.lib
1457:45:Attribute -> U
1457:45:Name -> Inst:pandas.core.arrays.datetimelike.DatetimeLikeArrayMixin
1460:15:Call -> Const:NoneType:None
1460:15:Attribute -> Func:pandas._libs.lib.is_scalar
1460:15:Name -> Module:pandas._libs.lib
1460:29:Name -> U
1462:23:Call -> Inst:pandas._libs.tslibs.timestamps.Timestamp
1462:23:Name -> Class:pandas._libs.tslibs.timestamps.Timestamp
1462:33:Name -> U
1462:42:Name -> Inst:pandas.core.arrays.datetimelike.DatetimeLikeArrayMixin
1463:19:Call -> ERR
1463:19:Name -> Func:builtins.isinstance
1463:30:Name -> U
1463:37:Name -> Class:pandas.core.arrays.datetimelike.DatetimeLikeArrayMixin
1467:24:Call -> U
1467:24:Attribute -> BM:pandas.core.arrays.datetimes.DatetimeArray._from_sequence
1467:24:Name -> Class:pandas.core.arrays.datetimes.DatetimeArray
1467:53:Name -> U
1467:66:Attribute -> U
1467:66:Name -> U
1468:19:Name -> U
1468:27:Name -> Inst:pandas.core.arrays.datetimelike.DatetimeLikeArrayMixin
1469:13:Attribute -> U
1469:13:Attribute -> U
1469:13:Name -> Inst:pandas.core.arrays.datetimelike.DatetimeLikeArrayMixin
1469:40:Call -> U
1469:40:Name -> Func:builtins.hasattr
1469:48:Name -> U
1469:72:Name -> U
1472:18:Call -> ExcInst:builtins.TypeError
1472:18:Name -> Class:builtins.TypeError
1473:35:Attribute -> Const:str:'DatetimeLikeArrayMixin'
1473:35:Call -> Class:pandas.core.arrays.datetimelike.DatetimeLikeArrayMixin
1473:35:Name -> Class:builtins.type
1473:40:Name -> Inst:pandas.core.arrays.datetimelike.DatetimeLikeArrayMixin
1474:19:Attribute -> U
1474:19:Call -> U
1474:19:Name -> Class:builtins.type
1474:24:Name -> U
1474:42:Attribute -> U
1474:42:Name -> U
1476:13:Call -> ERR
1476:13:Name -> Func:builtins.isinstance
1476:24:Attribute -> U
1476:24:Name -> Inst:pandas.core.arrays.datetimelike.DatetimeLikeArrayMixin
1476:36:Name -> Class:pandas.core.dtypes.dtypes.PeriodDtype
1476:53:Call -> Const:NoneType:None
1476:53:Attribute -> Func:pandas._libs.lib.is_np_dtype
1476:53:Name -> Module:pandas._libs.lib
1476:69:Name -> U
1478:18:Call -> ExcInst:builtins.TypeError
1478:18:Name -> Class:builtins.TypeError
1478:47:Attribute -> Const:str:'DatetimeLikeArrayMixin'
1478:47:Call -> Class:pandas.core.arrays.datetimelike.DatetimeLikeArrayMixin
1478:47:Name -> Class:builtins.type
1478:52:Name -> Inst:pandas.core.arrays.datetimelike.DatetimeLikeArrayMixin
1478:74:Attribute -> U
1478:74:Name -> U
1479:13:Call -> Const:NoneType:None
1479:13:Attribute -> Func:pandas._libs.lib.is_np_dtype
1479:13:Name -> Module:pandas._libs.lib
1479:29:Attribute -> U
1479:29:Name -> Inst:pandas.core.arrays.datetimelike.DatetimeLikeArrayMixin
1480:19:Call -> Inst:pandas.core.arrays.datetimelike.DatetimeLikeArrayMixin
1480:19:Name -> Func:typing.cast
1480:42:Name -> Inst:pandas.core.arrays.datetimelike.DatetimeLikeArrayMixin
1481:21:Name -> Inst:pandas.core.arrays.datetimelike.DatetimeLikeArrayMixin
1481:29:Name -> U
1483:18:Name -> Inst:pandas.core.arrays.datetimelike.DatetimeLikeArrayMixin
1483:25:Name -> U
1484:11:Attribute -> U
1484:11:Attribute -> U
1484:11:Name -> U
1486:18:Call -> ExcInst:builtins.TypeError
1486:18:Name -> Class:builtins.TypeError
1487:35:Attribute -> Const:str:'DatetimeLikeArrayMixin'
1487:35:Call -> Class:pandas.core.arrays.datetimelike.DatetimeLikeArrayMixin
1487:35:Name -> Class:builtins.type
1487:40:Name -> Inst:pandas.core.arrays.datetimelike.DatetimeLikeArrayMixin
1487:62:Attribute -> U
1487:62:Call -> U
1487:62:Name -> Class:builtins.type
1487:67:Name -> U
1490:16:Name -> U
1492:33:Name -> Func:typing.Self
1493:17:Name -> Inst:pandas.core.arrays.datetimelike.DatetimeLikeArrayMixin
1493:24:Name -> U
1494:8:Name -> Inst:pandas.core.arrays.datetimelike.DatetimeLikeArrayMixin
1494:18:Name -> U
1495:15:Name -> Inst:pandas.core.arrays.datetimelike.DatetimeLikeArrayMixin
1497:33:Name -> Func:typing.Self
1498:17:Name -> Inst:pandas.core.arrays.datetimelike.DatetimeLikeArrayMixin
1498:24:Name -> U
1499:8:Name -> Inst:pandas.core.arrays.datetimelike.DatetimeLikeArrayMixin
1499:18:Name -> U
1500:15:Name -> Inst:pandas.core.arrays.datetimelike.DatetimeLikeArrayMixin
1505:5:Name -> Func:pandas.core.arrays.datetimelike._period_dispatch
1508:12:Attribute -> U
1508:12:Name -> U
1508:24:Attribute -> U
1508:24:Name -> U
1509:23:Name -> Class:builtins.str
1510:9:Name -> Func:typing.Self
1511:15:Call -> Const:NoneType:None | Inst:pandas.core.arrays._mixins.NDArrayBackedExtensionArray | U
1511:15:Attribute -> BM:pandas.core.arrays._mixins.NDArrayBackedExtensionArray._quantile | BM:pandas.core.arrays.base.ExtensionArray._quantile
1511:15:Call -> Super
1511:15:Name -> Class:builtins.super
1511:36:Name -> U
1511:54:Name -> U
1513:5:Name -> Func:pandas.core.arrays.datetimelike._period_dispatch
1514:27:Name -> Class:builtins.int
1514:58:Name -> Class:builtins.bool
1525:8:Call -> ERR
1525:8:Attribute -> Inst:pandas.compat.numpy.function.CompatValidator
1525:8:Name -> Module:pandas.compat.numpy.function
1525:28:Name -> Dict:0
1526:8:Call -> Const:NoneType:None
1526:8:Attribute -> Func:pandas.compat.numpy.function.validate_minmax_axis
1526:8:Name -> Module:pandas.compat.numpy.function
1526:32:Name -> Const:NoneType:None | U
1526:38:Attribute -> Const:NoneType:None
1526:38:Name -> Inst:pandas.core.arrays.datetimelike.DatetimeLikeArrayMixin
1528:17:Call -> U | Const:int:0 | Const:bool:False
1528:17:Attribute -> Func:pandas.core.nanops._nanminmax.reduction
1528:17:Name -> Module:pandas.core.nanops
1528:31:Attribute -> ERR
1528:31:Name -> Inst:pandas.core.arrays.datetimelike.DatetimeLikeArrayMixin
1528:51:Name -> Const:NoneType:None | U
1528:64:Name -> Const:bool:True | U
1529:15:Call -> U | Const:NoneType:None
1529:15:Attribute -> BM:pandas.core.arrays._mixins.NDArrayBackedExtensionArray._wrap_reduction_result
1529:15:Name -> Inst:pandas.core.arrays.datetimelike.DatetimeLikeArrayMixin
1529:43:Name -> Const:NoneType:None | U
1529:49:Name -> U | Const:int:0 | Const:bool:False
1531:5:Name -> Func:pandas.core.arrays.datetimelike._period_dispatch
1532:27:Name -> Class:builtins.int
1532:58:Name -> Class:builtins.bool
1543:8:Call -> ERR
1543:8:Attribute -> Inst:pandas.compat.numpy.function.CompatValidator
1543:8:Name -> Module:pandas.compat.numpy.function
1543:28:Name -> Dict:0
1544:8:Call -> Const:NoneType:None
1544:8:Attribute -> Func:pandas.compat.numpy.function.validate_minmax_axis
1544:8:Name -> Module:pandas.compat.numpy.function
1544:32:Name -> Const:NoneType:None | U
1544:38:Attribute -> Const:NoneType:None
1544:38:Name -> Inst:pandas.core.arrays.datetimelike.DatetimeLikeArrayMixin
1546:17:Call -> U | Const:int:0 | Const:bool:False
1546:17:Attribute -> Func:pandas.core.nanops._nanminmax.reduction
1546:17:Name -> Module:pandas.core.nanops
1546:31:Attribute -> ERR
1546:31:Name -> Inst:pandas.core.arrays.datetimelike.DatetimeLikeArrayMixin
1546:51:Name -> Const:NoneType:None | U
1546:64:Name -> Const:bool:True | U
1547:15:Call -> U | Const:NoneType:None
1547:15:Attribute -> BM:pandas.core.arrays._mixins.NDArrayBackedExtensionArray._wrap_reduction_result
1547:15:Name -> Inst:pandas.core.arrays.datetimelike.DatetimeLikeArrayMixin
1547:43:Name -> Const:NoneType:None | U
1547:49:Name -> U | Const:int:0 | Const:bool:False
1549:30:Name -> Class:builtins.bool
1549:49:Name -> Class:builtins.int
1594:11:Call -> ERR
1594:11:Name -> Func:builtins.isinstance
1594:22:Attribute -> U
1594:22:Name -> Inst:pandas.core.arrays.datetimelike.DatetimeLikeArrayMixin
1594:34:Name -> Class:pandas.core.dtypes.dtypes.PeriodDtype
1596:18:Call -> ExcInst:builtins.TypeError
1596:18:Name -> Class:builtins.TypeError
1597:47:Attribute -> Const:str:'DatetimeLikeArrayMixin'
1597:47:Call -> Class:pandas.core.arrays.datetimelike.DatetimeLikeArrayMixin
1597:47:Name -> Class:builtins.type
1597:52:Name -> Inst:pandas.core.arrays.datetimelike.DatetimeLikeArrayMixin
1602:17:Call -> U
1602:17:Attribute -> Func:pandas.core.nanops.nanmean
1602:17:Name -> Module:pandas.core.nanops
1603:12:Attribute -> ERR
1603:12:Name -> Inst:pandas.core.arrays.datetimelike.DatetimeLikeArrayMixin
1603:32:Name -> Const:int:0 | U
1603:45:Name -> Const:bool:True | U
1603:58:Call -> U
1603:58:Attribute -> BM:pandas.core.arrays.datetimelike.DatetimeLikeArrayMixin.isna
1603:58:Name -> Inst:pandas.core.arrays.datetimelike.DatetimeLikeArrayMixin
1605:15:Call -> U | Const:NoneType:None
1605:15:Attribute -> BM:pandas.core.arrays._mixins.NDArrayBackedExtensionArray._wrap_reduction_result
1605:15:Name -> Inst:pandas.core.arrays.datetimelike.DatetimeLikeArrayMixin
1605:43:Name -> Const:int:0 | U
1605:49:Name -> U
1607:5:Name -> Func:pandas.core.arrays.datetimelike._period_dispatch
1608:30:Name -> Class:builtins.int
1608:61:Name -> Class:builtins.bool
1609:8:Call -> ERR
1609:8:Attribute -> Inst:pandas.compat.numpy.function.CompatValidator
1609:8:Name -> Module:pandas.compat.numpy.function
1609:31:Name -> Dict:0
1611:11:Name -> Const:NoneType:None | U
1611:32:Call -> ERR
1611:32:Name -> Func:builtins.abs
1611:36:Name -> Const:NoneType:None | U
1611:45:Attribute -> Const:NoneType:None
1611:45:Name -> Inst:pandas.core.arrays.datetimelike.DatetimeLikeArrayMixin
1612:18:Call -> ExcInst:builtins.ValueError
1612:18:Name -> Class:builtins.ValueError
1614:17:Call -> U | Inst:.ndarray | Inst:.ndarray
1614:17:Attribute -> Func:pandas.core.nanops.nanmedian
1614:17:Name -> Module:pandas.core.nanops
1614:34:Attribute -> ERR
1614:34:Name -> Inst:pandas.core.arrays.datetimelike.DatetimeLikeArrayMixin
1614:54:Name -> Const:NoneType:None | U
1614:67:Name -> Const:bool:True | U
1615:15:Call -> U | Const:NoneType:None
1615:15:Attribute -> BM:pandas.core.arrays._mixins.NDArrayBackedExtensionArray._wrap_reduction_result
1615:15:Name -> Inst:pandas.core.arrays.datetimelike.DatetimeLikeArrayMixin
1615:43:Name -> Const:NoneType:None | U
1615:49:Name -> U | Inst:.ndarray | Inst:.ndarray
1617:28:Name -> Class:builtins.bool
1619:11:Name -> Const:bool:True | U
1620:19:Call -> U
1620:19:Attribute -> BM:pandas.core.arrays.datetimelike.DatetimeLikeArrayMixin.isna
1620:19:Name -> Inst:pandas.core.arrays.datetimelike.DatetimeLikeArrayMixin
1622:21:Call -> U
1622:21:Attribute -> Func:pandas.core.algorithms.mode
1622:21:Name -> Module:pandas.core.algorithms
1622:37:Call -> Const:NoneType:None | Const:NoneType:None
1622:37:Attribute -> BM:pandas.core.arrays.datetimelike.DatetimeLikeArrayMixin.view
1622:37:Name -> Inst:pandas.core.arrays.datetimelike.DatetimeLikeArrayMixin
1622:59:Name -> Const:NoneType:None | U
1623:18:Call -> U
1623:18:Attribute -> U
1623:18:Name -> U
1623:31:Attribute -> ERR
1623:31:Attribute -> ERR
1623:31:Name -> Inst:pandas.core.arrays.datetimelike.DatetimeLikeArrayMixin
1624:18:Call -> U
1624:18:Name -> Func:typing.cast
1624:37:Name -> U
1625:15:Call -> Const:NoneType:None
1625:15:Attribute -> BM:pandas._libs.arrays.NDArrayBacked._from_backing_data
1625:15:Name -> Inst:pandas.core.arrays.datetimelike.DatetimeLikeArrayMixin
1625:39:Name -> U
1633:13:Name -> Class:builtins.str
1634:24:Name -> Class:builtins.bool
1635:19:Name -> Class:builtins.int
1636:17:Name -> Class:builtins.int
1637:13:Attribute -> U
1637:13:Name -> U
1637:25:Attribute -> U
1637:25:Name -> U
1640:16:Attribute -> U
1640:16:Name -> Inst:pandas.core.arrays.datetimelike.DatetimeLikeArrayMixin
1641:11:Attribute -> U
1641:11:Name -> U
1643:15:Name -> U
1644:22:Call -> ExcInst:builtins.TypeError
1644:22:Name -> Class:builtins.TypeError
1644:79:Name -> U
1645:15:Name -> U
1647:22:Call -> ExcInst:builtins.TypeError
1647:22:Name -> Class:builtins.TypeError
1648:24:Name -> U
1649:52:Name -> U
1652:13:Call -> ERR
1652:13:Name -> Func:builtins.isinstance
1652:24:Name -> U
1652:31:Name -> Class:pandas.core.dtypes.dtypes.PeriodDtype
1654:15:Name -> U
1655:22:Call -> ExcInst:builtins.TypeError
1655:22:Name -> Class:builtins.TypeError
1655:64:Name -> U
1656:15:Name -> U
1658:22:Call -> ExcInst:builtins.TypeError
1658:22:Name -> Class:builtins.TypeError
1659:24:Name -> U
1660:55:Name -> U
1663:13:Name -> U
1664:18:Call -> ExcInst:builtins.TypeError
1664:18:Name -> Class:builtins.TypeError
1664:65:Name -> U
1668:19:Call -> ERR
1668:19:Attribute -> ERR
1668:19:Attribute -> ERR
1668:19:Name -> Inst:pandas.core.arrays.datetimelike.DatetimeLikeArrayMixin
1672:15:Call -> Const:str:'aggregate' | Const:str:'transform'
1672:15:Attribute -> BM:pandas.core.groupby.ops.WrappedCythonOp.get_kind_from_how
1672:15:Name -> Class:pandas.core.groupby.ops.WrappedCythonOp
1672:49:Name -> U
1673:13:Call -> Inst:pandas.core.groupby.ops.WrappedCythonOp
1673:13:Name -> Class:pandas.core.groupby.ops.WrappedCythonOp
1673:33:Name -> U
1673:43:Name -> Const:str:'aggregate' | Const:str:'transform'
1673:64:Name -> U
1675:21:Call -> U
1675:21:Attribute -> BM:pandas.core.groupby.ops.WrappedCythonOp._cython_op_ndim_compat
1675:21:Name -> Inst:pandas.core.groupby.ops.WrappedCythonOp
1676:12:Name -> U
1677:22:Name -> U
1678:20:Name -> U
1679:21:Name -> U
1681:14:Name -> Dict:0
1684:11:Attribute -> U
1684:11:Name -> Inst:pandas.core.groupby.ops.WrappedCythonOp
1684:21:Attribute -> Frozen
1684:21:Name -> Inst:pandas.core.groupby.ops.WrappedCythonOp
1687:19:Name -> U
1690:15:Attribute -> U
1690:15:Name -> U
1691:11:Name -> U
1694:15:Call -> ERR
1694:15:Name -> Func:builtins.isinstance
1694:26:Attribute -> U
1694:26:Name -> Inst:pandas.core.arrays.datetimelike.DatetimeLikeArrayMixin
1694:38:Name -> Class:pandas.core.dtypes.dtypes.PeriodDtype
1695:22:Call -> ExcInst:builtins.TypeError
1695:22:Name -> Class:builtins.TypeError
1696:19:Call -> Inst:pandas.core.arrays.datetimelike.DatetimeLikeArrayMixin
1696:19:Name -> Func:typing.cast
1696:58:Name -> Inst:pandas.core.arrays.datetimelike.DatetimeLikeArrayMixin
1697:30:Attribute -> ERR
1697:30:Name -> Inst:pandas.core.arrays.datetimelike.DatetimeLikeArrayMixin
1698:25:Call -> U
1698:25:Attribute -> U
1698:25:Name -> U
1698:41:Name -> U
1699:19:Call -> Const:NoneType:None
1699:19:Attribute -> BM:pandas.core.arrays.timedeltas.TimedeltaArray._simple_new
1699:19:Name -> Class:pandas.core.arrays.timedeltas.TimedeltaArray
1699:46:Name -> U
1699:64:Attribute -> U
1699:64:Name -> U
1701:21:Call -> U
1701:21:Attribute -> U
1701:21:Name -> U
1701:37:Attribute -> ERR
1701:37:Attribute -> ERR
1701:37:Name -> Inst:pandas.core.arrays.datetimelike.DatetimeLikeArrayMixin
1702:15:Call -> Const:NoneType:None
1702:15:Attribute -> BM:pandas._libs.arrays.NDArrayBacked._from_backing_data
1702:15:Name -> Inst:pandas.core.arrays.datetimelike.DatetimeLikeArrayMixin
1702:39:Name -> U
1707:12:Attribute -> U
1707:12:Name -> U
1707:24:Attribute -> U
1707:24:Name -> U
1708:23:Name -> Func:typing.Literal
1709:13:Attribute -> U
1709:13:Name -> U
1709:25:Attribute -> U
1709:25:Name -> U
1710:17:Name -> Class:builtins.int
1711:16:Attribute -> U
1711:16:Name -> U
1711:28:Attribute -> U
1711:28:Name -> U
1712:14:Attribute -> U
1712:14:Name -> U
1712:26:Attribute -> U
1712:26:Name -> U
1713:9:Name -> Class:.Union
1714:14:Call -> ERR
1714:14:Name -> Func:builtins.len
1714:18:Name -> U
1715:15:Call -> U
1715:15:Attribute -> BM:pandas.core.arrays.datetimelike.DatetimeLikeArrayMixin.isna
1715:15:Name -> Inst:pandas.core.arrays.datetimelike.DatetimeLikeArrayMixin
1716:17:Attribute -> U
1716:17:Name -> Inst:pandas.core.arrays.datetimelike.DatetimeLikeArrayMixin
1720:11:Attribute -> Const:NoneType:None
1720:11:Name -> Inst:pandas.core.arrays.datetimelike.DatetimeLikeArrayMixin
1721:20:Attribute -> ERR
1721:20:Attribute -> ERR
1721:20:Name -> Inst:pandas.core.arrays.datetimelike.DatetimeLikeArrayMixin
1723:14:Call -> Inst:.ndarray
1723:14:Attribute -> Func:.empty
1723:14:Name -> U
1723:24:Name -> Const:int:1 | U
1723:31:Name -> U
1723:40:Name -> U
1723:52:Attribute -> U
1723:52:Name -> U
1724:19:Call -> Inst:builtins.range
1724:19:Name -> Class:builtins.range
1724:25:Name -> Const:int:1 | U
1725:15:Attribute -> Const:NoneType:None
1725:15:Name -> Inst:pandas.core.arrays.datetimelike.DatetimeLikeArrayMixin
1726:27:Name -> U
1726:32:Name -> U
1727:27:Name -> U
1727:34:Name -> U
1729:27:Name -> U
1730:27:Name -> U
1732:12:Call -> Const:NoneType:None
1732:12:Attribute -> Func:pandas._libs.groupby.group_quantile
1732:12:Name -> Module:pandas._libs.groupby
1733:16:Name -> Inst:.ndarray
1733:20:Name -> U
1734:23:Name -> U
1735:21:Name -> U
1736:23:Name -> U
1737:19:Name -> U
1738:30:Name -> U
1739:23:Name -> U
1740:21:Name -> U
1745:11:Attribute -> Const:NoneType:None
1745:11:Name -> Inst:pandas.core.arrays.datetimelike.DatetimeLikeArrayMixin
1746:18:Call -> Inst:.ndarray
1746:18:Attribute -> BM:.ndarray.ravel
1746:18:Name -> Inst:.ndarray
1748:18:Call -> Inst:.ndarray
1748:18:Attribute -> BM:.ndarray.reshape
1748:18:Name -> Inst:.ndarray
1748:30:Name -> Const:int:1 | U
1748:37:Name -> U
1748:47:Name -> U
1750:14:Call -> Inst:.ndarray | Inst:.ndarray | Inst:.ndarray
1750:14:Attribute -> BM:.ndarray.view | BM:.ndarray.view | BM:.ndarray.view
1750:14:Call -> Inst:.ndarray | Inst:.ndarray | Inst:.ndarray
1750:14:Attribute -> BM:.ndarray.astype | BM:.ndarray.astype | BM:.ndarray.astype
1750:14:Name -> Inst:.ndarray | Inst:.ndarray | Inst:.ndarray
1750:36:Attribute -> ERR
1750:36:Attribute -> ERR
1750:36:Name -> Inst:pandas.core.arrays.datetimelike.DatetimeLikeArrayMixin
1751:15:Call -> Const:NoneType:None
1751:15:Attribute -> BM:pandas._libs.arrays.NDArrayBacked._from_backing_data
1751:15:Name -> Inst:pandas.core.arrays.datetimelike.DatetimeLikeArrayMixin
1751:39:Name -> Inst:.ndarray | Inst:.ndarray | Inst:.ndarray
1754:18:Name -> Class:pandas.core.arrays.datetimelike.DatetimeLikeArrayMixin
1759:36:Name -> Class:builtins.str
1759:44:Attribute -> U
1759:44:Name -> U
1759:56:Attribute -> U
1759:56:Name -> U
1804:17:Call -> U
1804:17:Attribute -> BM:pandas.core.arrays.datetimelike.DatetimeLikeArrayMixin._format_native_types
1804:17:Name -> Inst:pandas.core.arrays.datetimelike.DatelikeOps
1804:55:Name -> U
1804:75:Attribute -> U
1804:75:Name -> U
1805:11:Call -> U
1805:11:Name -> Func:pandas._config.using_string_dtype
1808:19:Call -> U
1808:19:Name -> Func:pandas.core.construction.array
1808:28:Name -> U
1808:42:Call -> Inst:pandas.core.arrays.string_.StringDtype
1808:42:Name -> Class:pandas.core.arrays.string_.StringDtype
1808:63:Attribute -> U
1808:63:Name -> U
1809:15:Call -> U
1809:15:Attribute -> U
1809:15:Name -> U
1809:29:Name -> Class:builtins.object
1815:18:Name -> Class:pandas.core.arrays.datetimelike.DatetimeLikeArrayMixin
1820:5:Name -> Class:builtins.classmethod
1822:14:Call -> ExcInst:pandas.errors.AbstractMethodError
1822:14:Name -> Class:pandas.errors.AbstractMethodError
1822:34:Name -> Class:pandas.core.arrays.datetimelike.TimelikeOps
1824:40:Attribute -> Class:.ndarray
1824:40:Name -> U
1824:55:Attribute -> Class:.ndarray
1824:55:Name -> U
1825:14:Call -> ExcInst:pandas.errors.AbstractMethodError
1825:14:Name -> Class:pandas.errors.AbstractMethodError
1825:34:Name -> Inst:pandas.core.arrays.datetimelike.TimelikeOps
1827:26:Name -> Class:_collections_abc.Iterator
1828:11:Attribute -> Const:NoneType:None
1828:11:Name -> Inst:pandas.core.arrays.datetimelike.TimelikeOps
1829:21:Call -> Inst:builtins.range
1829:21:Name -> Class:builtins.range
1829:27:Call -> ERR
1829:27:Name -> Func:builtins.len
1829:31:Name -> Inst:pandas.core.arrays.datetimelike.TimelikeOps
1830:22:Name -> Inst:pandas.core.arrays.datetimelike.TimelikeOps
1830:27:Name -> U
1833:19:Attribute -> ERR
1833:19:Name -> Inst:pandas.core.arrays.datetimelike.TimelikeOps
1834:21:Call -> ERR
1834:21:Name -> Func:builtins.len
1834:25:Name -> Inst:pandas.core.arrays.datetimelike.TimelikeOps
1835:24:Name -> Const:int:10000
1836:22:Name -> U
1836:32:Name -> Const:int:10000
1837:21:Call -> Inst:builtins.range
1837:21:Name -> Class:builtins.range
1837:27:Name -> U
1838:26:Name -> U
1838:30:Name -> Const:int:10000
1839:24:Call -> ERR
1839:24:Name -> Func:builtins.min
1839:29:Name -> U
1839:38:Name -> Const:int:10000
1839:49:Name -> U
1840:27:Call -> U
1840:27:Attribute -> BM:pandas.core.arrays.datetimelike.TimelikeOps._iter_convert_chunk
1840:27:Name -> Inst:pandas.core.arrays.datetimelike.TimelikeOps
1840:52:Name -> U
1840:57:Name -> U
1840:65:Name -> U
1842:5:Name -> Func:typing.final
1843:5:Name -> Class:builtins.classmethod
1844:46:Name -> Class:pandas._libs.tslibs.offsets.BaseOffset
1856:19:Attribute -> U
1856:19:Name -> U
1857:11:Attribute -> U
1857:11:Name -> U
1857:30:Name -> U
1857:42:Attribute -> U
1857:42:Name -> U
1861:22:Call -> U
1861:22:Attribute -> BM:pandas.core.arrays.datetimelike.TimelikeOps._generate_range
1861:22:Name -> Class:pandas.core.arrays.datetimelike.TimelikeOps
1862:22:Name -> U
1864:24:Call -> ERR
1864:24:Name -> Func:builtins.len
1864:28:Name -> U
1865:21:Name -> U
1866:21:Attribute -> U
1866:21:Name -> U
1867:18:Name -> Dict:0
1869:19:Call -> Const:NoneType:None
1869:19:Attribute -> Func:pandas._libs.lib.array_equivalent_bytes
1869:19:Name -> Module:pandas._libs.lib
1869:46:Attribute -> U
1869:46:Name -> U
1869:58:Attribute -> U
1869:58:Name -> U
1870:22:Name -> Class:builtins.ValueError
1871:15:Name -> Class:builtins.ValueError
1872:30:Call -> Const:str:''
1872:30:Name -> Class:builtins.str
1872:34:Name -> ExcInst:builtins.ValueError
1875:22:Name -> ExcInst:builtins.ValueError
1881:18:Call -> ExcInst:builtins.ValueError
1881:18:Name -> Class:builtins.ValueError
1882:38:Name -> U
1883:56:Attribute -> U
1883:56:Name -> U
1884:19:Name -> ExcInst:builtins.ValueError
1886:5:Name -> Class:builtins.classmethod
1888:34:Name -> Class:builtins.int
1889:9:Name -> Func:typing.Self
1890:14:Call -> ExcInst:pandas.errors.AbstractMethodError
1890:14:Name -> Class:pandas.errors.AbstractMethodError
1890:34:Name -> Class:pandas.core.arrays.datetimelike.TimelikeOps
1894:5:Name -> Class:builtins.property
1895:24:Name -> Class:builtins.int
1896:15:Call -> Const:NoneType:None
1896:15:Name -> Func:pandas._libs.tslibs.np_datetime.py_get_unit_from_dtype
1896:35:Attribute -> ERR
1896:35:Attribute -> ERR
1896:35:Name -> Inst:pandas.core.arrays.datetimelike.TimelikeOps
1898:5:Name -> Class:builtins.property
1899:22:Name -> Class:.Literal
1925:15:Call -> U
1925:15:Name -> Func:pandas.core.arrays.datetimelike.dtype_to_unit
1925:29:Attribute -> U
1925:29:Name -> Inst:pandas.core.arrays.datetimelike.TimelikeOps
1927:28:Name -> Class:.Literal
1927:48:Name -> Class:builtins.bool
1927:64:Name -> Func:typing.Self
1969:11:Name -> U
1970:18:Call -> ExcInst:builtins.ValueError
1970:18:Name -> Class:builtins.ValueError
1972:16:Call -> U
1972:16:Attribute -> U
1972:16:Name -> U
1972:28:Attribute -> U
1972:28:Attribute -> U
1972:28:Name -> Inst:pandas.core.arrays.datetimelike.TimelikeOps
1972:47:Name -> U
1973:21:Call -> Const:NoneType:None
1973:21:Name -> Func:pandas._libs.tslibs.np_datetime.astype_overflowsafe
1973:41:Attribute -> ERR
1973:41:Name -> Inst:pandas.core.arrays.datetimelike.TimelikeOps
1973:56:Name -> U
1973:72:Name -> Const:bool:True | U
1975:11:Call -> ERR
1975:11:Name -> Func:builtins.isinstance
1975:22:Attribute -> U
1975:22:Name -> Inst:pandas.core.arrays.datetimelike.TimelikeOps
1975:34:Attribute -> U
1975:34:Name -> U
1976:24:Attribute -> ERR
1976:24:Name -> Const:NoneType:None
1978:17:Attribute -> ERR
1978:17:Call -> Inst:pandas.core.arrays.datetimelike.TimelikeOps
1978:17:Name -> Func:typing.cast
1978:39:Name -> Inst:pandas.core.arrays.datetimelike.TimelikeOps
1979:24:Call -> Inst:pandas.core.dtypes.dtypes.DatetimeTZDtype
1979:24:Name -> Class:pandas.core.dtypes.dtypes.DatetimeTZDtype
1979:43:Name -> U
1979:52:Name -> U
1981:15:Call -> Const:NoneType:None
1981:15:Attribute -> BM:pandas._libs.arrays.NDArrayBacked._simple_new
1981:15:Call -> Class:pandas.core.arrays.datetimelike.TimelikeOps
1981:15:Name -> Class:builtins.type
1981:20:Name -> Inst:pandas.core.arrays.datetimelike.TimelikeOps
1982:12:Name -> Const:NoneType:None
1983:18:Name -> U | Inst:pandas.core.dtypes.dtypes.DatetimeTZDtype
1989:11:Attribute -> Const:NoneType:None
1989:11:Name -> Inst:pandas.core.arrays.datetimelike.TimelikeOps
1989:26:Attribute -> U
1989:26:Name -> U
1991:15:Attribute -> Const:NoneType:None
1991:15:Name -> Inst:pandas.core.arrays.datetimelike.TimelikeOps
1991:29:Attribute -> U
1991:29:Name -> U
1992:23:Call -> Const:NoneType:None
1992:23:Attribute -> BM:pandas.core.arrays.datetimelike.TimelikeOps.as_unit
1992:23:Name -> Inst:pandas.core.arrays.datetimelike.TimelikeOps
1992:36:Attribute -> U
1992:36:Name -> U
1994:24:Call -> U
1994:24:Attribute -> U
1994:24:Name -> U
1994:38:Attribute -> U
1994:38:Name -> Inst:pandas.core.arrays.datetimelike.TimelikeOps
1995:15:Name -> Inst:pandas.core.arrays.datetimelike.TimelikeOps | Const:NoneType:None
1995:21:Name -> U
1999:37:Attribute -> U
1999:37:Name -> U
1999:55:Name -> Class:builtins.str
2001:12:Name -> U
2001:22:Attribute -> U
2001:22:Name -> U
2001:32:Attribute -> U
2001:32:Name -> U
2001:42:Attribute -> U
2001:42:Name -> U
2002:16:Call -> Const:int:0
2002:16:Name -> Func:builtins.len
2002:20:Name -> Tuple:0
2003:16:Name -> Tuple:0
2003:29:Name -> Inst:pandas.core.arrays.datetimelike.TimelikeOps
2006:19:Call -> U
2006:19:Call -> U
2006:19:Name -> Func:builtins.getattr
2006:27:Name -> U
2006:34:Name -> U
2006:42:Attribute -> ERR
2006:42:Name -> Inst:pandas.core.arrays.datetimelike.TimelikeOps
2006:59:Name -> Dict:0
2008:15:Call -> Const:NotImplementedType:NotImplemented | Const:NoneType:None | U | Inst:builtins.float | Inst:builtins.complex | Inst:pandas._libs.tslibs.timestamps.Timestamp
2008:15:Attribute -> BM:pandas.core.arrays.base.ExtensionArray.__array_ufunc__
2008:15:Call -> Super
2008:15:Name -> Class:builtins.super
2008:39:Name -> U
2008:46:Name -> U
2008:55:Name -> Tuple:0
2008:65:Name -> Dict:0
2012:11:Call -> ERR
2012:11:Name -> Func:builtins.isinstance
2012:22:Attribute -> U
2012:22:Name -> Inst:pandas.core.arrays.datetimelike.TimelikeOps
2012:34:Name -> Class:pandas.core.dtypes.dtypes.DatetimeTZDtype
2014:19:Call -> Inst:pandas.core.arrays.datetimelike.TimelikeOps
2014:19:Name -> Func:typing.cast
2014:41:Name -> Inst:pandas.core.arrays.datetimelike.TimelikeOps
2015:20:Call -> ERR
2015:20:Attribute -> ERR
2015:20:Name -> Inst:pandas.core.arrays.datetimelike.TimelikeOps
2016:21:Call -> U
2016:21:Attribute -> U
2016:21:Name -> U
2016:34:Name -> U
2016:40:Name -> U
2016:46:Name -> U
2016:57:Name -> U
2017:19:Call -> U
2017:19:Attribute -> U
2017:19:Name -> U
2018:16:Attribute -> ERR
2018:16:Name -> Inst:pandas.core.arrays.datetimelike.TimelikeOps
2018:35:Name -> U
2018:58:Name -> U
2021:17:Call -> Const:NoneType:None | Const:NoneType:None
2021:17:Attribute -> BM:pandas.core.arrays.datetimelike.DatetimeLikeArrayMixin.view
2021:17:Name -> Inst:pandas.core.arrays.datetimelike.TimelikeOps
2022:17:Call -> Const:NoneType:None | Const:NoneType:None
2022:17:Name -> Func:typing.cast
2022:36:Name -> Const:NoneType:None | Const:NoneType:None
2023:16:Call -> Const:NoneType:None
2023:16:Name -> Func:pandas._libs.tslibs.timedeltas.get_unit_for_round
2023:35:Name -> U
2023:41:Attribute -> Const:NoneType:None
2023:41:Name -> Inst:pandas.core.arrays.datetimelike.TimelikeOps
2024:11:Name -> Const:NoneType:None
2026:19:Call -> Const:NoneType:None
2026:19:Attribute -> BM:pandas._libs.arrays.NDArrayBacked.copy
2026:19:Name -> Inst:pandas.core.arrays.datetimelike.TimelikeOps
2027:20:Call -> Const:NoneType:None
2027:20:Name -> Func:pandas._libs.tslibs.fields.round_nsint64
2027:34:Name -> Const:NoneType:None | Const:NoneType:None
2027:42:Name -> U
2027:48:Name -> Const:NoneType:None
2028:17:Call -> Const:NoneType:None | U
2028:17:Attribute -> BM:pandas.core.arrays.datetimelike.DatetimeLikeArrayMixin._maybe_mask_results
2028:17:Name -> Inst:pandas.core.arrays.datetimelike.TimelikeOps
2028:42:Name -> Const:NoneType:None
2028:64:Name -> U
2029:17:Call -> U
2029:17:Attribute -> U
2029:17:Name -> Const:NoneType:None | U
2029:29:Attribute -> ERR
2029:29:Attribute -> ERR
2029:29:Name -> Inst:pandas.core.arrays.datetimelike.TimelikeOps
2030:15:Call -> Const:NoneType:None
2030:15:Attribute -> BM:pandas._libs.arrays.NDArrayBacked._simple_new
2030:15:Name -> Inst:pandas.core.arrays.datetimelike.TimelikeOps
2030:32:Name -> U
2030:46:Attribute -> U
2030:46:Name -> Inst:pandas.core.arrays.datetimelike.TimelikeOps
2035:19:Name -> U
2036:21:Name -> U
2037:9:Name -> Func:typing.Self
2138:15:Call -> U | Const:NoneType:None
2138:15:Attribute -> BM:pandas.core.arrays.datetimelike.TimelikeOps._round
2138:15:Name -> Inst:pandas.core.arrays.datetimelike.TimelikeOps
2138:27:Name -> U
2138:33:Attribute -> Prop:pandas._libs.tslibs.fields.RoundTo.NEAREST_HALF_EVEN
2138:33:Name -> Class:pandas._libs.tslibs.fields.RoundTo
2138:60:Name -> Const:str:'raise' | U
2138:71:Name -> Const:str:'raise' | U
2143:19:Name -> U
2144:21:Name -> U
2145:9:Name -> Func:typing.Self
2245:15:Call -> U | Const:NoneType:None
2245:15:Attribute -> BM:pandas.core.arrays.datetimelike.TimelikeOps._round
2245:15:Name -> Inst:pandas.core.arrays.datetimelike.TimelikeOps
2245:27:Name -> U
2245:33:Attribute -> Prop:pandas._libs.tslibs.fields.RoundTo.MINUS_INFTY
2245:33:Name -> Class:pandas._libs.tslibs.fields.RoundTo
2245:54:Name -> Const:str:'raise' | U
2245:65:Name -> Const:str:'raise' | U
2250:19:Name -> U
2251:21:Name -> U
2252:9:Name -> Func:typing.Self
2352:15:Call -> U | Const:NoneType:None
2352:15:Attribute -> BM:pandas.core.arrays.datetimelike.TimelikeOps._round
2352:15:Name -> Inst:pandas.core.arrays.datetimelike.TimelikeOps
2352:27:Name -> U
2352:33:Attribute -> Prop:pandas._libs.tslibs.fields.RoundTo.PLUS_INFTY
2352:33:Name -> Class:pandas._libs.tslibs.fields.RoundTo
2352:53:Name -> Const:str:'raise' | U
2352:64:Name -> Const:str:'raise' | U
2357:27:Name -> Class:builtins.int
2357:58:Name -> Class:builtins.bool
2357:74:Name -> Class:builtins.bool
2359:15:Call -> U | Inst:.ndarray | Inst:.ndarray
2359:15:Attribute -> Func:pandas.core.nanops.nanany
2359:15:Name -> Module:pandas.core.nanops
2359:29:Attribute -> ERR
2359:29:Name -> Inst:pandas.core.arrays.datetimelike.TimelikeOps
2359:49:Name -> Const:NoneType:None | U
2359:62:Name -> Const:bool:True | U
2359:75:Call -> U
2359:75:Attribute -> BM:pandas.core.arrays.datetimelike.DatetimeLikeArrayMixin.isna
2359:75:Name -> Inst:pandas.core.arrays.datetimelike.TimelikeOps
2361:27:Name -> Class:builtins.int
2361:58:Name -> Class:builtins.bool
2361:74:Name -> Class:builtins.bool
2364:15:Call -> U | Inst:.ndarray | Inst:.ndarray
2364:15:Attribute -> Func:pandas.core.nanops.nanall
2364:15:Name -> Module:pandas.core.nanops
2364:29:Attribute -> ERR
2364:29:Name -> Inst:pandas.core.arrays.datetimelike.TimelikeOps
2364:49:Name -> Const:NoneType:None | U
2364:62:Name -> Const:bool:True | U
2364:75:Call -> U
2364:75:Attribute -> BM:pandas.core.arrays.datetimelike.DatetimeLikeArrayMixin.isna
2364:75:Name -> Inst:pandas.core.arrays.datetimelike.TimelikeOps
2369:34:Attribute -> Class:.ndarray
2369:34:Name -> U
2371:11:Call -> ERR
2371:11:Name -> Func:builtins.isinstance
2371:22:Attribute -> U
2371:22:Name -> Inst:pandas.core.arrays.datetimelike.TimelikeOps
2371:34:Attribute -> U
2371:34:Name -> U
2372:19:Attribute -> ERR
2372:19:Name -> Inst:pandas.core.arrays.datetimelike.TimelikeOps
2373:15:Call -> U
2373:15:Attribute -> BM:pandas.core.arrays.base.ExtensionArray._values_for_json
2373:15:Call -> Super
2373:15:Name -> Class:builtins.super
2377:25:Name -> Class:builtins.bool
2378:14:Name -> Class:builtins.bool
2380:11:Name -> Const:bool:False | U
2381:18:Call -> ExcInst:builtins.NotImplementedError
2381:18:Name -> Class:builtins.NotImplementedError
2382:41:Attribute -> Const:str:'TimelikeOps'
2382:41:Call -> Class:pandas.core.arrays.datetimelike.TimelikeOps
2382:41:Name -> Class:builtins.type
2382:46:Name -> Inst:pandas.core.arrays.datetimelike.TimelikeOps
2386:15:Call -> Tuple:2
2386:15:Attribute -> BM:pandas.core.arrays.base.ExtensionArray.factorize
2386:15:Call -> Super
2386:15:Name -> Class:builtins.super
2386:49:Name -> Const:bool:True | U
2391:16:Name -> Class:.Literal
2392:14:Name -> Class:builtins.int
2393:15:Name -> Class:pandas.core.indexes.base.Index
2397:14:Name -> Class:builtins.bool
2399:9:Name -> Func:typing.Self
2404:11:Name -> U
2405:18:Name -> Class:builtins.NotImplementedError
2407:15:Name -> U
2408:23:Attribute -> ERR
2408:23:Name -> Inst:pandas.core.arrays.datetimelike.TimelikeOps
2410:23:Call -> ERR
2410:23:Attribute -> ERR
2410:23:Attribute -> ERR
2410:23:Name -> Inst:pandas.core.arrays.datetimelike.TimelikeOps
2412:8:Call -> Const:NoneType:None
2412:8:Attribute -> Func:pandas.core.missing.interpolate_2d_inplace
2412:8:Name -> Module:pandas.core.missing
2413:12:Name -> U
2414:19:Name -> U
2415:17:Name -> U
2416:18:Name -> U
2417:18:Name -> U
2418:28:Name -> U
2419:23:Name -> U
2420:14:Name -> Dict:0
2422:15:Name -> U
2423:19:Name -> Inst:pandas.core.arrays.datetimelike.TimelikeOps
2424:15:Call -> Const:NoneType:None
2424:15:Attribute -> BM:pandas._libs.arrays.NDArrayBacked._simple_new
2424:15:Call -> Class:pandas.core.arrays.datetimelike.TimelikeOps
2424:15:Name -> Class:builtins.type
2424:20:Name -> Inst:pandas.core.arrays.datetimelike.TimelikeOps
2424:38:Name -> U
2424:54:Attribute -> U
2424:54:Name -> Inst:pandas.core.arrays.datetimelike.TimelikeOps
2429:5:Name -> Class:builtins.property
2430:32:Name -> Class:builtins.bool
2436:15:Call -> Const:NoneType:None
2436:15:Attribute -> Func:pandas._libs.lib.is_np_dtype
2436:15:Name -> Module:pandas._libs.lib
2436:31:Attribute -> U
2436:31:Name -> Inst:pandas.core.arrays.datetimelike.TimelikeOps
2440:21:Attribute -> U
2440:21:Name -> Inst:pandas.core.arrays.datetimelike.TimelikeOps
2441:26:Name -> U
2441:40:Name -> U
2442:15:Call -> Const:NoneType:None
2442:15:Name -> Func:pandas._libs.tslibs.np_datetime.py_get_unit_from_dtype
2442:35:Attribute -> U
2442:35:Name -> Inst:pandas.core.arrays.datetimelike.TimelikeOps
2443:14:Call -> Const:NoneType:None
2443:14:Name -> Func:pandas._libs.tslibs.dtypes.periods_per_day
2443:30:Name -> Const:NoneType:None
2447:20:Call -> U
2447:20:Attribute -> U
2447:20:Call -> U
2447:20:Attribute -> U
2447:20:Name -> U
2447:35:Name -> U
2447:52:Name -> U
2447:65:Name -> Const:NoneType:None
2448:15:Name -> U
2456:16:Name -> Class:builtins.bool
2456:32:Name -> Class:builtins.str
2457:5:Name -> Class:builtins.tuple
2457:11:Name -> Class:.Union
2457:22:Name -> Class:builtins.bool
2458:11:Call -> U
2458:11:Name -> Func:builtins.hasattr
2458:19:Name -> U
2460:15:Call -> ERR
2460:15:Name -> Func:builtins.isinstance
2460:26:Name -> U
2460:33:Name -> Class:builtins.list
2460:39:Name -> Class:builtins.tuple
2460:51:Call -> U
2460:51:Attribute -> U
2460:51:Name -> U
2460:59:Name -> U
2462:19:Call -> Inst:builtins.list
2462:19:Name -> Class:builtins.list
2462:24:Name -> U
2464:15:Call -> U
2464:15:Name -> Func:pandas.core.dtypes.cast.construct_1d_object_array_from_listlike
2464:55:Name -> U | Inst:builtins.list
2466:9:Call -> ERR
2466:9:Name -> Func:builtins.isinstance
2466:20:Name -> U
2466:26:Name -> Class:pandas.core.dtypes.generic.create_pandas_abc_type.ABCMultiIndex
2467:14:Call -> ExcInst:builtins.TypeError
2467:14:Name -> Class:builtins.TypeError
2467:43:Name -> U
2469:15:Call -> Const:NoneType:None | Const:NoneType:None | U
2469:15:Name -> Func:pandas.core.construction.extract_array | Func:pandas.core.construction.extract_array | Func:pandas.core.construction.extract_array
2469:29:Name -> U
2471:7:Call -> ERR
2471:7:Name -> Func:builtins.isinstance
2471:18:Name -> U | Inst:builtins.list | Const:NoneType:None | Const:NoneType:None
2471:24:Name -> Class:pandas.core.arrays.integer.IntegerArray
2472:8:Call -> ERR
2472:8:Name -> Func:builtins.isinstance
2472:19:Name -> U | Inst:builtins.list | Const:NoneType:None | Const:NoneType:None
2472:25:Name -> Class:pandas.core.arrays.arrow.array.ArrowExtensionArray
2472:50:Attribute -> U
2472:50:Attribute -> U
2472:50:Name -> U | Inst:builtins.list | Const:NoneType:None | Const:NoneType:None
2474:15:Call -> U
2474:15:Attribute -> U
2474:15:Name -> U | Inst:builtins.list | Const:NoneType:None | Const:NoneType:None
2474:47:Name -> U
2476:9:Call -> ERR
2476:9:Name -> Func:builtins.isinstance
2476:20:Name -> U | Inst:builtins.list | Const:NoneType:None | Const:NoneType:None
2476:26:Name -> Class:pandas.core.arrays.arrow.array.ArrowExtensionArray
2477:15:Call -> U
2477:15:Attribute -> U
2477:15:Name -> U | Inst:builtins.list | Const:NoneType:None | Const:NoneType:None
2478:15:Call -> U
2478:15:Attribute -> U
2478:15:Name -> U
2480:13:Call -> ERR
2480:13:Name -> Func:builtins.isinstance
2480:24:Name -> U | Inst:builtins.list | Const:NoneType:None | Const:NoneType:None
2480:31:Attribute -> Class:.ndarray
2480:31:Name -> U
2480:43:Name -> Class:pandas.core.arrays.base.ExtensionArray
2482:15:Call -> U
2482:15:Attribute -> U
2482:15:Name -> U
2482:26:Name -> U | Inst:builtins.list | Const:NoneType:None | Const:NoneType:None
2484:9:Call -> ERR
2484:9:Name -> Func:builtins.isinstance
2484:20:Name -> U | Inst:builtins.list | Const:NoneType:None | Const:NoneType:None
2484:26:Name -> Class:pandas.core.dtypes.generic.create_pandas_abc_type.ABCCategorical
2488:15:Attribute -> U
2488:15:Call -> U
2488:15:Attribute -> U
2488:15:Attribute -> U
2488:15:Name -> U | Inst:builtins.list | Const:NoneType:None | Const:NoneType:None
2488:36:Attribute -> U
2488:36:Name -> U | Inst:builtins.list | Const:NoneType:None | Const:NoneType:None
2488:76:Name -> U
2491:11:Name -> U | Inst:builtins.list | Const:NoneType:None | Const:NoneType:None
2491:17:Name -> U | Const:bool:False | Const:bool:False | Const:bool:False | Const:bool:False
2494:1:Name -> Func:typing.overload
2498:1:Name -> Func:typing.overload
2499:30:Name -> Class:builtins.int
2499:38:Name -> Class:builtins.int
2502:30:Name -> Class:builtins.int
2502:45:Name -> Class:builtins.int
2520:7:Name -> U
2520:35:Call -> Const:NoneType:None
2520:35:Attribute -> Func:pandas._libs.lib.is_integer
2520:35:Name -> Module:pandas._libs.lib
2520:50:Name -> U
2521:14:Call -> ExcInst:builtins.TypeError
2521:14:Name -> Class:builtins.TypeError
2521:59:Name -> U
2524:11:Name -> U
2527:25:Name -> Class:pandas.core.dtypes.dtypes.DatetimeTZDtype
2527:43:Attribute -> U
2527:43:Name -> U
2527:54:Name -> Class:pandas.core.dtypes.dtypes.ArrowDtype
2527:69:Name -> Class:builtins.str
2540:7:Call -> ERR
2540:7:Name -> Func:builtins.isinstance
2540:18:Name -> U
2540:25:Name -> Class:pandas.core.dtypes.dtypes.DatetimeTZDtype
2541:15:Attribute -> U
2541:15:Name -> U
2542:9:Call -> ERR
2542:9:Name -> Func:builtins.isinstance
2542:20:Name -> U
2542:27:Name -> Class:pandas.core.dtypes.dtypes.ArrowDtype
2543:11:Attribute -> U
2543:11:Name -> U
2544:18:Call -> ExcInst:builtins.ValueError
2544:18:Name -> Class:builtins.ValueError
2544:32:Name -> U
2545:15:Attribute -> U
2545:15:Attribute -> U
2545:15:Name -> U
2546:11:Call -> U
2546:11:Attribute -> U
2546:11:Name -> U
2546:28:Name -> U
