116:3:Name -> Const:bool:False
150:31:Name -> Class:builtins.str
150:46:Name -> Class:builtins.str
152:7:Name -> U
153:19:Name -> Const:str:'UTF-8'
155:11:Name -> U | Const:str:'UTF-8'
165:7:Call -> ERR
165:7:Name -> Func:builtins.isinstance
165:18:Name -> U
165:24:Name -> Class:builtins.str
166:15:Call -> Const:str:''
166:15:Name -> Class:builtins.str
166:19:Name -> U
167:11:Name -> U | Const:str:''
170:6:Name -> Class:typing.TypeAlias
170:18:Name -> Class:pandas.core.computation.pytables.PyTablesExpr
173:37:Name -> Class:builtins.int
182:12:Name -> U
183:7:Call -> ERR
183:7:Name -> Func:builtins.isinstance
183:18:Name -> U
183:26:Name -> Class:builtins.list
183:32:Name -> Class:builtins.tuple
187:31:Name -> U
190:15:Call -> Const:bool:False | U
190:15:Name -> Func:pandas.core.computation.pytables.maybe_expression
190:32:Name -> U
189:12:Call -> Inst:pandas.core.computation.pytables.PyTablesExpr
189:12:Name -> Class:pandas.core.computation.pytables.PyTablesExpr
189:17:Name -> U
189:35:Name -> U
189:43:Name -> Const:int:0 | Const:int:1
191:17:Name -> U
192:24:Name -> U
193:15:Name -> U
195:9:Call -> Const:bool:False | U
195:9:Name -> Func:pandas.core.computation.pytables.maybe_expression
195:26:Name -> U
196:16:Call -> Inst:pandas.core.computation.pytables.PyTablesExpr
196:16:Name -> Class:pandas.core.computation.pytables.PyTablesExpr
196:21:Name -> U
196:40:Name -> U
197:20:Name -> U | Inst:pandas.core.computation.pytables.PyTablesExpr
197:37:Call -> ERR
197:37:Name -> Func:builtins.len
197:41:Name -> U | Inst:pandas.core.computation.pytables.PyTablesExpr
197:11:Name -> U | Inst:pandas.core.computation.pytables.PyTablesExpr
200:24:Name -> Func:typing.Final
205:17:Name -> Func:typing.Final
214:13:Name -> Class:pandas.core.frame.DataFrame
217:12:Name -> Func:typing.Final
221:12:Name -> Func:typing.Final
227:5:Call -> Gen:pandas._config.config.config_prefix
227:5:Attribute -> Func:pandas._config.config.config_prefix
227:5:Name -> Module:pandas._config.config
228:4:Call -> Const:NoneType:None | U
228:4:Attribute -> Func:pandas._config.config.register_option | Func:pandas._config.config.config_prefix.wrap.inner | U
228:4:Name -> Module:pandas._config.config
228:46:Name -> Const:str:'\n: boolean\n    drop ALL nan rows when
228:68:Attribute -> Func:pandas._config.config.is_type_factory.inner
228:68:Name -> Module:pandas._config.config
229:4:Call -> Const:NoneType:None | U
229:4:Attribute -> Func:pandas._config.config.register_option | Func:pandas._config.config.config_prefix.wrap.inner | U
229:4:Name -> Module:pandas._config.config
232:8:Name -> Const:str:"\n: format\n    default format writing 
233:18:Call -> Func:pandas._config.config.is_one_of_factory.inner
233:18:Attribute -> Func:pandas._config.config.is_one_of_factory
233:18:Name -> Module:pandas._config.config
236:0:Call -> Const:NoneType:None
236:0:Attribute -> Func:pandas._config.config.deprecate_option
236:0:Name -> Module:pandas._config.config
238:4:Name -> Class:pandas.errors.Pandas4Warning
244:12:Name -> Class:builtins.module
248:11:Call -> Inst:builtins.object
248:11:Name -> Class:builtins.object
251:38:Name -> Class:builtins.str
259:14:Call -> U
259:14:Name -> Func:builtins.getattr
259:22:Name -> U
259:29:Name -> U
259:35:Name -> Inst:builtins.object
260:7:Name -> U
260:18:Name -> Inst:builtins.object
261:8:Call -> ERR
261:8:Name -> Func:builtins.setattr
261:16:Name -> U
261:23:Name -> U
261:29:Name -> U
264:16:Call -> U
264:16:Name -> Class:builtins.bool
264:21:Name -> U
264:32:Name -> U
265:12:Name -> Class:builtins.ValueError
265:24:Name -> Class:builtins.TypeError
267:11:Name -> U | Const:bool:False
268:8:Call -> ERR
268:8:Name -> Func:builtins.setattr
268:16:Name -> U
268:23:Name -> U
268:29:Name -> U
274:7:Name -> Const:NoneType:None | U
277:21:Name -> U
282:13:Call -> Inst:contextlib.suppress
282:13:Name -> Class:contextlib.suppress
282:22:Name -> Class:builtins.AttributeError
284:16:Attribute -> U
284:16:Attribute -> U
284:16:Name -> U
287:11:Name -> Const:NoneType:None | U
305:42:Attribute -> Inst:pandas._libs.lib._NoDefault.no_default
305:42:Name -> Module:pandas._libs.lib
294:17:Name -> U
294:28:Name -> ERR
295:9:Name -> Class:builtins.str
296:11:Name -> Class:pandas.core.frame.DataFrame
296:23:Name -> Class:pandas.core.series.Series
297:10:Name -> Class:builtins.str
298:15:Name -> Class:builtins.int
299:13:Name -> Class:builtins.str
300:12:Name -> Class:builtins.bool
301:12:Name -> Class:builtins.str
302:11:Name -> Class:builtins.bool
303:18:Name -> Class:builtins.int
303:24:Name -> Class:builtins.dict
303:29:Name -> Class:builtins.str
303:34:Name -> Class:builtins.int
305:12:Name -> Class:builtins.bool
305:26:Attribute -> Class:.Literal
305:26:Name -> Module:pandas._libs.lib
306:18:Name -> Func:typing.Literal
306:34:Name -> Class:builtins.list
306:39:Name -> Class:builtins.str
307:12:Name -> Class:builtins.str
308:14:Name -> Class:builtins.str
311:7:Name -> Const:bool:False | U
312:26:Call -> U
312:26:Attribute -> U
312:26:Name -> U
313:12:Name -> U
314:12:Name -> U
315:19:Name -> Const:NoneType:None | U
316:18:Name -> Const:bool:True | U
317:25:Name -> Const:NoneType:None | U
318:20:Name -> Const:NoneType:None | U
319:19:Name -> Inst:pandas._libs.lib._NoDefault.no_default | U
320:25:Name -> Const:NoneType:None | U
321:19:Name -> Const:str:'strict' | U
322:21:Name -> Const:str:'UTF-8' | U
326:26:Call -> U
326:26:Attribute -> U
326:26:Name -> U
327:12:Name -> U
328:12:Name -> U
329:19:Name -> Const:NoneType:None | U
330:18:Name -> Const:bool:True | U
331:25:Name -> Const:NoneType:None | U
332:20:Name -> Const:NoneType:None | U
333:25:Name -> Const:NoneType:None | U
334:19:Name -> Const:str:'strict' | U
335:21:Name -> Const:str:'UTF-8' | U
336:19:Name -> Inst:pandas._libs.lib._NoDefault.no_default | U
340:7:Call -> ERR
340:7:Name -> Func:builtins.isinstance
340:18:Name -> U
340:31:Name -> Class:pandas.io.pytables.HDFStore
341:8:Call -> U
341:8:Name -> Lambda:pandas.io.pytables:312 | Lambda:pandas.io.pytables:326
341:10:Name -> U
343:22:Call -> Const:NoneType:None | Const:NoneType:None | U
343:22:Name -> Func:pandas.io.common.stringify_path | Func:pandas.io.common.stringify_path | Func:pandas.io.common.stringify_path
343:37:Name -> U
344:13:Call -> Inst:pandas.io.pytables.HDFStore
344:13:Name -> Class:pandas.io.pytables.HDFStore
345:12:Name -> Const:NoneType:None | Const:NoneType:None | U
345:30:Name -> Const:str:'a' | U
345:46:Name -> Const:NoneType:None | U
345:65:Name -> Const:NoneType:None | U
347:12:Call -> Const:NoneType:None | Const:NoneType:None
347:12:Name -> Lambda:pandas.io.pytables:312 | Lambda:pandas.io.pytables:326
347:14:Name -> Inst:pandas.io.pytables.HDFStore
350:1:Call -> Func:pandas.util._decorators.set_module.decorator
350:1:Name -> Func:pandas.util._decorators.set_module
352:17:Name -> U
352:28:Name -> ERR
354:10:Name -> Class:builtins.str
355:12:Name -> Class:builtins.str
356:11:Name -> Class:builtins.str
356:17:Name -> Class:builtins.list
357:11:Name -> Class:builtins.int
358:10:Name -> Class:builtins.int
359:13:Name -> Class:builtins.list
359:18:Name -> Class:builtins.str
360:14:Name -> Class:builtins.bool
361:15:Name -> Class:builtins.int
446:7:Name -> Const:str:'r' | U
447:14:Call -> ExcInst:builtins.ValueError
447:14:Name -> Class:builtins.ValueError
448:20:Name -> Const:str:'r' | U
452:7:Name -> Const:NoneType:None | U
453:16:Call -> U | Inst:pandas.core.computation.pytables.PyTablesExpr | Const:NoneType:None
453:16:Name -> Func:pandas.io.pytables._ensure_term
453:29:Name -> U
455:7:Call -> ERR
455:7:Name -> Func:builtins.isinstance
455:18:Name -> U
455:31:Name -> Class:pandas.io.pytables.HDFStore
456:15:Attribute -> U
456:15:Name -> U
457:18:Call -> ExcInst:builtins.OSError
457:18:Name -> Class:builtins.OSError
459:16:Name -> U
462:22:Call -> Const:NoneType:None | Const:NoneType:None | U
462:22:Name -> Func:pandas.io.common.stringify_path | Func:pandas.io.common.stringify_path | Func:pandas.io.common.stringify_path
462:37:Name -> U
463:15:Call -> ERR
463:15:Name -> Func:builtins.isinstance
463:26:Name -> Const:NoneType:None | Const:NoneType:None | U
463:39:Name -> Class:builtins.str
464:18:Call -> ExcInst:builtins.NotImplementedError
464:18:Name -> Class:builtins.NotImplementedError
468:21:Call -> Const:bool:False | Const:bool:True | U
468:21:Attribute -> Func:genericpath.exists | U
468:21:Attribute -> Module:posixpath | Module:ntpath
468:21:Name -> Module:os
468:36:Name -> U | Const:NoneType:None | Const:NoneType:None
471:16:Name -> Class:builtins.TypeError
471:27:Name -> Class:builtins.ValueError
474:15:Name -> Const:bool:False | Const:bool:True | U | Const:bool:False
475:18:Call -> ExcInst:builtins.FileNotFoundError
475:18:Name -> Class:builtins.FileNotFoundError
475:44:Name -> U | Const:NoneType:None | Const:NoneType:None
477:16:Call -> Inst:pandas.io.pytables.HDFStore
477:16:Name -> Class:pandas.io.pytables.HDFStore
477:25:Name -> Const:NoneType:None | Const:NoneType:None | U
477:43:Name -> Const:str:'r' | U
477:56:Name -> Const:str:'strict' | U
477:66:Name -> Dict:0
483:11:Name -> Const:NoneType:None | U
484:21:Call -> U
484:21:Attribute -> U | BM:pandas.io.pytables.HDFStore.groups
484:21:Name -> U | Inst:pandas.io.pytables.HDFStore
485:15:Call -> ERR
485:15:Name -> Func:builtins.len
485:19:Name -> U
486:22:Call -> ExcInst:builtins.ValueError
486:22:Name -> Class:builtins.ValueError
490:35:Name -> U
496:34:Name -> U
497:23:Call -> Const:bool:False | Const:bool:True | Const:bool:False
497:23:Name -> Func:pandas.io.pytables._is_metadata_of
497:39:Name -> U
497:55:Name -> U
498:26:Call -> ExcInst:builtins.ValueError
498:26:Name -> Class:builtins.ValueError
502:18:Attribute -> U
502:18:Name -> U
503:15:Call -> U | Inst:pandas.io.pytables.TableIterator
503:15:Attribute -> U | BM:pandas.io.pytables.HDFStore.select
503:15:Name -> U | Inst:pandas.io.pytables.HDFStore
504:12:Name -> Const:NoneType:None | U
505:18:Name -> Const:NoneType:None | U | Inst:pandas.core.computation.pytables.PyTablesExpr | Const:NoneType:None
506:18:Name -> Const:NoneType:None | U
507:17:Name -> Const:NoneType:None | U
508:20:Name -> Const:NoneType:None | U
509:21:Name -> Const:bool:False | U
510:22:Name -> Const:NoneType:None | U
511:23:Name -> Const:bool:False | Const:bool:True
513:12:Name -> Class:builtins.ValueError
513:24:Name -> Class:builtins.TypeError
513:35:Name -> Class:builtins.LookupError
514:15:Call -> ERR
514:15:Name -> Func:builtins.isinstance
514:26:Name -> U | Const:NoneType:None | Const:NoneType:None
514:39:Name -> Class:pandas.io.pytables.HDFStore
516:17:Call -> Inst:contextlib.suppress
516:17:Name -> Class:contextlib.suppress
516:26:Name -> Class:builtins.AttributeError
517:16:Call -> U | Const:NoneType:None
517:16:Attribute -> U | BM:pandas.io.pytables.HDFStore.close
517:16:Name -> U | Inst:pandas.io.pytables.HDFStore
522:27:Name -> U
522:47:Name -> U
522:56:Name -> Class:builtins.bool
524:7:Attribute -> U
524:7:Name -> U
524:25:Attribute -> U
524:25:Name -> U
527:14:Name -> U
528:10:Attribute -> U
528:10:Name -> U
529:17:Attribute -> U
529:17:Name -> U
530:11:Name -> U
530:21:Name -> U
530:38:Attribute -> U
530:38:Name -> U
532:18:Attribute -> U
532:18:Name -> U
536:1:Call -> Func:pandas.util._decorators.set_module.decorator
536:1:Name -> Func:pandas.util._decorators.set_module
610:13:Name -> U
611:11:Name -> Class:builtins.str
616:14:Name -> Class:builtins.str
617:19:Name -> Class:builtins.int
619:20:Name -> Class:builtins.bool
622:23:Name -> Dict:0
623:18:Call -> ExcInst:builtins.ValueError
623:18:Name -> Class:builtins.ValueError
625:17:Call -> Const:NoneType:None | Const:NoneType:None | Const:NoneType:None | Const:NoneType:None | Const:NoneType:None | U | Const:NoneType:None
625:17:Name -> Func:pandas.compat._optional.import_optional_dependency | Func:pandas.compat._optional.import_optional_dependency | Func:pandas.compat._optional.import_optional_dependency
627:11:Name -> Const:NoneType:None | U
627:35:Name -> Const:NoneType:None | U
627:50:Attribute -> U
627:50:Attribute -> U
627:50:Name -> Const:NoneType:None | Const:NoneType:None | Const:NoneType:None | Const:NoneType:None | Const:NoneType:None | U | Const:NoneType:None
628:18:Call -> ExcInst:builtins.ValueError
628:18:Name -> Class:builtins.ValueError
629:41:Attribute -> U
629:41:Attribute -> U
629:41:Name -> Const:NoneType:None | Const:NoneType:None | Const:NoneType:None | Const:NoneType:None | Const:NoneType:None | U | Const:NoneType:None
632:11:Name -> Const:NoneType:None | U
632:31:Name -> Const:NoneType:None | U
633:22:Attribute -> U
633:22:Attribute -> U
633:22:Name -> Const:NoneType:None | Const:NoneType:None | Const:NoneType:None | Const:NoneType:None | Const:NoneType:None | U | Const:NoneType:None
635:8:Name -> Inst:pandas.io.pytables.HDFStore
635:21:Call -> Const:NoneType:None | Const:NoneType:None | U
635:21:Name -> Func:pandas.io.common.stringify_path | Func:pandas.io.common.stringify_path | Func:pandas.io.common.stringify_path
635:36:Name -> U
636:11:Name -> Const:str:'a' | U
638:8:Name -> Inst:pandas.io.pytables.HDFStore
638:21:Name -> Const:str:'a' | U | Const:str:'a'
639:8:Name -> Inst:pandas.io.pytables.HDFStore
640:8:Name -> Inst:pandas.io.pytables.HDFStore
640:39:Name -> Const:NoneType:None | U
640:26:Name -> U
641:8:Name -> Inst:pandas.io.pytables.HDFStore
641:24:Name -> Const:NoneType:None | U
642:8:Name -> Inst:pandas.io.pytables.HDFStore
642:27:Name -> Const:bool:False | U
643:8:Name -> Inst:pandas.io.pytables.HDFStore
644:8:Call -> Const:NoneType:None
644:8:Attribute -> BM:pandas.io.pytables.HDFStore.open
644:8:Name -> Inst:pandas.io.pytables.HDFStore
644:23:Name -> Const:str:'a' | U | Const:str:'a'
644:31:Name -> Dict:0
646:28:Name -> Class:builtins.str
647:15:Attribute -> Const:NoneType:None | Const:NoneType:None | U
647:15:Name -> Inst:pandas.io.pytables.HDFStore
649:5:Name -> Class:builtins.property
652:8:Call -> Const:NoneType:None
652:8:Attribute -> BM:pandas.io.pytables.HDFStore._check_if_open
652:8:Name -> Inst:pandas.io.pytables.HDFStore
653:15:Attribute -> Const:NoneType:None | U | Const:NoneType:None
653:15:Name -> Inst:pandas.io.pytables.HDFStore
654:15:Attribute -> U
654:15:Attribute -> Const:NoneType:None | U | Const:NoneType:None
654:15:Name -> Inst:pandas.io.pytables.HDFStore
656:5:Name -> Class:builtins.property
657:26:Name -> Class:builtins.str
658:15:Attribute -> Const:NoneType:None | Const:NoneType:None | U
658:15:Name -> Inst:pandas.io.pytables.HDFStore
660:31:Name -> Class:builtins.str
661:15:Call -> U
661:15:Attribute -> BM:pandas.io.pytables.HDFStore.get
661:15:Name -> Inst:pandas.io.pytables.HDFStore
661:24:Name -> U
663:31:Name -> Class:builtins.str
664:8:Call -> Const:NoneType:None
664:8:Attribute -> BM:pandas.io.pytables.HDFStore.put
664:8:Name -> Inst:pandas.io.pytables.HDFStore
664:17:Name -> U
664:22:Name -> U
666:31:Name -> Class:builtins.str
666:39:Name -> Class:builtins.int
667:15:Call -> Const:NoneType:None | Const:NoneType:None | U
667:15:Attribute -> BM:pandas.io.pytables.HDFStore.remove
667:15:Name -> Inst:pandas.io.pytables.HDFStore
667:27:Name -> U
669:32:Name -> Class:builtins.str
672:19:Call -> U
672:19:Attribute -> BM:pandas.io.pytables.HDFStore.get
672:19:Name -> Inst:pandas.io.pytables.HDFStore
672:28:Name -> U
673:16:Name -> Class:builtins.KeyError
673:26:Name -> Class:pandas.errors.ClosedFileError
675:14:Call -> ExcInst:builtins.AttributeError
675:14:Name -> Class:builtins.AttributeError
676:16:Attribute -> Const:str:'HDFStore'
676:16:Call -> Class:pandas.io.pytables.HDFStore
676:16:Name -> Class:builtins.type
676:21:Name -> Inst:pandas.io.pytables.HDFStore
676:64:Name -> U
679:32:Name -> Class:builtins.str
679:40:Name -> Class:builtins.bool
684:15:Call -> Const:NoneType:None | U
684:15:Attribute -> BM:pandas.io.pytables.HDFStore.get_node
684:15:Name -> Inst:pandas.io.pytables.HDFStore
684:29:Name -> U
685:11:Name -> Const:NoneType:None | U
686:19:Attribute -> U
686:19:Name -> U
687:15:Name -> U
687:23:Name -> U
687:29:Name -> U
691:25:Name -> Class:builtins.int
692:15:Call -> ERR
692:15:Name -> Func:builtins.len
692:19:Call -> U
692:19:Attribute -> BM:pandas.io.pytables.HDFStore.groups
692:19:Name -> Inst:pandas.io.pytables.HDFStore
694:26:Name -> Class:builtins.str
695:15:Call -> Const:str:'' | Const:str:'' | Const:str:'' | Const:str:"''" | Const:str:"''" | Const:str:'{, ...}' | Const:str:'{}' | Const:str:'' | U
695:15:Name -> Func:pandas.io.formats.printing.pprint_thing
695:28:Attribute -> Const:NoneType:None | Const:NoneType:None | U
695:28:Name -> Inst:pandas.io.pytables.HDFStore
696:18:Call -> Class:pandas.io.pytables.HDFStore
696:18:Name -> Class:builtins.type
696:23:Name -> Inst:pandas.io.pytables.HDFStore
696:43:Name -> Const:str:'' | Const:str:'' | Const:str:'' | Const:str:"''" | Const:str:"''" | Const:str:'{, ...}' | Const:str:'{}' | Const:str:'' | U
698:27:Name -> Func:typing.Self
699:15:Name -> Inst:pandas.io.pytables.HDFStore
703:18:Name -> Class:.type
703:23:Name -> Class:builtins.BaseException
704:19:Name -> Class:builtins.BaseException
705:19:Name -> U
707:8:Call -> Const:NoneType:None
707:8:Attribute -> BM:pandas.io.pytables.HDFStore.close
707:8:Name -> Inst:pandas.io.pytables.HDFStore
709:28:Name -> Class:builtins.str
709:47:Name -> Class:builtins.list
709:52:Name -> Class:builtins.str
749:11:Name -> Const:str:'pandas' | U
750:20:Attribute -> U
750:20:Name -> U
750:43:Call -> U
750:43:Attribute -> BM:pandas.io.pytables.HDFStore.groups
750:43:Name -> Inst:pandas.io.pytables.HDFStore
752:13:Name -> Const:str:'pandas' | U
753:19:Attribute -> Const:NoneType:None | U | Const:NoneType:None
753:19:Name -> Inst:pandas.io.pytables.HDFStore
755:16:Attribute -> U
755:16:Name -> U
755:39:Call -> U
755:39:Attribute -> U
755:39:Attribute -> Const:NoneType:None | U | Const:NoneType:None
755:39:Name -> Inst:pandas.io.pytables.HDFStore
757:14:Call -> ExcInst:builtins.ValueError
757:14:Name -> Class:builtins.ValueError
758:71:Name -> Const:str:'pandas' | U
761:26:Name -> Class:_collections_abc.Iterator
761:35:Name -> Class:builtins.str
762:15:Call -> ERR
762:15:Name -> Func:builtins.iter
762:20:Call -> U
762:20:Attribute -> BM:pandas.io.pytables.HDFStore.keys
762:20:Name -> Inst:pandas.io.pytables.HDFStore
764:23:Name -> Class:_collections_abc.Iterator
764:32:Name -> Class:builtins.tuple
764:38:Name -> Class:builtins.str
764:43:Name -> Class:builtins.list
768:17:Call -> U
768:17:Attribute -> BM:pandas.io.pytables.HDFStore.groups
768:17:Name -> Inst:pandas.io.pytables.HDFStore
769:18:Attribute -> U
769:18:Name -> U
769:33:Name -> U
771:25:Name -> Class:builtins.str
782:17:Call -> Const:NoneType:None | U
782:17:Name -> Func:pandas.io.pytables._tables
784:11:Attribute -> Const:str:'a' | U | Const:str:'a' | Const:str:'a'
784:11:Name -> Inst:pandas.io.pytables.HDFStore
784:25:Name -> Const:str:'a' | U
786:15:Attribute -> Const:str:'a' | U | Const:str:'a' | Const:str:'a'
786:15:Name -> Inst:pandas.io.pytables.HDFStore
786:44:Name -> Const:str:'a' | U
788:17:Name -> Const:str:'a' | U
790:19:Attribute -> Const:bool:False | U
790:19:Name -> Inst:pandas.io.pytables.HDFStore
791:26:Call -> ExcInst:pandas.errors.PossibleDataLossError
791:26:Name -> Class:pandas.errors.PossibleDataLossError
792:48:Attribute -> Const:NoneType:None | Const:NoneType:None | U
792:48:Name -> Inst:pandas.io.pytables.HDFStore
792:73:Attribute -> Const:str:'a' | U | Const:str:'a' | Const:str:'a'
792:73:Name -> Inst:pandas.io.pytables.HDFStore
796:12:Name -> Inst:pandas.io.pytables.HDFStore
796:25:Name -> Const:str:'a' | U
799:11:Attribute -> Const:bool:False | U
799:11:Name -> Inst:pandas.io.pytables.HDFStore
800:12:Call -> Const:NoneType:None
800:12:Attribute -> BM:pandas.io.pytables.HDFStore.close
800:12:Name -> Inst:pandas.io.pytables.HDFStore
802:11:Attribute -> U | Const:int:0
802:11:Name -> Inst:pandas.io.pytables.HDFStore
802:31:Attribute -> U | Const:int:0
802:31:Name -> Inst:pandas.io.pytables.HDFStore
803:12:Name -> Inst:pandas.io.pytables.HDFStore
803:28:Call -> U
803:28:Attribute -> U
803:28:Call -> Const:NoneType:None | U
803:28:Name -> Func:pandas.io.pytables._tables
804:16:Attribute -> U | Const:int:0
804:16:Name -> Inst:pandas.io.pytables.HDFStore
804:33:Attribute -> Const:NoneType:None | U
804:33:Name -> Inst:pandas.io.pytables.HDFStore
804:59:Attribute -> Const:bool:False | U
804:59:Name -> Inst:pandas.io.pytables.HDFStore
807:11:Name -> Const:bool:False | U
807:49:Attribute -> Const:bool:False | U
807:49:Name -> Inst:pandas.io.pytables.HDFStore
812:18:Call -> ExcInst:builtins.ValueError
812:18:Name -> Class:builtins.ValueError
812:29:Name -> Const:str:'Cannot open HDF5 file, which is already
814:8:Name -> Inst:pandas.io.pytables.HDFStore
814:23:Call -> U
814:23:Attribute -> U
814:23:Name -> Const:NoneType:None | U
814:40:Attribute -> Const:NoneType:None | Const:NoneType:None | U
814:40:Name -> Inst:pandas.io.pytables.HDFStore
814:52:Attribute -> Const:str:'a' | U | Const:str:'a' | Const:str:'a'
814:52:Name -> Inst:pandas.io.pytables.HDFStore
814:66:Name -> Dict:0
820:11:Attribute -> Const:NoneType:None | U | Const:NoneType:None
820:11:Name -> Inst:pandas.io.pytables.HDFStore
821:12:Call -> U
821:12:Attribute -> U
821:12:Attribute -> U
821:12:Name -> Inst:pandas.io.pytables.HDFStore
822:8:Name -> Inst:pandas.io.pytables.HDFStore
824:5:Name -> Class:builtins.property
825:25:Name -> Class:builtins.bool
829:11:Attribute -> Const:NoneType:None | U | Const:NoneType:None
829:11:Name -> Inst:pandas.io.pytables.HDFStore
831:15:Call -> U
831:15:Name -> Class:builtins.bool
831:20:Attribute -> U
831:20:Attribute -> Const:NoneType:None | U | Const:NoneType:None
831:20:Name -> Inst:pandas.io.pytables.HDFStore
833:27:Name -> Class:builtins.bool
849:11:Attribute -> Const:NoneType:None | U | Const:NoneType:None
849:11:Name -> Inst:pandas.io.pytables.HDFStore
850:12:Call -> U
850:12:Attribute -> U
850:12:Attribute -> U
850:12:Name -> Inst:pandas.io.pytables.HDFStore
851:15:Name -> Const:bool:False | U
852:21:Call -> Inst:contextlib.suppress
852:21:Name -> Class:contextlib.suppress
852:30:Name -> Class:builtins.OSError
853:20:Call -> ERR
853:20:Attribute -> Func:posix.fsync
853:20:Name -> Module:os
853:29:Call -> U
853:29:Attribute -> U
853:29:Attribute -> U
853:29:Name -> Inst:pandas.io.pytables.HDFStore
855:23:Name -> Class:builtins.str
885:13:Call -> Gen:pandas.compat.pickle_compat.patch_pickle
885:13:Name -> Func:pandas.compat.pickle_compat.patch_pickle
888:20:Call -> Const:NoneType:None | U
888:20:Attribute -> BM:pandas.io.pytables.HDFStore.get_node
888:20:Name -> Inst:pandas.io.pytables.HDFStore
888:34:Name -> U
889:15:Name -> Const:NoneType:None | U
890:22:Call -> ExcInst:builtins.KeyError
890:22:Name -> Class:builtins.KeyError
890:50:Name -> U
891:19:Call -> U
891:19:Attribute -> BM:pandas.io.pytables.HDFStore._read_group
891:19:Name -> Inst:pandas.io.pytables.HDFStore
891:36:Name -> Const:NoneType:None | U
895:13:Name -> Class:builtins.str
900:18:Name -> Class:builtins.bool
901:19:Name -> Class:builtins.int
902:20:Name -> Class:builtins.bool
963:16:Call -> Const:NoneType:None | U
963:16:Attribute -> BM:pandas.io.pytables.HDFStore.get_node
963:16:Name -> Inst:pandas.io.pytables.HDFStore
963:30:Name -> U
964:11:Name -> Const:NoneType:None | U
965:18:Call -> ExcInst:builtins.KeyError
965:18:Name -> Class:builtins.KeyError
965:46:Name -> U
968:16:Call -> Const:NoneType:None | U | Inst:pandas.core.computation.pytables.PyTablesExpr | Const:NoneType:None
968:16:Name -> Func:pandas.io.pytables._ensure_term
968:29:Name -> Const:NoneType:None | U
969:12:Call -> U
969:12:Attribute -> BM:pandas.io.pytables.HDFStore._create_storer
969:12:Name -> Inst:pandas.io.pytables.HDFStore
969:32:Name -> Const:NoneType:None | U
970:8:Call -> U
970:8:Attribute -> U
970:8:Name -> U
974:19:Call -> U
974:19:Attribute -> U
974:19:Name -> U
974:32:Name -> U
974:45:Name -> U
974:58:Name -> U
974:74:Name -> Const:NoneType:None | U
977:13:Call -> Inst:pandas.io.pytables.TableIterator
977:13:Name -> Class:pandas.io.pytables.TableIterator
978:12:Name -> Inst:pandas.io.pytables.HDFStore
979:12:Name -> U
980:12:Name -> Func:pandas.io.pytables.HDFStore.select.func
981:18:Name -> Const:NoneType:None | U | Inst:pandas.core.computation.pytables.PyTablesExpr | Const:NoneType:None
982:18:Attribute -> U
982:18:Name -> U
983:18:Name -> Const:NoneType:None | U
984:17:Name -> Const:NoneType:None | U
985:21:Name -> Const:bool:False | U
986:22:Name -> Const:NoneType:None | U
987:23:Name -> Const:bool:False | U
990:15:Call -> Inst:pandas.io.pytables.TableIterator | U
990:15:Attribute -> BM:pandas.io.pytables.TableIterator.get_result
990:15:Name -> Inst:pandas.io.pytables.TableIterator
994:13:Name -> Class:builtins.str
996:15:Name -> Class:builtins.int
997:14:Name -> Class:builtins.int
1018:16:Call -> Const:NoneType:None | U | Inst:pandas.core.computation.pytables.PyTablesExpr | Const:NoneType:None
1018:16:Name -> Func:pandas.io.pytables._ensure_term
1018:29:Name -> Const:NoneType:None | U
1019:14:Call -> U
1019:14:Attribute -> BM:pandas.io.pytables.HDFStore.get_storer
1019:14:Name -> Inst:pandas.io.pytables.HDFStore
1019:30:Name -> U
1020:15:Call -> ERR
1020:15:Name -> Func:builtins.isinstance
1020:26:Name -> U
1020:31:Name -> Class:pandas.io.pytables.Table
1021:18:Call -> ExcInst:builtins.TypeError
1021:18:Name -> Class:builtins.TypeError
1022:15:Call -> U
1022:15:Attribute -> U
1022:15:Name -> U
1022:42:Name -> Const:NoneType:None | U | Inst:pandas.core.computation.pytables.PyTablesExpr | Const:NoneType:None
1022:55:Name -> Const:NoneType:None | U
1022:67:Name -> Const:NoneType:None | U
1026:13:Name -> Class:builtins.str
1027:16:Name -> Class:builtins.str
1028:15:Name -> Class:builtins.int
1029:14:Name -> Class:builtins.int
1059:14:Call -> U
1059:14:Attribute -> BM:pandas.io.pytables.HDFStore.get_storer
1059:14:Name -> Inst:pandas.io.pytables.HDFStore
1059:30:Name -> U
1060:15:Call -> ERR
1060:15:Name -> Func:builtins.isinstance
1060:26:Name -> U
1060:31:Name -> Class:pandas.io.pytables.Table
1061:18:Call -> ExcInst:builtins.TypeError
1061:18:Name -> Class:builtins.TypeError
1062:15:Call -> U
1062:15:Attribute -> U
1062:15:Name -> U
1062:38:Name -> U
1062:52:Name -> Const:NoneType:None | U
1062:64:Name -> Const:NoneType:None | U
1072:18:Name -> Class:builtins.bool
1073:19:Name -> Class:builtins.int
1074:20:Name -> Class:builtins.bool
1107:16:Call -> Const:NoneType:None | U | Inst:pandas.core.computation.pytables.PyTablesExpr | Const:NoneType:None
1107:16:Name -> Func:pandas.io.pytables._ensure_term
1107:29:Name -> Const:NoneType:None | U
1108:11:Call -> ERR
1108:11:Name -> Func:builtins.isinstance
1108:22:Name -> U
1108:29:Name -> Class:builtins.list
1108:35:Name -> Class:builtins.tuple
1108:47:Call -> ERR
1108:47:Name -> Func:builtins.len
1108:51:Name -> U
1109:19:Name -> U
1110:11:Call -> ERR
1110:11:Name -> Func:builtins.isinstance
1110:22:Name -> U
1110:28:Name -> Class:builtins.str
1111:19:Call -> Inst:pandas.io.pytables.TableIterator | U
1111:19:Attribute -> BM:pandas.io.pytables.HDFStore.select
1111:19:Name -> Inst:pandas.io.pytables.HDFStore
1112:20:Name -> U
1113:22:Name -> Const:NoneType:None | U | Inst:pandas.core.computation.pytables.PyTablesExpr | Const:NoneType:None
1114:24:Name -> Const:NoneType:None | U
1115:22:Name -> Const:NoneType:None | U
1116:21:Name -> Const:NoneType:None | U
1117:25:Name -> Const:bool:False | U
1118:26:Name -> Const:NoneType:None | U
1119:27:Name -> Const:bool:False | U
1122:15:Call -> ERR
1122:15:Name -> Func:builtins.isinstance
1122:26:Name -> U
1122:33:Name -> Class:builtins.list
1122:39:Name -> Class:builtins.tuple
1123:18:Call -> ExcInst:builtins.TypeError
1123:18:Name -> Class:builtins.TypeError
1125:15:Call -> ERR
1125:15:Name -> Func:builtins.len
1125:19:Name -> U
1126:18:Call -> ExcInst:builtins.ValueError
1126:18:Name -> Class:builtins.ValueError
1128:11:Name -> Const:NoneType:None | U
1129:23:Name -> U
1132:16:Call -> U
1132:16:Attribute -> BM:pandas.io.pytables.HDFStore.get_storer
1132:16:Name -> Inst:pandas.io.pytables.HDFStore
1132:32:Name -> U
1132:44:Name -> U
1133:12:Call -> U
1133:12:Attribute -> BM:pandas.io.pytables.HDFStore.get_storer
1133:12:Name -> Inst:pandas.io.pytables.HDFStore
1133:28:Name -> Const:NoneType:None | U
1137:20:Call -> Inst:itertools.chain
1137:20:Attribute -> Class:itertools.chain
1137:20:Name -> Module:itertools
1137:38:Name -> U
1137:41:Name -> Const:NoneType:None | U
1137:53:Call -> Inst:builtins.zip
1137:53:Name -> Class:builtins.zip
1137:57:Name -> U
1137:63:Name -> U
1138:15:Name -> U
1139:22:Call -> ExcInst:builtins.KeyError
1139:22:Name -> Class:builtins.KeyError
1139:49:Name -> U
1140:19:Attribute -> U
1140:19:Name -> U
1141:22:Call -> ExcInst:builtins.TypeError
1141:22:Name -> Class:builtins.TypeError
1142:31:Attribute -> U
1142:31:Name -> U
1146:15:Name -> Const:NoneType:None
1147:24:Attribute -> U
1147:24:Name -> U
1148:17:Attribute -> U
1148:17:Name -> U
1148:28:Name -> U
1149:22:Call -> ExcInst:builtins.ValueError
1149:22:Name -> Class:builtins.ValueError
1153:17:Name -> U
1153:28:Name -> U
1153:36:Call -> ERR
1153:36:Name -> Func:builtins.isinstance
1153:47:Name -> U
1153:50:Name -> Class:pandas.io.pytables.Table
1156:15:Call -> ERR
1156:15:Attribute -> ERR
1156:16:Attribute -> U
1156:16:Name -> U
1156:48:Name -> U
1162:16:Call -> U
1162:16:Attribute -> U
1162:16:Name -> U
1162:29:Name -> U
1162:45:Name -> Const:NoneType:None | U
1162:60:Name -> U
1162:73:Name -> U
1163:25:Name -> U
1167:19:Call -> U
1167:19:Attribute -> U
1167:19:Call -> Const:NoneType:None | Const:NoneType:None | Const:NoneType:None | Const:NoneType:None | Const:NoneType:None | U
1167:19:Name -> Func:pandas.core.reshape.concat.concat | Func:pandas.core.reshape.concat.concat | Func:pandas.core.reshape.concat.concat | Func:pandas.core.reshape.concat.concat | Func:pandas.core.reshape.concat.concat | Func:pandas.core.reshape.concat.concat
1167:26:Name -> U
1167:37:Name -> U
1170:13:Call -> Inst:pandas.io.pytables.TableIterator
1170:13:Name -> Class:pandas.io.pytables.TableIterator
1171:12:Name -> Inst:pandas.io.pytables.HDFStore
1172:12:Name -> U
1173:12:Name -> Func:pandas.io.pytables.HDFStore.select_as_multiple.func
1174:18:Name -> Const:NoneType:None | U | Inst:pandas.core.computation.pytables.PyTablesExpr | Const:NoneType:None
1175:18:Name -> Const:NoneType:None | U
1176:18:Name -> Const:NoneType:None | U
1177:17:Name -> Const:NoneType:None | U
1178:21:Name -> Const:bool:False | U
1179:22:Name -> Const:NoneType:None | U
1180:23:Name -> Const:bool:False | U
1183:15:Call -> Inst:pandas.io.pytables.TableIterator | U
1183:15:Attribute -> BM:pandas.io.pytables.TableIterator.get_result
1183:15:Name -> Inst:pandas.io.pytables.TableIterator
1199:44:Attribute -> Inst:pandas._libs.lib._NoDefault.no_default
1199:44:Name -> Module:pandas._libs.lib
1200:39:Attribute -> Inst:pandas._libs.lib._NoDefault.no_default
1200:39:Name -> Module:pandas._libs.lib
1187:13:Name -> Class:builtins.str
1188:15:Name -> Class:pandas.core.frame.DataFrame
1188:27:Name -> Class:pandas.core.series.Series
1190:15:Name -> Class:builtins.bool
1191:16:Name -> Class:builtins.bool
1193:19:Name -> Class:builtins.int
1194:22:Name -> Class:builtins.int
1194:28:Name -> Class:builtins.dict
1194:33:Name -> Class:builtins.str
1194:38:Name -> Class:builtins.int
1196:22:Name -> Func:typing.Literal
1196:38:Name -> Class:builtins.list
1196:43:Name -> Class:builtins.str
1198:16:Name -> Class:builtins.str
1199:21:Name -> Class:builtins.bool
1199:28:Attribute -> Class:.Literal
1199:28:Name -> Module:pandas._libs.lib
1200:16:Name -> Class:builtins.bool
1200:23:Attribute -> Class:.Literal
1200:23:Name -> Module:pandas._libs.lib
1284:11:Name -> Inst:pandas._libs.lib._NoDefault.no_default | U
1284:25:Attribute -> Inst:pandas._libs.lib._NoDefault.no_default
1284:25:Name -> Module:pandas._libs.lib
1285:12:Call -> Const:NoneType:None
1285:12:Attribute -> Func:warnings.warn | Func:_warnings.warn
1285:12:Name -> Module:warnings
1289:16:Name -> Class:pandas.errors.Pandas4Warning
1290:27:Call -> Const:int:0 | Const:int:1
1290:27:Name -> Func:pandas.util._exceptions.find_stack_level
1294:11:Name -> Const:NoneType:None | U
1295:21:Name -> Dict:0
1296:17:Call -> Const:NoneType:None | U
1296:17:Attribute -> BM:pandas.io.pytables.HDFStore._validate_format
1296:17:Name -> Inst:pandas.io.pytables.HDFStore
1296:39:Name -> Const:NoneType:None | U
1297:11:Name -> Inst:pandas._libs.lib._NoDefault.no_default | U
1297:26:Attribute -> Inst:pandas._libs.lib._NoDefault.no_default
1297:26:Name -> Module:pandas._libs.lib
1298:12:Call -> Const:NoneType:None
1298:12:Attribute -> Func:warnings.warn | Func:_warnings.warn
1298:12:Name -> Module:warnings
1303:16:Name -> Class:pandas.errors.Pandas4Warning
1304:27:Call -> Const:int:0 | Const:int:1
1304:27:Name -> Func:pandas.util._exceptions.find_stack_level
1307:8:Call -> Const:NoneType:None
1307:8:Attribute -> BM:pandas.io.pytables.HDFStore._write_to_group
1307:8:Name -> Inst:pandas.io.pytables.HDFStore
1308:12:Name -> U
1309:12:Name -> U
1310:19:Name -> Const:NoneType:None | U
1311:18:Name -> Const:bool:True | U
1312:19:Name -> Const:bool:False | U
1313:20:Name -> Const:NoneType:None | U
1314:22:Name -> Const:NoneType:None | U
1315:25:Name -> Const:NoneType:None | U
1316:20:Name -> Const:NoneType:None | U
1317:25:Name -> Const:NoneType:None | U
1318:21:Name -> Const:NoneType:None | U
1319:19:Name -> Const:str:'strict' | U
1320:24:Name -> Inst:pandas._libs.lib._NoDefault.no_default | U | Const:bool:True
1321:19:Name -> Inst:pandas._libs.lib._NoDefault.no_default | U | Const:bool:False
1324:26:Name -> Class:builtins.str
1324:69:Name -> Class:builtins.int
1345:16:Call -> Const:NoneType:None | U | Inst:pandas.core.computation.pytables.PyTablesExpr | Const:NoneType:None
1345:16:Name -> Func:pandas.io.pytables._ensure_term
1345:29:Name -> Const:NoneType:None | U
1347:16:Call -> U
1347:16:Attribute -> BM:pandas.io.pytables.HDFStore.get_storer
1347:16:Name -> Inst:pandas.io.pytables.HDFStore
1347:32:Name -> U
1348:15:Name -> Class:builtins.KeyError
1351:15:Name -> Class:builtins.AssertionError
1354:15:Name -> Class:builtins.Exception
1358:15:Name -> Const:NoneType:None | U | Inst:pandas.core.computation.pytables.PyTablesExpr | Const:NoneType:None
1359:22:Call -> ExcInst:builtins.ValueError
1359:22:Name -> Class:builtins.ValueError
1361:23:Name -> ExcInst:builtins.Exception
1364:19:Call -> Const:NoneType:None | U
1364:19:Attribute -> BM:pandas.io.pytables.HDFStore.get_node
1364:19:Name -> Inst:pandas.io.pytables.HDFStore
1364:33:Name -> U
1365:15:Name -> Const:NoneType:None | U
1366:16:Call -> U
1366:16:Attribute -> U
1366:16:Name -> U
1370:11:Call -> U
1370:11:Attribute -> Func:pandas.core.common.all_none
1370:11:Name -> Module:pandas.core.common
1370:24:Name -> Const:NoneType:None | U | Inst:pandas.core.computation.pytables.PyTablesExpr | Const:NoneType:None
1370:31:Name -> Const:NoneType:None | U
1370:38:Name -> Const:NoneType:None | U
1371:12:Call -> U
1371:12:Attribute -> U
1371:12:Attribute -> U
1371:12:Name -> U
1375:15:Attribute -> U
1375:15:Name -> U
1376:18:Call -> ExcInst:builtins.ValueError
1376:18:Name -> Class:builtins.ValueError
1377:15:Call -> U
1377:15:Attribute -> U
1377:15:Name -> U
1377:30:Name -> Const:NoneType:None | U | Inst:pandas.core.computation.pytables.PyTablesExpr | Const:NoneType:None
1377:43:Name -> Const:NoneType:None | U
1377:55:Name -> Const:NoneType:None | U
1394:46:Attribute -> Inst:pandas._libs.lib._NoDefault.no_default
1394:46:Name -> Module:pandas._libs.lib
1381:13:Name -> Class:builtins.str
1382:15:Name -> Class:pandas.core.frame.DataFrame
1382:27:Name -> Class:pandas.core.series.Series
1385:15:Name -> Class:builtins.bool
1385:22:Name -> Class:builtins.list
1385:27:Name -> Class:builtins.str
1386:16:Name -> Class:builtins.bool
1388:19:Name -> Class:builtins.int
1390:22:Name -> Class:builtins.int
1390:28:Name -> Class:builtins.dict
1390:33:Name -> Class:builtins.str
1390:38:Name -> Class:builtins.int
1392:19:Name -> Class:builtins.int
1394:16:Name -> Class:builtins.bool
1394:30:Attribute -> Class:.Literal
1394:30:Name -> Module:pandas._libs.lib
1395:22:Name -> Func:typing.Literal
1395:38:Name -> Class:builtins.list
1395:43:Name -> Class:builtins.str
1397:16:Name -> Class:builtins.str
1488:11:Name -> Const:NoneType:None | U
1489:18:Call -> ExcInst:builtins.TypeError
1489:18:Name -> Class:builtins.TypeError
1493:11:Name -> Inst:pandas._libs.lib._NoDefault.no_default | U
1493:25:Attribute -> Inst:pandas._libs.lib._NoDefault.no_default
1493:25:Name -> Module:pandas._libs.lib
1494:12:Call -> Const:NoneType:None
1494:12:Attribute -> Func:warnings.warn | Func:_warnings.warn
1494:12:Name -> Module:warnings
1498:16:Name -> Class:pandas.errors.Pandas4Warning
1499:27:Call -> Const:int:0 | Const:int:1
1499:27:Name -> Func:pandas.util._exceptions.find_stack_level
1501:37:Name -> Inst:pandas._libs.lib._NoDefault.no_default | U
1501:21:Call -> Const:bool:True
1501:21:Name -> Class:builtins.bool
1501:26:Name -> Inst:pandas._libs.lib._NoDefault.no_default | U
1504:11:Name -> Const:NoneType:None | U
1505:21:Name -> Dict:0
1506:17:Call -> Const:NoneType:None | U
1506:17:Attribute -> BM:pandas.io.pytables.HDFStore._validate_format
1506:17:Name -> Inst:pandas.io.pytables.HDFStore
1506:39:Name -> Const:NoneType:None | U
1507:8:Call -> Const:NoneType:None
1507:8:Attribute -> BM:pandas.io.pytables.HDFStore._write_to_group
1507:8:Name -> Inst:pandas.io.pytables.HDFStore
1508:12:Name -> U
1509:12:Name -> U
1510:19:Name -> Const:NoneType:None | U
1511:17:Name -> Const:NoneType:None | U
1512:18:Name -> Const:bool:True | U
1513:19:Name -> Const:bool:True | U
1514:20:Name -> Const:NoneType:None | U
1515:22:Name -> Const:NoneType:None | U
1516:25:Name -> Const:NoneType:None | U
1517:20:Name -> Const:NoneType:None | U
1518:22:Name -> Const:NoneType:None | U
1519:25:Name -> Const:NoneType:None | U
1520:19:Name -> Inst:pandas._libs.lib._NoDefault.no_default | U | Const:bool:True | Const:bool:False | Const:bool:False
1521:25:Name -> Const:NoneType:None | U
1522:21:Name -> Const:NoneType:None | U
1523:19:Name -> Const:str:'strict' | U
1533:39:Attribute -> Inst:pandas._libs.lib._NoDefault.no_default
1533:39:Name -> Module:pandas._libs.lib
1528:11:Name -> Class:builtins.dict
1533:16:Name -> Class:builtins.bool
1533:23:Attribute -> Class:.Literal
1533:23:Name -> Module:pandas._libs.lib
1562:11:Name -> Const:NoneType:None | U
1563:18:Call -> ExcInst:builtins.TypeError
1563:18:Name -> Class:builtins.TypeError
1568:15:Call -> ERR
1568:15:Name -> Func:builtins.isinstance
1568:26:Name -> U
1568:29:Name -> Class:builtins.dict
1569:18:Call -> ExcInst:builtins.ValueError
1569:18:Name -> Class:builtins.ValueError
1574:11:Name -> U
1574:27:Name -> U
1575:18:Call -> ExcInst:builtins.ValueError
1575:18:Name -> Class:builtins.ValueError
1580:15:Call -> ERR
1580:15:Name -> Func:builtins.next
1580:20:Call -> ERR
1580:20:Name -> Func:builtins.iter
1580:25:Call -> Inst:builtins.set
1580:25:Name -> Class:builtins.set
1580:29:Call -> Inst:builtins.range
1580:29:Name -> Class:builtins.range
1580:35:Attribute -> U
1580:35:Name -> U
1580:50:Call -> Inst:builtins.set
1580:50:Name -> Class:builtins.set
1580:54:Name -> Dict:1
1580:64:Call -> U
1580:64:Name -> Class:builtins.type
1580:69:Name -> U
1584:23:Name -> Class:builtins.list
1585:20:Call -> U
1585:20:Attribute -> U
1585:20:Name -> U
1586:15:Name -> U
1587:19:Name -> Const:NoneType:None
1588:26:Call -> ExcInst:builtins.ValueError
1588:26:Name -> Class:builtins.ValueError
1591:29:Name -> U
1593:16:Call -> ERR
1593:16:Attribute -> BM:builtins.list.extend
1593:16:Name -> List:0
1593:37:Name -> U
1594:11:Name -> Const:NoneType:None | U
1595:22:Attribute -> U
1595:22:Name -> U
1595:33:Name -> U
1596:19:Call -> U
1596:19:Attribute -> U
1596:19:Name -> U
1596:38:Call -> Inst:pandas.core.indexes.base.Index
1596:38:Name -> Class:pandas.core.indexes.base.Index
1596:44:Name -> List:0
1597:19:Call -> ERR
1597:19:Name -> Func:builtins.sorted
1597:26:Call -> U
1597:26:Attribute -> U
1597:26:Name -> U
1597:46:Name -> U
1598:12:Name -> U
1598:14:Name -> U
1598:28:Call -> U
1598:28:Attribute -> U
1598:28:Name -> U
1598:41:Name -> U
1601:11:Name -> Const:NoneType:None | U
1602:27:Name -> U
1602:29:Name -> U
1605:11:Name -> Inst:pandas._libs.lib._NoDefault.no_default | U
1605:25:Attribute -> Inst:pandas._libs.lib._NoDefault.no_default
1605:25:Name -> Module:pandas._libs.lib
1606:12:Call -> Const:NoneType:None
1606:12:Attribute -> Func:warnings.warn | Func:_warnings.warn
1606:12:Name -> Module:warnings
1610:16:Name -> Class:pandas.errors.Pandas4Warning
1611:27:Call -> Const:int:0 | Const:int:1
1611:27:Name -> Func:pandas.util._exceptions.find_stack_level
1615:11:Name -> Inst:pandas._libs.lib._NoDefault.no_default | U | Const:bool:False
1616:20:Attribute -> U
1616:20:Call -> U
1616:20:Attribute -> U
1616:20:Name -> U
1616:26:Name -> U
1616:68:Call -> U
1616:68:Attribute -> U
1616:68:Name -> U
1617:26:Call -> ERR
1617:26:Name -> Func:builtins.next
1617:31:Name -> U
1618:25:Name -> U
1619:30:Call -> U
1619:30:Attribute -> U
1619:30:Name -> U
1619:55:Name -> U
1620:20:Attribute -> U
1620:20:Name -> U
1620:30:Name -> U
1622:23:Call -> ERR
1622:23:Attribute -> BM:builtins.dict.pop
1622:23:Name -> Dict:0
1625:20:Call -> U
1625:20:Attribute -> U
1625:20:Name -> U
1626:33:Name -> U
1626:38:Name -> U
1626:17:Name -> Const:NoneType:None | U
1629:18:Call -> U
1629:18:Attribute -> U
1629:18:Name -> U
1629:32:Name -> U
1629:40:Name -> U
1633:19:Name -> U
1632:17:Name -> U
1632:22:Name -> U
1632:48:Call -> U
1632:48:Attribute -> U
1632:48:Name -> U
1632:72:Name -> U
1632:79:Name -> U
1636:12:Call -> Const:NoneType:None
1636:12:Attribute -> BM:pandas.io.pytables.HDFStore.append
1636:12:Name -> Inst:pandas.io.pytables.HDFStore
1636:24:Name -> U
1636:27:Name -> U
1636:45:Name -> Const:NoneType:None | U | Const:NoneType:None
1636:62:Name -> U
1636:74:Name -> Dict:0
1640:13:Name -> Class:builtins.str
1642:18:Name -> Class:builtins.int
1643:14:Name -> Class:builtins.str
1669:8:Call -> Const:NoneType:None | U
1669:8:Name -> Func:pandas.io.pytables._tables
1670:12:Call -> U
1670:12:Attribute -> BM:pandas.io.pytables.HDFStore.get_storer
1670:12:Name -> Inst:pandas.io.pytables.HDFStore
1670:28:Name -> U
1671:11:Name -> U
1674:15:Call -> ERR
1674:15:Name -> Func:builtins.isinstance
1674:26:Name -> U
1674:29:Name -> Class:pandas.io.pytables.Table
1675:18:Call -> ExcInst:builtins.TypeError
1675:18:Name -> Class:builtins.TypeError
1676:8:Call -> U
1676:8:Attribute -> U
1676:8:Name -> U
1676:31:Name -> Const:NoneType:None | U
1676:49:Name -> Const:NoneType:None | U
1676:64:Name -> Const:NoneType:None | U
1678:24:Name -> Class:builtins.list
1704:8:Call -> Const:NoneType:None | U
1704:8:Name -> Func:pandas.io.pytables._tables
1705:8:Call -> Const:NoneType:None
1705:8:Attribute -> BM:pandas.io.pytables.HDFStore._check_if_open
1705:8:Name -> Inst:pandas.io.pytables.HDFStore
1706:15:Attribute -> Const:NoneType:None | U | Const:NoneType:None
1706:15:Name -> Inst:pandas.io.pytables.HDFStore
1707:15:Name -> Const:NoneType:None | U
1709:12:Name -> U
1710:21:Call -> U
1710:21:Attribute -> U
1710:21:Attribute -> Const:NoneType:None | U | Const:NoneType:None
1710:21:Name -> Inst:pandas.io.pytables.HDFStore
1712:20:Call -> ERR
1712:20:Name -> Func:builtins.isinstance
1712:31:Name -> U
1712:34:Attribute -> U
1712:34:Attribute -> U
1712:34:Name -> Const:NoneType:None | U
1714:20:Call -> U
1714:20:Name -> Func:builtins.getattr
1714:28:Attribute -> U
1714:28:Name -> U
1715:23:Call -> U
1715:23:Name -> Func:builtins.getattr
1715:31:Name -> U
1716:24:Call -> ERR
1716:24:Name -> Func:builtins.isinstance
1716:35:Name -> U
1716:38:Attribute -> U
1716:38:Attribute -> U
1716:38:Name -> Const:NoneType:None | U
1716:66:Attribute -> U
1716:66:Name -> U
1721:26:Name -> Class:builtins.str
1721:40:Name -> Class:_collections_abc.Iterator
1721:49:Name -> Class:builtins.tuple
1721:55:Name -> Class:builtins.str
1721:60:Name -> Class:builtins.list
1721:65:Name -> Class:builtins.str
1721:71:Name -> Class:builtins.list
1721:76:Name -> Class:builtins.str
1764:8:Call -> Const:NoneType:None | U
1764:8:Name -> Func:pandas.io.pytables._tables
1765:8:Call -> Const:NoneType:None
1765:8:Attribute -> BM:pandas.io.pytables.HDFStore._check_if_open
1765:8:Name -> Inst:pandas.io.pytables.HDFStore
1766:15:Attribute -> Const:NoneType:None | U | Const:NoneType:None
1766:15:Name -> Inst:pandas.io.pytables.HDFStore
1767:15:Name -> Const:NoneType:None | U
1769:17:Call -> U
1769:17:Attribute -> U
1769:17:Attribute -> Const:NoneType:None | U | Const:NoneType:None
1769:17:Name -> Inst:pandas.io.pytables.HDFStore
1769:42:Name -> Const:str:'/' | U
1770:15:Call -> U
1770:15:Name -> Func:builtins.getattr
1770:23:Attribute -> U
1770:23:Name -> U
1775:25:Call -> U
1775:25:Attribute -> U
1775:25:Attribute -> U
1775:25:Name -> U
1776:30:Call -> U
1776:30:Name -> Func:builtins.getattr
1776:38:Attribute -> U
1776:38:Name -> U
1777:19:Name -> U
1778:23:Call -> ERR
1778:23:Name -> Func:builtins.isinstance
1778:34:Name -> U
1778:41:Attribute -> U
1778:41:Attribute -> U
1778:41:Name -> Const:NoneType:None | U
1779:24:Call -> ERR
1779:24:Attribute -> BM:builtins.list.append
1779:24:Name -> List:0
1779:38:Attribute -> U
1779:38:Name -> U
1781:20:Call -> ERR
1781:20:Attribute -> BM:builtins.list.append
1781:20:Name -> List:0
1781:34:Attribute -> U
1781:34:Name -> U
1783:19:Call -> U
1783:19:Attribute -> U
1783:19:Attribute -> U
1783:19:Name -> U
1783:46:Name -> List:0
1783:54:Name -> List:0
1785:28:Name -> Class:builtins.str
1785:36:Name -> U
1787:8:Call -> Const:NoneType:None
1787:8:Attribute -> BM:pandas.io.pytables.HDFStore._check_if_open
1787:8:Name -> Inst:pandas.io.pytables.HDFStore
1788:15:Call -> U
1788:15:Attribute -> U
1788:15:Name -> U
1789:24:Name -> U
1791:15:Attribute -> Const:NoneType:None | U | Const:NoneType:None
1791:15:Name -> Inst:pandas.io.pytables.HDFStore
1792:15:Name -> Const:NoneType:None | U
1794:19:Call -> U
1794:19:Attribute -> U
1794:19:Attribute -> Const:NoneType:None | U | Const:NoneType:None
1794:19:Name -> Inst:pandas.io.pytables.HDFStore
1794:41:Attribute -> U
1794:41:Name -> Inst:pandas.io.pytables.HDFStore
1794:52:Name -> U
1795:15:Attribute -> U
1795:15:Attribute -> U
1795:15:Name -> Const:NoneType:None | U
1798:15:Call -> ERR
1798:15:Name -> Func:builtins.isinstance
1798:26:Name -> U
1798:32:Attribute -> U
1798:32:Name -> Const:NoneType:None | U
1798:50:Call -> U
1798:50:Name -> Class:builtins.type
1798:55:Name -> U
1799:15:Name -> U
1801:30:Name -> Class:builtins.str
1801:38:Name -> Class:pandas.io.pytables.GenericFixed
1801:53:Name -> Class:pandas.io.pytables.Table
1803:16:Call -> Const:NoneType:None | U
1803:16:Attribute -> BM:pandas.io.pytables.HDFStore.get_node
1803:16:Name -> Inst:pandas.io.pytables.HDFStore
1803:30:Name -> U
1804:11:Name -> Const:NoneType:None | U
1805:18:Call -> ExcInst:builtins.KeyError
1805:18:Name -> Class:builtins.KeyError
1805:46:Name -> U
1807:12:Call -> U
1807:12:Attribute -> BM:pandas.io.pytables.HDFStore._create_storer
1807:12:Name -> Inst:pandas.io.pytables.HDFStore
1807:32:Name -> Const:NoneType:None | U
1808:8:Call -> U
1808:8:Attribute -> U
1808:8:Name -> U
1809:15:Name -> U
1814:14:Name -> Class:builtins.str
1815:21:Name -> Class:builtins.bool
1818:19:Name -> Class:builtins.int
1819:20:Name -> Class:builtins.bool
1820:19:Name -> Class:builtins.bool
1821:9:Name -> Class:pandas.io.pytables.HDFStore
1839:20:Call -> Inst:pandas.io.pytables.HDFStore
1839:20:Name -> Class:pandas.io.pytables.HDFStore
1840:12:Name -> U
1840:23:Name -> Const:str:'w' | U
1840:37:Name -> Const:NoneType:None | U
1840:56:Name -> Const:NoneType:None | U
1840:78:Name -> Const:bool:False | U
1842:11:Name -> Const:NoneType:None | U
1843:19:Call -> Inst:builtins.list
1843:19:Name -> Class:builtins.list
1843:24:Call -> U
1843:24:Attribute -> BM:pandas.io.pytables.HDFStore.keys
1843:24:Name -> Inst:pandas.io.pytables.HDFStore
1844:15:Call -> ERR
1844:15:Name -> Func:builtins.isinstance
1844:26:Name -> Const:NoneType:None | U | Inst:builtins.list
1844:33:Name -> Class:builtins.tuple
1844:40:Name -> Class:builtins.list
1845:20:Name -> Const:NoneType:None | U | Inst:builtins.list
1846:17:Name -> Const:NoneType:None | U | Inst:builtins.list | List:1
1847:16:Call -> U
1847:16:Attribute -> BM:pandas.io.pytables.HDFStore.get_storer
1847:16:Name -> Inst:pandas.io.pytables.HDFStore
1847:32:Name -> Const:NoneType:None | U | Inst:builtins.list
1848:15:Name -> U
1849:19:Name -> Const:NoneType:None | U | Inst:builtins.list
1849:24:Name -> Inst:pandas.io.pytables.HDFStore
1850:23:Name -> Const:bool:True | U
1851:24:Call -> Const:NoneType:None | Const:NoneType:None | U
1851:24:Attribute -> BM:pandas.io.pytables.HDFStore.remove
1851:24:Name -> Inst:pandas.io.pytables.HDFStore
1851:41:Name -> Const:NoneType:None | U | Inst:builtins.list
1853:23:Call -> Inst:pandas.io.pytables.TableIterator | U
1853:23:Attribute -> BM:pandas.io.pytables.HDFStore.select
1853:23:Name -> Inst:pandas.io.pytables.HDFStore
1853:35:Name -> Const:NoneType:None | U | Inst:builtins.list
1854:19:Call -> ERR
1854:19:Name -> Func:builtins.isinstance
1854:30:Name -> U
1854:33:Name -> Class:pandas.io.pytables.Table
1855:27:Name -> Class:builtins.bool
1855:34:Name -> Class:builtins.list
1855:39:Name -> Class:builtins.str
1856:23:Name -> Const:bool:True | U
1857:33:Attribute -> U
1857:33:Name -> U
1857:49:Attribute -> U
1857:49:Name -> U
1857:59:Attribute -> U
1857:59:Name -> U
1858:20:Call -> Const:NoneType:None
1858:20:Attribute -> BM:pandas.io.pytables.HDFStore.append
1858:20:Name -> Inst:pandas.io.pytables.HDFStore
1859:24:Name -> Const:NoneType:None | U | Inst:builtins.list
1860:24:Name -> Inst:pandas.io.pytables.TableIterator | U
1861:30:Name -> Const:bool:False | U
1862:37:Call -> U
1862:37:Name -> Func:builtins.getattr
1862:45:Name -> U
1863:33:Attribute -> U
1863:33:Name -> U
1866:20:Call -> Const:NoneType:None
1866:20:Attribute -> BM:pandas.io.pytables.HDFStore.put
1866:20:Name -> Inst:pandas.io.pytables.HDFStore
1866:34:Name -> Const:NoneType:None | U | Inst:builtins.list
1866:37:Name -> Inst:pandas.io.pytables.TableIterator | U
1866:52:Attribute -> U
1866:52:Name -> U
1868:15:Name -> Inst:pandas.io.pytables.HDFStore
1870:22:Name -> Class:builtins.str
1901:15:Call -> Const:str:'' | Const:str:'' | Const:str:'' | Const:str:"''" | Const:str:"''" | Const:str:'{, ...}' | Const:str:'{}' | Const:str:'' | U
1901:15:Name -> Func:pandas.io.formats.printing.pprint_thing
1901:28:Attribute -> Const:NoneType:None | Const:NoneType:None | U
1901:28:Name -> Inst:pandas.io.pytables.HDFStore
1902:20:Call -> Class:pandas.io.pytables.HDFStore
1902:20:Name -> Class:builtins.type
1902:25:Name -> Inst:pandas.io.pytables.HDFStore
1902:45:Name -> Const:str:'' | Const:str:'' | Const:str:'' | Const:str:"''" | Const:str:"''" | Const:str:'{, ...}' | Const:str:'{}' | Const:str:'' | U
1904:11:Attribute -> Const:bool:False | U
1904:11:Name -> Inst:pandas.io.pytables.HDFStore
1905:20:Call -> ERR
1905:20:Name -> Func:builtins.sorted
1905:27:Call -> U
1905:27:Attribute -> BM:pandas.io.pytables.HDFStore.keys
1905:27:Name -> Inst:pandas.io.pytables.HDFStore
1906:15:Name -> U
1910:25:Name -> U
1912:28:Call -> U
1912:28:Attribute -> BM:pandas.io.pytables.HDFStore.get_storer
1912:28:Name -> Inst:pandas.io.pytables.HDFStore
1912:44:Name -> U
1913:27:Name -> U
1914:28:Call -> ERR
1914:28:Attribute -> BM:builtins.list.append
1914:28:Name -> List:0
1914:40:Call -> Const:str:'' | Const:str:'' | Const:str:'' | Const:str:"''" | Const:str:"''" | Const:str:'{, ...}' | Const:str:'{}' | Const:str:'' | U
1914:40:Name -> Func:pandas.io.formats.printing.pprint_thing
1914:53:Attribute -> U
1914:53:Name -> U
1914:67:Name -> U
1915:28:Call -> ERR
1915:28:Attribute -> BM:builtins.list.append
1915:28:Name -> List:0
1915:42:Call -> Const:str:'' | Const:str:'' | Const:str:'' | Const:str:"''" | Const:str:"''" | Const:str:'{, ...}' | Const:str:'{}' | Const:str:'' | U
1915:42:Name -> Func:pandas.io.formats.printing.pprint_thing
1915:55:Name -> U
1916:27:Name -> Class:builtins.AssertionError
1919:27:Name -> Class:builtins.Exception
1920:24:Call -> ERR
1920:24:Attribute -> BM:builtins.list.append
1920:24:Name -> List:0
1920:36:Name -> U
1921:31:Call -> Const:str:'' | Const:str:'' | Const:str:'' | Const:str:"''" | Const:str:"''" | Const:str:'{, ...}' | Const:str:'{}' | Const:str:'' | U
1921:31:Name -> Func:pandas.io.formats.printing.pprint_thing
1921:44:Name -> ExcInst:builtins.Exception
1922:24:Call -> ERR
1922:24:Attribute -> BM:builtins.list.append
1922:24:Name -> List:0
1922:65:Name -> Const:str:'' | Const:str:'' | Const:str:'' | Const:str:"''" | Const:str:"''" | Const:str:'{, ...}' | Const:str:'{}' | Const:str:'' | U
1924:26:Call -> Const:str:''
1924:26:Name -> Func:pandas.io.formats.printing.adjoin
1924:37:Name -> List:0
1924:43:Name -> List:0
1930:15:Name -> Const:str:"ClassDef.HDFStore(name='HDFStore',\n    | Const:str:"ClassDef.HDFStore(name='HDFStore',\n    | Const:str:"ClassDef.HDFStore(name='HDFStore',\n    | Const:str:"ClassDef.HDFStore(name='HDFStore',\n    | Const:str:"ClassDef.HDFStore(name='HDFStore',\n    | Const:str:"ClassDef.HDFStore(name='HDFStore',\n    | Const:str:"ClassDef.HDFStore(name='HDFStore',\n    | Const:str:"ClassDef.HDFStore(name='HDFStore',\n    | Const:str:"ClassDef.HDFStore(name='HDFStore',\n    | Const:str:"ClassDef.HDFStore(name='HDFStore',\n    | Const:str:"ClassDef.HDFStore(name='HDFStore',\n    | Const:str:"ClassDef.HDFStore(name='HDFStore',\n    | Const:str:"ClassDef.HDFStore(name='HDFStore',\n    | Const:str:"ClassDef.HDFStore(name='HDFStore',\n    | Const:str:"ClassDef.HDFStore(name='HDFStore',\n    | Const:str:"ClassDef.HDFStore(name='HDFStore',\n    | Const:str:"ClassDef.HDFStore(name='HDFStore',\n    | Const:str:"ClassDef.HDFStore(name='HDFStore',\n    | Const:str:"ClassDef.HDFStore(name='HDFStore',\n    | Const:str:"ClassDef.HDFStore(name='HDFStore',\n    | Const:str:"ClassDef.HDFStore(name='HDFStore',\n    | Const:str:"ClassDef.HDFStore(name='HDFStore',\n    | Const:str:"ClassDef.HDFStore(name='HDFStore',\n    | Const:str:"ClassDef.HDFStore(name='HDFStore',\n    | Const:str:"ClassDef.HDFStore(name='HDFStore',\n    | Const:str:"ClassDef.HDFStore(name='HDFStore',\n    | Const:str:"ClassDef.HDFStore(name='HDFStore',\n    | Const:str:"ClassDef.HDFStore(name='HDFStore',\n    | Const:str:"ClassDef.HDFStore(name='HDFStore',\n    | Const:str:"ClassDef.HDFStore(name='HDFStore',\n    | Const:str:"ClassDef.HDFStore(name='HDFStore',\n    | Const:str:"ClassDef.HDFStore(name='HDFStore',\n    | U
1936:15:Attribute -> Const:bool:False | U
1936:15:Name -> Inst:pandas.io.pytables.HDFStore
1937:18:Call -> ExcInst:pandas.errors.ClosedFileError
1937:18:Name -> Class:pandas.errors.ClosedFileError
1937:37:Attribute -> Const:NoneType:None | Const:NoneType:None | U
1937:37:Name -> Inst:pandas.io.pytables.HDFStore
1939:39:Name -> Class:builtins.str
1939:47:Name -> Class:builtins.str
1943:21:Name -> Dict:4
1943:33:Call -> U
1943:33:Attribute -> U
1943:33:Name -> U
1944:15:Name -> Class:builtins.KeyError
1945:18:Call -> ExcInst:builtins.TypeError
1945:18:Name -> Class:builtins.TypeError
1945:66:Name -> U
1945:82:Name -> ExcInst:builtins.KeyError
1947:15:Name -> U
1953:15:Name -> Class:pandas.core.frame.DataFrame
1953:27:Name -> Class:pandas.core.series.Series
1954:18:Name -> Class:builtins.str
1955:16:Name -> Class:builtins.str
1956:9:Name -> Class:pandas.io.pytables.GenericFixed
1956:24:Name -> Class:pandas.io.pytables.Table
1958:13:Name -> Class:.type
1958:18:Name -> Class:pandas.io.pytables.GenericFixed
1958:33:Name -> Class:pandas.io.pytables.Table
1960:11:Name -> Const:NoneType:None | U
1960:37:Call -> ERR
1960:37:Name -> Func:builtins.isinstance
1960:48:Name -> Const:NoneType:None | U
1960:56:Name -> Class:pandas.core.series.Series
1960:64:Name -> Class:pandas.core.frame.DataFrame
1961:18:Call -> ExcInst:builtins.TypeError
1961:18:Name -> Class:builtins.TypeError
1963:13:Call -> U
1963:13:Name -> Func:builtins.getattr
1963:21:Attribute -> U
1963:21:Name -> U
1964:13:Call -> U
1964:13:Name -> Func:builtins.getattr
1964:21:Attribute -> U
1964:21:Name -> U
1967:11:Name -> U
1968:15:Name -> Const:NoneType:None | U
1969:16:Call -> Const:NoneType:None | U
1969:16:Name -> Func:pandas.io.pytables._tables
1970:23:Name -> Const:NoneType:None | U
1971:19:Call -> U
1971:19:Name -> Func:builtins.getattr
1971:27:Name -> U
1971:52:Call -> ERR
1971:52:Name -> Func:builtins.isinstance
1972:20:Name -> U
1972:27:Attribute -> U
1972:27:Attribute -> U
1972:27:Name -> Const:NoneType:None | U
1977:26:Call -> ExcInst:builtins.TypeError
1977:26:Name -> Class:builtins.TypeError
1982:19:Call -> ERR
1982:19:Name -> Func:builtins.isinstance
1982:30:Name -> U
1982:37:Name -> Class:pandas.core.series.Series
1988:19:Name -> Const:NoneType:None | U
1992:26:Name -> U | Const:str:'frame_table' | Const:str:'series' | Const:str:'frame'
1993:37:Name -> Class:pandas.io.pytables.SeriesFixed
1993:59:Name -> Class:pandas.io.pytables.FrameFixed
1995:22:Name -> Dict:2
1995:34:Name -> U | Const:str:'frame_table' | Const:str:'series' | Const:str:'frame'
1996:19:Name -> Class:builtins.KeyError
1997:22:Call -> ExcInst:builtins.TypeError
1997:22:Name -> Class:builtins.TypeError
1999:23:Name -> U
1999:38:Call -> U
1999:38:Name -> Class:builtins.type
1999:43:Name -> Const:NoneType:None | U
1999:60:Name -> Const:NoneType:None | U
2000:23:Name -> ExcInst:builtins.KeyError
2001:19:Call -> U
2001:19:Name -> U
2001:23:Name -> Inst:pandas.io.pytables.HDFStore
2001:29:Name -> U
2001:45:Name -> Const:str:'UTF-8' | U
2001:62:Name -> Const:str:'strict' | U
2004:11:Name -> U | Const:str:'generic_table'
2006:15:Name -> Const:NoneType:None | U
2007:19:Name -> U | Const:str:'frame_table' | Const:str:'series' | Const:str:'frame'
2008:28:Call -> U
2008:28:Name -> Func:builtins.getattr
2008:36:Name -> U
2009:23:Name -> U
2010:27:Attribute -> U
2010:27:Name -> U
2012:29:Attribute -> U
2012:29:Name -> U
2014:21:Name -> U | Const:str:'frame_table' | Const:str:'series' | Const:str:'frame'
2015:28:Call -> U
2015:28:Name -> Func:builtins.getattr
2015:36:Name -> U
2016:23:Name -> U
2017:27:Attribute -> U
2017:27:Name -> U
2019:29:Attribute -> U
2019:29:Name -> U
2023:29:Name -> Class:pandas.io.pytables.GenericTable
2024:33:Name -> Class:pandas.io.pytables.AppendableSeriesTable
2025:38:Name -> Class:pandas.io.pytables.AppendableMultiSeriesTable
2026:32:Name -> Class:pandas.io.pytables.AppendableFrameTable
2027:37:Name -> Class:pandas.io.pytables.AppendableMultiFrameTable
2028:20:Name -> Class:pandas.io.pytables.WORMTable
2031:18:Name -> Dict:6
2031:29:Name -> U | Const:str:'generic_table' | Const:str:'appendable_series' | Const:str:'appendable_multiseries' | Const:str:'appendable_frame' | Const:str:'appendable_multiframe'
2032:15:Name -> Class:builtins.KeyError
2033:18:Call -> ExcInst:builtins.TypeError
2033:18:Name -> Class:builtins.TypeError
2035:19:Name -> U
2035:34:Call -> U
2035:34:Name -> Class:builtins.type
2035:39:Name -> Const:NoneType:None | U
2035:56:Name -> Const:NoneType:None | U
2036:19:Name -> ExcInst:builtins.KeyError
2038:15:Call -> U
2038:15:Name -> U
2038:19:Name -> Inst:pandas.io.pytables.HDFStore
2038:25:Name -> U
2038:41:Name -> Const:str:'UTF-8' | U
2038:58:Name -> Const:str:'strict' | U
2042:13:Name -> Class:builtins.str
2043:15:Name -> Class:pandas.core.frame.DataFrame
2043:27:Name -> Class:pandas.core.series.Series
2046:15:Name -> Class:builtins.bool
2046:22:Name -> Class:builtins.list
2046:27:Name -> Class:builtins.str
2047:16:Name -> Class:builtins.bool
2049:19:Name -> Class:builtins.int
2051:22:Name -> Class:builtins.int
2051:28:Name -> Class:builtins.dict
2051:33:Name -> Class:builtins.str
2051:38:Name -> Class:builtins.int
2052:19:Name -> Class:builtins.int
2054:16:Name -> Class:builtins.bool
2058:16:Name -> Class:builtins.str
2059:21:Name -> Class:builtins.bool
2063:11:Call -> U
2063:11:Name -> Func:builtins.getattr
2063:19:Name -> U
2063:46:Name -> U
2063:67:Name -> Const:bool:False | U
2066:16:Call -> Const:NoneType:None | U | Const:NoneType:None
2066:16:Attribute -> BM:pandas.io.pytables.HDFStore._identify_group
2066:16:Name -> Inst:pandas.io.pytables.HDFStore
2066:37:Name -> U
2066:42:Name -> Const:bool:False | U
2068:12:Call -> U
2068:12:Attribute -> BM:pandas.io.pytables.HDFStore._create_storer
2068:12:Name -> Inst:pandas.io.pytables.HDFStore
2068:32:Name -> Const:NoneType:None | U | Const:NoneType:None
2068:39:Name -> U
2068:47:Name -> U
2068:63:Name -> Const:NoneType:None | U
2068:80:Name -> Const:str:'strict' | U
2069:11:Name -> Const:bool:False | U
2072:19:Attribute -> U
2072:19:Name -> U
2072:34:Attribute -> U
2072:34:Name -> U
2072:49:Name -> U
2072:71:Attribute -> U
2072:71:Name -> U
2073:22:Call -> ExcInst:builtins.ValueError
2073:22:Name -> Class:builtins.ValueError
2074:19:Attribute -> U
2074:19:Name -> U
2075:16:Call -> U
2075:16:Attribute -> U
2075:16:Name -> U
2077:12:Call -> U
2077:12:Attribute -> U
2077:12:Name -> U
2079:15:Attribute -> U
2079:15:Name -> U
2079:30:Name -> Const:NoneType:None | U
2080:18:Call -> ExcInst:builtins.ValueError
2080:18:Name -> Class:builtins.ValueError
2083:8:Call -> U
2083:8:Attribute -> U
2083:8:Name -> U
2084:16:Name -> U
2085:17:Name -> Const:NoneType:None | U
2086:19:Name -> Const:bool:False | U
2087:20:Name -> Const:NoneType:None | U
2088:22:Name -> Const:NoneType:None | U
2089:23:Name -> Const:NoneType:None | U
2090:25:Name -> Const:NoneType:None | U
2091:22:Name -> Const:NoneType:None | U
2092:25:Name -> Const:NoneType:None | U
2093:19:Name -> Const:bool:False | U
2094:20:Name -> Const:NoneType:None | U
2095:25:Name -> Const:NoneType:None | U
2096:24:Name -> Const:bool:True | U
2099:11:Call -> ERR
2099:11:Name -> Func:builtins.isinstance
2099:22:Name -> U
2099:25:Name -> Class:pandas.io.pytables.Table
2099:36:Name -> Const:bool:True | U
2100:12:Call -> U
2100:12:Attribute -> U
2100:12:Name -> U
2100:35:Name -> Const:bool:True | U
2102:33:Name -> U
2103:12:Call -> U
2103:12:Attribute -> BM:pandas.io.pytables.HDFStore._create_storer
2103:12:Name -> Inst:pandas.io.pytables.HDFStore
2103:32:Name -> U
2104:8:Call -> U
2104:8:Attribute -> U
2104:8:Name -> U
2105:15:Call -> U
2105:15:Attribute -> U
2105:15:Name -> U
2107:35:Name -> Class:builtins.str
2107:48:Name -> Class:builtins.bool
2107:57:Name -> U
2109:16:Call -> Const:NoneType:None | U
2109:16:Attribute -> BM:pandas.io.pytables.HDFStore.get_node
2109:16:Name -> Inst:pandas.io.pytables.HDFStore
2109:30:Name -> U
2113:15:Attribute -> Const:NoneType:None | U | Const:NoneType:None
2113:15:Name -> Inst:pandas.io.pytables.HDFStore
2116:11:Name -> Const:NoneType:None | U
2116:37:Name -> U
2117:12:Call -> U
2117:12:Attribute -> U
2117:12:Attribute -> Const:NoneType:None | U | Const:NoneType:None
2117:12:Name -> Inst:pandas.io.pytables.HDFStore
2117:37:Name -> Const:NoneType:None | U
2120:11:Name -> Const:NoneType:None | U | Const:NoneType:None
2121:20:Call -> Const:NoneType:None | U
2121:20:Attribute -> BM:pandas.io.pytables.HDFStore._create_nodes_and_group
2121:20:Name -> Inst:pandas.io.pytables.HDFStore
2121:49:Name -> U
2123:15:Name -> Const:NoneType:None | U | Const:NoneType:None
2125:43:Name -> Class:builtins.str
2125:51:Name -> U
2128:15:Attribute -> Const:NoneType:None | U | Const:NoneType:None
2128:15:Name -> Inst:pandas.io.pytables.HDFStore
2130:16:Call -> U
2130:16:Attribute -> U
2130:16:Name -> U
2133:17:Name -> U
2134:19:Call -> ERR
2134:19:Name -> Func:builtins.len
2134:23:Name -> U
2136:23:Name -> Const:str:'/'
2137:19:Call -> ERR
2137:19:Attribute -> BM:builtins.str.endswith
2137:19:Name -> Const:str:'/'
2139:24:Name -> U
2140:20:Call -> Const:NoneType:None | U
2140:20:Attribute -> BM:pandas.io.pytables.HDFStore.get_node
2140:20:Name -> Inst:pandas.io.pytables.HDFStore
2140:34:Name -> U
2141:15:Name -> Const:NoneType:None | U
2142:24:Call -> U
2142:24:Attribute -> U
2142:24:Attribute -> Const:NoneType:None | U | Const:NoneType:None
2142:24:Name -> Inst:pandas.io.pytables.HDFStore
2142:50:Name -> Const:str:'/'
2142:56:Name -> U
2143:19:Name -> U
2144:15:Name -> Const:NoneType:None | U
2167:15:Name -> Class:builtins.int
2168:11:Name -> Class:pandas.io.pytables.HDFStore
2169:7:Name -> Class:pandas.io.pytables.GenericFixed
2169:22:Name -> Class:pandas.io.pytables.Table
2173:15:Name -> Class:pandas.io.pytables.HDFStore
2174:11:Name -> Class:pandas.io.pytables.GenericFixed
2174:26:Name -> Class:pandas.io.pytables.Table
2180:18:Name -> Class:builtins.bool
2181:19:Name -> Class:builtins.int
2182:20:Name -> Class:builtins.bool
2184:8:Name -> Inst:pandas.io.pytables.TableIterator
2184:21:Name -> U
2185:8:Name -> Inst:pandas.io.pytables.TableIterator
2185:17:Name -> U
2186:8:Name -> Inst:pandas.io.pytables.TableIterator
2186:20:Name -> U
2187:8:Name -> Inst:pandas.io.pytables.TableIterator
2187:21:Name -> U
2190:11:Attribute -> U
2190:11:Attribute -> U
2190:11:Name -> Inst:pandas.io.pytables.TableIterator
2191:15:Name -> U
2193:15:Name -> Const:NoneType:None | U
2195:15:Name -> Const:NoneType:None | U
2196:23:Name -> U | Const:int:0
2197:19:Call -> ERR
2197:19:Name -> Func:builtins.min
2197:23:Name -> U | Const:int:0
2197:30:Name -> Const:NoneType:None | U | Const:int:0
2199:8:Name -> Inst:pandas.io.pytables.TableIterator
2199:21:Name -> U | Const:int:0
2200:8:Name -> Inst:pandas.io.pytables.TableIterator
2200:21:Name -> Const:NoneType:None | U | Const:int:0
2201:8:Name -> Inst:pandas.io.pytables.TableIterator
2201:20:Name -> Const:NoneType:None | U | Const:int:0
2203:8:Name -> Inst:pandas.io.pytables.TableIterator
2204:8:Name -> Inst:pandas.io.pytables.TableIterator
2205:11:Name -> Const:bool:False | U
2205:23:Name -> Const:NoneType:None | U
2206:15:Name -> Const:NoneType:None | U
2208:12:Name -> Inst:pandas.io.pytables.TableIterator
2208:29:Call -> Const:int:0
2208:29:Name -> Class:builtins.int
2208:33:Name -> Const:NoneType:None | U | Const:int:100000
2210:12:Name -> Inst:pandas.io.pytables.TableIterator
2212:8:Name -> Inst:pandas.io.pytables.TableIterator
2212:26:Name -> Const:bool:False | U
2214:26:Name -> Class:_collections_abc.Iterator
2216:15:Attribute -> Const:bool:False | Const:bool:True
2216:15:Name -> Inst:pandas.io.pytables.TableIterator
2217:18:Call -> ExcInst:builtins.ValueError
2217:18:Name -> Class:builtins.ValueError
2218:18:Attribute -> Const:NoneType:None | U | Const:int:0
2218:18:Name -> Inst:pandas.io.pytables.TableIterator
2219:14:Name -> Const:NoneType:None | U | Const:int:0
2219:24:Attribute -> Const:NoneType:None | U | Const:int:0
2219:24:Name -> Inst:pandas.io.pytables.TableIterator
2220:19:Call -> ERR
2220:19:Name -> Func:builtins.min
2220:23:Name -> Const:NoneType:None | U | Const:int:0
2220:33:Attribute -> Const:int:0 | Const:NoneType:None
2220:33:Name -> Inst:pandas.io.pytables.TableIterator
2220:49:Attribute -> Const:NoneType:None | U | Const:int:0
2220:49:Name -> Inst:pandas.io.pytables.TableIterator
2221:15:Attribute -> Const:NoneType:None | U
2221:15:Name -> Inst:pandas.io.pytables.TableIterator
2225:24:Call -> U
2225:24:Attribute -> U
2225:24:Name -> Inst:pandas.io.pytables.TableIterator
2225:34:Name -> Const:NoneType:None | U | Const:int:0
2225:43:Name -> U
2227:24:Call -> U
2227:24:Attribute -> U
2227:24:Name -> Inst:pandas.io.pytables.TableIterator
2227:46:Attribute -> U
2227:46:Name -> Inst:pandas.io.pytables.TableIterator
2227:63:Name -> Const:NoneType:None | U | Const:int:0
2227:71:Name -> U
2228:22:Name -> U
2229:15:Name -> U
2229:36:Call -> ERR
2229:36:Name -> Func:builtins.len
2229:40:Name -> U
2232:18:Name -> U
2234:8:Call -> Const:NoneType:None
2234:8:Attribute -> BM:pandas.io.pytables.TableIterator.close
2234:8:Name -> Inst:pandas.io.pytables.TableIterator
2237:11:Attribute -> Const:bool:False | U
2237:11:Name -> Inst:pandas.io.pytables.TableIterator
2238:12:Call -> U
2238:12:Attribute -> U
2238:12:Attribute -> U
2238:12:Name -> Inst:pandas.io.pytables.TableIterator
2240:38:Name -> Class:builtins.bool
2242:8:Name -> Inst:pandas.io.pytables.TableIterator
2243:11:Attribute -> Const:int:0 | Const:NoneType:None
2243:11:Name -> Inst:pandas.io.pytables.TableIterator
2244:19:Call -> ERR
2244:19:Name -> Func:builtins.isinstance
2244:30:Attribute -> U
2244:30:Name -> Inst:pandas.io.pytables.TableIterator
2244:38:Name -> Class:pandas.io.pytables.Table
2245:22:Call -> ExcInst:builtins.TypeError
2245:22:Name -> Class:builtins.TypeError
2247:15:Attribute -> U
2247:15:Name -> Inst:pandas.io.pytables.TableIterator
2248:19:Call -> U
2248:19:Attribute -> U
2248:19:Attribute -> U
2248:19:Name -> Inst:pandas.io.pytables.TableIterator
2248:49:Attribute -> U
2248:49:Name -> Inst:pandas.io.pytables.TableIterator
2249:26:Call -> ExcInst:builtins.NotImplementedError
2249:26:Name -> Class:builtins.NotImplementedError
2255:16:Name -> Inst:pandas.io.pytables.TableIterator
2255:35:Call -> U
2255:35:Attribute -> U
2255:35:Attribute -> U
2255:35:Name -> Inst:pandas.io.pytables.TableIterator
2255:65:Attribute -> U
2255:65:Name -> Inst:pandas.io.pytables.TableIterator
2257:19:Name -> Inst:pandas.io.pytables.TableIterator
2263:11:Name -> Const:bool:False | U
2263:27:Attribute -> U
2263:27:Name -> Inst:pandas.io.pytables.TableIterator
2264:19:Call -> ERR
2264:19:Name -> Func:builtins.isinstance
2264:30:Attribute -> U
2264:30:Name -> Inst:pandas.io.pytables.TableIterator
2264:38:Name -> Class:pandas.io.pytables.Table
2265:22:Call -> ExcInst:builtins.TypeError
2265:22:Name -> Class:builtins.TypeError
2266:20:Call -> U
2266:20:Attribute -> U
2266:20:Attribute -> U
2266:20:Name -> Inst:pandas.io.pytables.TableIterator
2267:22:Attribute -> U
2267:22:Name -> Inst:pandas.io.pytables.TableIterator
2267:40:Attribute -> Const:NoneType:None | U | Const:int:0
2267:40:Name -> Inst:pandas.io.pytables.TableIterator
2267:57:Attribute -> Const:NoneType:None | U | Const:int:0
2267:57:Name -> Inst:pandas.io.pytables.TableIterator
2270:20:Attribute -> U
2270:20:Name -> Inst:pandas.io.pytables.TableIterator
2273:18:Call -> U
2273:18:Attribute -> U
2273:18:Name -> Inst:pandas.io.pytables.TableIterator
2273:28:Attribute -> Const:NoneType:None | U | Const:int:0
2273:28:Name -> Inst:pandas.io.pytables.TableIterator
2273:40:Attribute -> Const:NoneType:None | U | Const:int:0
2273:40:Name -> Inst:pandas.io.pytables.TableIterator
2273:51:Name -> U
2274:8:Call -> Const:NoneType:None
2274:8:Attribute -> BM:pandas.io.pytables.TableIterator.close
2274:8:Name -> Inst:pandas.io.pytables.TableIterator
2275:15:Name -> U
2292:21:Name -> Class:builtins.bool
2293:23:Name -> Class:builtins.bool
2298:14:Name -> Class:builtins.str
2302:15:Name -> Class:builtins.str
2313:15:Call -> ERR
2313:15:Name -> Func:builtins.isinstance
2313:26:Name -> U
2313:32:Name -> Class:builtins.str
2314:18:Call -> ExcInst:builtins.ValueError
2314:18:Name -> Class:builtins.ValueError
2316:8:Name -> Inst:pandas.io.pytables.IndexCol
2316:22:Name -> Const:NoneType:None | U
2317:8:Name -> Inst:pandas.io.pytables.IndexCol
2317:20:Name -> Const:NoneType:None | U
2318:8:Name -> Inst:pandas.io.pytables.IndexCol
2318:19:Name -> Const:NoneType:None | U
2319:8:Name -> Inst:pandas.io.pytables.IndexCol
2319:20:Name -> U
2320:8:Name -> Inst:pandas.io.pytables.IndexCol
2320:21:Name -> Const:NoneType:None | U
2320:30:Name -> U
2321:8:Name -> Inst:pandas.io.pytables.IndexCol
2321:20:Name -> Const:NoneType:None | U
2322:8:Name -> Inst:pandas.io.pytables.IndexCol
2322:19:Name -> Const:NoneType:None | U
2323:8:Name -> Inst:pandas.io.pytables.IndexCol
2323:20:Name -> Const:NoneType:None | U
2324:8:Name -> Inst:pandas.io.pytables.IndexCol
2324:18:Name -> Const:NoneType:None | U
2325:8:Name -> Inst:pandas.io.pytables.IndexCol
2325:26:Name -> Const:NoneType:None | U
2326:8:Name -> Inst:pandas.io.pytables.IndexCol
2326:23:Name -> Const:NoneType:None | U
2327:8:Name -> Inst:pandas.io.pytables.IndexCol
2327:21:Name -> Const:NoneType:None | U
2328:8:Name -> Inst:pandas.io.pytables.IndexCol
2328:20:Name -> Const:NoneType:None | U
2329:8:Name -> Inst:pandas.io.pytables.IndexCol
2329:24:Name -> Const:NoneType:None | U
2331:11:Name -> Const:NoneType:None | U
2332:12:Call -> Const:NoneType:None
2332:12:Attribute -> BM:pandas.io.pytables.IndexCol.set_pos
2332:12:Name -> Inst:pandas.io.pytables.IndexCol
2332:25:Name -> U
2336:15:Call -> ERR
2336:15:Name -> Func:builtins.isinstance
2336:26:Attribute -> U
2336:26:Name -> Inst:pandas.io.pytables.IndexCol
2336:37:Name -> Class:builtins.str
2337:15:Call -> ERR
2337:15:Name -> Func:builtins.isinstance
2337:26:Attribute -> U
2337:26:Name -> Inst:pandas.io.pytables.IndexCol
2337:38:Name -> Class:builtins.str
2339:5:Name -> Class:builtins.property
2340:26:Name -> Class:builtins.int
2342:15:Attribute -> U
2342:15:Attribute -> Const:NoneType:None | U
2342:15:Name -> Inst:pandas.io.pytables.IndexCol
2344:5:Name -> Class:builtins.property
2345:27:Name -> Class:builtins.str
2346:18:Attribute -> U
2346:18:Name -> Inst:pandas.io.pytables.IndexCol
2348:27:Name -> Class:builtins.int
2350:8:Name -> Inst:pandas.io.pytables.IndexCol
2350:19:Name -> U
2351:11:Name -> U
2351:31:Attribute -> Const:NoneType:None | U
2351:31:Name -> Inst:pandas.io.pytables.IndexCol
2352:12:Attribute -> Const:NoneType:None | U
2352:12:Name -> Inst:pandas.io.pytables.IndexCol
2352:30:Name -> U
2354:26:Name -> Class:builtins.str
2355:15:Call -> Inst:builtins.tuple
2355:15:Name -> Class:builtins.tuple
2356:12:Call -> Inst:builtins.map
2356:12:Name -> Class:builtins.map
2356:16:Name -> Func:pandas.io.formats.printing.pprint_thing
2356:31:Attribute -> U
2356:31:Name -> Inst:pandas.io.pytables.IndexCol
2356:42:Attribute -> U
2356:42:Name -> Inst:pandas.io.pytables.IndexCol
2356:54:Attribute -> Const:NoneType:None | U
2356:54:Name -> Inst:pandas.io.pytables.IndexCol
2356:65:Attribute -> Const:NoneType:None | U
2356:65:Name -> Inst:pandas.io.pytables.IndexCol
2356:75:Attribute -> Const:NoneType:None | U
2356:75:Name -> Inst:pandas.io.pytables.IndexCol
2358:15:Call -> Const:str:''
2358:15:Attribute -> BM:builtins.str.join
2360:19:Name -> U
2360:26:Name -> U
2361:34:Call -> Inst:builtins.zip
2361:34:Name -> Class:builtins.zip
2362:62:Name -> Inst:builtins.tuple
2367:28:Name -> Class:builtins.object
2367:39:Name -> Class:builtins.bool
2369:15:Call -> ERR
2369:15:Name -> Func:builtins.all
2370:12:Call -> U
2370:12:Name -> Func:builtins.getattr
2370:20:Name -> Inst:pandas.io.pytables.IndexCol
2370:26:Name -> Const:str:'name' | Const:str:'cname' | Const:str:'axis' | Const:str:'pos'
2370:38:Call -> U
2370:38:Name -> Func:builtins.getattr
2370:46:Name -> U
2370:53:Name -> Const:str:'name' | Const:str:'cname' | Const:str:'axis' | Const:str:'pos'
2374:31:Name -> Class:builtins.bool
2375:19:Call -> U
2375:19:Attribute -> BM:pandas.io.pytables.IndexCol.__eq__
2375:19:Name -> Inst:pandas.io.pytables.IndexCol
2375:31:Name -> U
2377:5:Name -> Class:builtins.property
2378:28:Name -> Class:builtins.bool
2380:15:Call -> Const:bool:False
2380:15:Name -> Func:builtins.hasattr
2380:23:Attribute -> Const:NoneType:None | U
2380:23:Name -> Inst:pandas.io.pytables.IndexCol
2383:15:Attribute -> U
2383:15:Call -> U
2383:15:Name -> Func:builtins.getattr
2383:23:Attribute -> U
2383:23:Attribute -> Const:NoneType:None | U
2383:23:Name -> Inst:pandas.io.pytables.IndexCol
2383:40:Attribute -> U
2383:40:Name -> Inst:pandas.io.pytables.IndexCol
2386:22:Attribute -> Class:.ndarray
2386:22:Name -> U
2386:53:Name -> Class:builtins.str
2386:66:Name -> Class:builtins.str
2387:9:Name -> Class:builtins.tuple
2387:15:Attribute -> Class:.ndarray
2387:15:Name -> U
2387:27:Attribute -> Class:.ndarray
2387:27:Name -> U
2387:41:Name -> Class:builtins.tuple
2387:47:Name -> Class:pandas.core.indexes.base.Index
2387:54:Name -> Class:pandas.core.indexes.base.Index
2391:15:Call -> ERR
2391:15:Name -> Func:builtins.isinstance
2391:26:Name -> U
2391:34:Attribute -> Class:.ndarray
2391:34:Name -> U
2391:47:Call -> U
2391:47:Name -> Class:builtins.type
2391:52:Name -> U
2394:11:Attribute -> U
2394:11:Attribute -> U
2394:11:Name -> U
2397:21:Call -> U
2397:21:Attribute -> U
2397:21:Name -> U
2397:28:Attribute -> U
2397:28:Name -> Inst:pandas.io.pytables.IndexCol
2399:19:Attribute -> Const:NoneType:None | U
2399:19:Name -> Inst:pandas.io.pytables.IndexCol
2400:17:Call -> U
2400:17:Name -> Func:pandas.io.pytables._maybe_convert
2400:32:Name -> U
2400:40:Name -> Const:NoneType:None | U
2400:50:Name -> U
2400:60:Name -> U
2402:8:Name -> Dict:0
2402:25:Attribute -> Const:NoneType:None | U
2402:25:Name -> Inst:pandas.io.pytables.IndexCol
2404:11:Attribute -> Const:NoneType:None | U
2404:11:Name -> Inst:pandas.io.pytables.IndexCol
2405:12:Name -> Dict:0
2405:29:Attribute -> U
2405:29:Name -> Inst:pandas.io.pytables.IndexCol
2407:17:Name -> Class:.type
2407:22:Name -> Class:pandas.core.indexes.base.Index
2407:30:Name -> Class:pandas.core.indexes.datetimes.DatetimeIndex
2407:46:Name -> Class:pandas.core.indexes.timedeltas.TimedeltaIndex
2407:64:Name -> Class:pandas.core.indexes.base.Index
2408:11:Call -> Const:NoneType:None
2408:11:Attribute -> Func:pandas._libs.lib.is_np_dtype
2408:11:Name -> Module:pandas._libs.lib
2408:27:Attribute -> U
2408:27:Name -> U
2408:49:Call -> ERR
2408:49:Name -> Func:builtins.isinstance
2409:12:Attribute -> U
2409:12:Name -> U
2409:26:Name -> Class:pandas.core.dtypes.dtypes.DatetimeTZDtype
2411:22:Name -> Class:pandas.core.indexes.datetimes.DatetimeIndex
2412:13:Call -> U
2412:13:Attribute -> U
2412:13:Name -> Const:NoneType:None | U
2416:15:Name -> Const:NoneType:None | U
2418:25:Call -> U
2418:25:Attribute -> U
2418:25:Name -> U
2420:25:Call -> U
2420:25:Attribute -> U
2420:25:Name -> U
2420:37:Name -> Const:NoneType:None | U
2421:22:Name -> Class:pandas.core.indexes.timedeltas.TimedeltaIndex
2422:13:Attribute -> U
2422:13:Name -> U
2422:48:Name -> Dict:0
2427:40:Call -> U
2427:40:Attribute -> BM:pandas.core.indexes.base.Index._rename
2427:40:Call -> Inst:pandas.core.indexes.period.PeriodIndex
2427:40:Attribute -> BM:pandas.core.indexes.period.PeriodIndex.from_ordinals
2427:40:Name -> Class:pandas.core.indexes.period.PeriodIndex
2428:16:Name -> U
2428:24:Call -> ERR
2428:24:Attribute -> BM:builtins.dict.get
2428:24:Name -> Dict:0
2429:22:Name -> Dict:0
2433:27:Call -> Inst:pandas.core.indexes.base.Index | Inst:pandas.core.indexes.datetimes.DatetimeIndex | Inst:pandas.core.indexes.timedeltas.TimedeltaIndex | U
2433:27:Name -> Class:pandas.core.indexes.base.Index | Class:pandas.core.indexes.datetimes.DatetimeIndex | Class:pandas.core.indexes.timedeltas.TimedeltaIndex | Lambda:pandas.io.pytables:2427
2433:35:Name -> U
2433:45:Name -> Dict:0
2434:15:Name -> Class:builtins.UnicodeEncodeError
2436:16:Name -> U
2437:20:Call -> U
2437:20:Name -> Func:pandas._config.using_string_dtype
2438:20:Call -> ERR
2438:20:Attribute -> BM:builtins.str.endswith
2438:20:Call -> Const:str:''
2438:20:Name -> Class:builtins.str
2438:24:Name -> ExcInst:builtins.UnicodeEncodeError
2439:20:Name -> U | Const:bool:False
2441:31:Call -> Inst:pandas.core.indexes.base.Index | Inst:pandas.core.indexes.datetimes.DatetimeIndex | Inst:pandas.core.indexes.timedeltas.TimedeltaIndex | U
2441:31:Name -> Class:pandas.core.indexes.base.Index | Class:pandas.core.indexes.datetimes.DatetimeIndex | Class:pandas.core.indexes.timedeltas.TimedeltaIndex | Lambda:pandas.io.pytables:2427
2442:20:Name -> U
2443:26:Call -> Inst:pandas.core.arrays.string_.StringDtype
2443:26:Name -> Class:pandas.core.arrays.string_.StringDtype
2443:65:Attribute -> U
2443:65:Name -> U
2444:22:Name -> Dict:0
2448:15:Name -> Class:builtins.ValueError
2451:25:Name -> Dict:0
2452:16:Name -> Dict:0
2453:27:Call -> Inst:pandas.core.indexes.base.Index | Inst:pandas.core.indexes.datetimes.DatetimeIndex | Inst:pandas.core.indexes.timedeltas.TimedeltaIndex | U
2453:27:Name -> Class:pandas.core.indexes.base.Index | Class:pandas.core.indexes.datetimes.DatetimeIndex | Class:pandas.core.indexes.timedeltas.TimedeltaIndex | Lambda:pandas.io.pytables:2427
2453:35:Name -> U
2453:45:Name -> Dict:0
2455:24:Name -> Class:pandas.core.indexes.base.Index
2456:11:Attribute -> Const:NoneType:None | U
2456:11:Name -> Inst:pandas.io.pytables.IndexCol
2456:35:Call -> ERR
2456:35:Name -> Func:builtins.isinstance
2456:46:Name -> Inst:pandas.core.indexes.base.Index | Inst:pandas.core.indexes.datetimes.DatetimeIndex | Inst:pandas.core.indexes.timedeltas.TimedeltaIndex | U
2456:60:Name -> Class:pandas.core.indexes.datetimes.DatetimeIndex
2457:29:Call -> U
2457:29:Attribute -> BM:pandas.core.indexes.datetimes.DatetimeIndex.tz_convert | U
2457:29:Call -> Inst:pandas.core.indexes.datetimes.DatetimeIndex | U
2457:29:Attribute -> BM:pandas.core.indexes.datetimes.DatetimeIndex.tz_localize | U
2457:29:Name -> Inst:pandas.core.indexes.base.Index | Inst:pandas.core.indexes.datetimes.DatetimeIndex | Inst:pandas.core.indexes.timedeltas.TimedeltaIndex | U
2457:72:Attribute -> Const:NoneType:None | U
2457:72:Name -> Inst:pandas.io.pytables.IndexCol
2459:29:Name -> Inst:pandas.core.indexes.base.Index | Inst:pandas.core.indexes.datetimes.DatetimeIndex | Inst:pandas.core.indexes.timedeltas.TimedeltaIndex | U
2460:15:Name -> U | Inst:pandas.core.indexes.base.Index | Inst:pandas.core.indexes.datetimes.DatetimeIndex | Inst:pandas.core.indexes.timedeltas.TimedeltaIndex
2460:31:Name -> U | Inst:pandas.core.indexes.base.Index | Inst:pandas.core.indexes.datetimes.DatetimeIndex | Inst:pandas.core.indexes.timedeltas.TimedeltaIndex
2464:15:Attribute -> Const:NoneType:None | U
2464:15:Name -> Inst:pandas.io.pytables.IndexCol
2466:5:Name -> Class:builtins.property
2468:15:Attribute -> U
2468:15:Attribute -> Const:NoneType:None | U
2468:15:Name -> Inst:pandas.io.pytables.IndexCol
2470:5:Name -> Class:builtins.property
2472:15:Attribute -> U
2472:15:Attribute -> Const:NoneType:None | U
2472:15:Name -> Inst:pandas.io.pytables.IndexCol
2474:5:Name -> Class:builtins.property
2477:15:Call -> U
2477:15:Name -> Func:builtins.getattr
2477:23:Attribute -> U
2477:23:Name -> Inst:pandas.io.pytables.IndexCol
2477:41:Attribute -> U
2477:41:Name -> Inst:pandas.io.pytables.IndexCol
2479:5:Name -> Class:builtins.property
2482:15:Attribute -> Const:NoneType:None | U
2482:15:Name -> Inst:pandas.io.pytables.IndexCol
2484:26:Name -> Class:_collections_abc.Iterator
2485:15:Call -> ERR
2485:15:Name -> Func:builtins.iter
2485:20:Attribute -> Const:NoneType:None | U
2485:20:Name -> Inst:pandas.io.pytables.IndexCol
2493:11:Attribute -> Const:NoneType:None | U
2493:11:Name -> Inst:pandas.io.pytables.IndexCol
2494:15:Call -> ERR
2494:15:Name -> Func:builtins.isinstance
2494:26:Name -> Const:NoneType:None | U
2494:40:Name -> Class:builtins.dict
2495:31:Call -> U
2495:31:Attribute -> U
2495:31:Name -> Const:NoneType:None | U
2495:48:Attribute -> U
2495:48:Name -> Inst:pandas.io.pytables.IndexCol
2497:15:Name -> Const:NoneType:None | U
2497:44:Attribute -> U
2497:44:Attribute -> Const:NoneType:None | U
2497:44:Name -> Inst:pandas.io.pytables.IndexCol
2497:64:Name -> Const:NoneType:None | U
2498:16:Name -> Inst:pandas.io.pytables.IndexCol
2498:27:Call -> U
2498:27:Attribute -> U
2498:27:Call -> Const:NoneType:None | U
2498:27:Name -> Func:pandas.io.pytables._tables
2498:56:Name -> Const:NoneType:None | U
2498:74:Attribute -> Const:NoneType:None | U
2498:74:Name -> Inst:pandas.io.pytables.IndexCol
2503:40:Name -> Class:pandas.io.pytables.AppendableTable
2503:65:Name -> Class:builtins.bool
2504:8:Name -> Inst:pandas.io.pytables.IndexCol
2504:21:Attribute -> U
2504:21:Name -> U
2505:8:Call -> U | Const:NoneType:None
2505:8:Attribute -> BM:pandas.io.pytables.IndexCol.validate_col
2505:8:Name -> Inst:pandas.io.pytables.IndexCol
2506:8:Call -> Const:NoneType:None
2506:8:Attribute -> BM:pandas.io.pytables.IndexCol.validate_attr
2506:8:Name -> Inst:pandas.io.pytables.IndexCol
2506:27:Name -> U
2507:8:Call -> Const:NoneType:None
2507:8:Attribute -> BM:pandas.io.pytables.IndexCol.validate_metadata
2507:8:Name -> Inst:pandas.io.pytables.IndexCol
2507:31:Name -> U
2508:8:Call -> Const:NoneType:None
2508:8:Attribute -> BM:pandas.io.pytables.IndexCol.write_metadata
2508:8:Name -> Inst:pandas.io.pytables.IndexCol
2508:28:Name -> U
2509:8:Call -> Const:NoneType:None
2509:8:Attribute -> BM:pandas.io.pytables.IndexCol.set_attr
2509:8:Name -> Inst:pandas.io.pytables.IndexCol
2514:11:Attribute -> Const:NoneType:None | U
2514:11:Name -> Inst:pandas.io.pytables.IndexCol
2515:16:Attribute -> U
2515:16:Name -> Inst:pandas.io.pytables.IndexCol
2516:15:Name -> U
2517:19:Name -> Const:NoneType:None | U
2518:31:Attribute -> U
2518:31:Name -> Inst:pandas.io.pytables.IndexCol
2519:19:Attribute -> U
2519:19:Name -> U
2519:32:Name -> Const:NoneType:None | U
2520:26:Call -> ExcInst:builtins.ValueError
2520:26:Name -> Class:builtins.ValueError
2521:62:Name -> Const:NoneType:None | U
2522:28:Attribute -> U
2522:28:Name -> Inst:pandas.io.pytables.IndexCol
2523:28:Attribute -> U
2523:28:Name -> U
2526:23:Attribute -> U
2526:23:Name -> U
2530:36:Name -> Class:builtins.bool
2532:11:Name -> U
2533:28:Call -> U
2533:28:Name -> Func:builtins.getattr
2533:36:Attribute -> U
2533:36:Name -> Inst:pandas.io.pytables.IndexCol
2533:48:Attribute -> Const:str:'Uninferable_kind'
2533:48:Name -> Inst:pandas.io.pytables.IndexCol
2534:15:Name -> U
2534:45:Name -> U
2534:62:Attribute -> Const:NoneType:None | U
2534:62:Name -> Inst:pandas.io.pytables.IndexCol
2535:22:Call -> ExcInst:builtins.TypeError
2535:22:Name -> Class:builtins.TypeError
2536:49:Name -> U
2536:67:Attribute -> Const:NoneType:None | U
2536:67:Name -> Inst:pandas.io.pytables.IndexCol
2544:19:Attribute -> List:3
2544:19:Name -> Inst:pandas.io.pytables.IndexCol
2545:20:Call -> Const:NoneType:None
2545:20:Name -> Func:builtins.getattr
2545:28:Name -> Inst:pandas.io.pytables.IndexCol
2545:34:Name -> Const:str:'freq' | Const:str:'tz' | Const:str:'index_name'
2546:18:Call -> U
2546:18:Attribute -> U
2546:18:Name -> U
2546:34:Attribute -> U
2546:34:Name -> Inst:pandas.io.pytables.IndexCol
2548:29:Call -> U
2548:29:Attribute -> U
2548:29:Name -> U
2548:37:Name -> Const:str:'freq' | Const:str:'tz' | Const:str:'index_name'
2549:15:Name -> Const:str:'freq' | Const:str:'tz' | Const:str:'index_name'
2549:22:Name -> U
2549:30:Name -> Const:NoneType:None
2549:52:Name -> U
2549:70:Name -> Const:NoneType:None
2551:19:Name -> Const:str:'freq' | Const:str:'tz' | Const:str:'index_name'
2552:25:Name -> Const:str:'\nthe [%s] attribute of the existing in
2552:51:Name -> Const:str:'freq' | Const:str:'tz' | Const:str:'index_name'
2552:56:Name -> U
2552:72:Name -> Const:NoneType:None
2553:20:Call -> Const:NoneType:None
2553:20:Attribute -> Func:warnings.warn | Func:_warnings.warn
2553:20:Name -> Module:warnings
2554:24:Name -> U
2554:28:Name -> Class:pandas.errors.AttributeConflictWarning
2554:65:Call -> Const:int:0 | Const:int:1
2554:65:Name -> Func:pandas.util._exceptions.find_stack_level
2558:20:Name -> U
2558:24:Name -> Const:str:'freq' | Const:str:'tz' | Const:str:'index_name'
2559:20:Call -> ERR
2559:20:Name -> Func:builtins.setattr
2559:28:Name -> Inst:pandas.io.pytables.IndexCol
2559:34:Name -> Const:str:'freq' | Const:str:'tz' | Const:str:'index_name'
2562:26:Call -> ExcInst:builtins.ValueError
2562:26:Name -> Class:builtins.ValueError
2563:45:Attribute -> U
2563:45:Name -> Inst:pandas.io.pytables.IndexCol
2563:63:Name -> Const:str:'freq' | Const:str:'tz' | Const:str:'index_name'
2564:43:Name -> U
2565:38:Name -> Const:NoneType:None
2567:17:Name -> Const:NoneType:None
2567:38:Name -> U
2568:16:Name -> U
2568:20:Name -> Const:str:'freq' | Const:str:'tz' | Const:str:'index_name'
2568:27:Name -> Const:NoneType:None
2572:14:Call -> U
2572:14:Attribute -> U
2572:14:Name -> U
2572:23:Attribute -> U
2572:23:Name -> Inst:pandas.io.pytables.IndexCol
2573:11:Name -> U
2574:12:Call -> ERR
2574:12:Attribute -> BM:builtins.dict.update
2574:12:Attribute -> Dict:14
2574:12:Name -> Inst:pandas.io.pytables.IndexCol
2574:33:Name -> U
2578:8:Call -> Const:NoneType:None
2578:8:Name -> Func:pandas.io.pytables._set_attr_if_changed
2578:29:Attribute -> U
2578:29:Name -> Inst:pandas.io.pytables.IndexCol
2578:41:Attribute -> Const:str:'Uninferable_kind'
2578:41:Name -> Inst:pandas.io.pytables.IndexCol
2578:57:Attribute -> Const:NoneType:None | U
2578:57:Name -> Inst:pandas.io.pytables.IndexCol
2580:41:Name -> Class:pandas.io.pytables.AppendableTable
2582:11:Attribute -> Const:NoneType:None | U
2582:11:Name -> Inst:pandas.io.pytables.IndexCol
2583:27:Attribute -> Const:NoneType:None | U
2583:27:Name -> Inst:pandas.io.pytables.IndexCol
2584:27:Call -> U
2584:27:Attribute -> U
2584:27:Name -> U
2584:49:Attribute -> U
2584:49:Name -> Inst:pandas.io.pytables.IndexCol
2586:16:Name -> Const:NoneType:None | U
2587:20:Name -> U
2588:24:Call -> Const:bool:False | U | Const:NoneType:None | Const:NoneType:None | Const:NoneType:None | Const:bool:False | Const:bool:False | Const:bool:False | Const:bool:False | Const:bool:False | Const:bool:False | Const:bool:False
2588:24:Name -> Func:pandas.core.dtypes.missing.array_equivalent
2589:20:Name -> Const:NoneType:None | U
2589:34:Name -> U
2592:22:Call -> ExcInst:builtins.ValueError
2592:22:Name -> Class:builtins.ValueError
2599:38:Name -> Class:pandas.io.pytables.AppendableTable
2601:11:Attribute -> Const:NoneType:None | U
2601:11:Name -> Inst:pandas.io.pytables.IndexCol
2602:12:Call -> U
2602:12:Attribute -> U
2602:12:Name -> U
2602:35:Attribute -> U
2602:35:Name -> Inst:pandas.io.pytables.IndexCol
2602:47:Attribute -> U
2602:47:Name -> Inst:pandas.io.pytables.IndexCol
2605:22:Name -> Class:pandas.io.pytables.IndexCol
2608:5:Name -> Class:builtins.property
2609:28:Name -> Class:builtins.bool
2613:22:Attribute -> Class:.ndarray
2613:22:Name -> U
2613:53:Name -> Class:builtins.str
2613:66:Name -> Class:builtins.str
2614:9:Name -> Class:builtins.tuple
2614:15:Name -> Class:pandas.core.indexes.base.Index
2614:22:Name -> Class:pandas.core.indexes.base.Index
2625:15:Call -> ERR
2625:15:Name -> Func:builtins.isinstance
2625:26:Name -> U
2625:34:Attribute -> Class:.ndarray
2625:34:Name -> U
2625:47:Call -> U
2625:47:Name -> Class:builtins.type
2625:52:Name -> U
2627:16:Call -> Inst:pandas.core.indexes.range.RangeIndex
2627:16:Name -> Class:pandas.core.indexes.range.RangeIndex
2627:27:Call -> ERR
2627:27:Name -> Func:builtins.len
2627:31:Name -> U
2628:15:Name -> Inst:pandas.core.indexes.range.RangeIndex
2628:22:Name -> Inst:pandas.core.indexes.range.RangeIndex
2634:14:Name -> Class:pandas.io.pytables.IndexCol
2653:14:Name -> Class:builtins.str
2657:15:Name -> Class:builtins.str
2664:15:Name -> U
2667:8:Call -> Const:NoneType:None
2667:8:Attribute -> BM:pandas.io.pytables.IndexCol.__init__ | BM:builtins.object.__init__
2667:8:Call -> Super
2667:8:Name -> Class:builtins.super
2668:17:Name -> U
2669:19:Name -> Const:NoneType:None | U
2670:17:Name -> Const:NoneType:None | U
2671:16:Name -> Const:NoneType:None | U
2672:16:Name -> Const:NoneType:None | U
2673:18:Name -> Const:NoneType:None | U
2674:15:Name -> Const:NoneType:None | U
2675:20:Name -> Const:NoneType:None | U
2676:18:Name -> Const:NoneType:None | U
2677:17:Name -> Const:NoneType:None | U
2678:21:Name -> Const:NoneType:None | U
2680:8:Name -> Inst:pandas.io.pytables.DataCol
2680:21:Name -> Const:NoneType:None | U
2681:8:Name -> Inst:pandas.io.pytables.DataCol
2681:20:Name -> Const:NoneType:None | U
2683:5:Name -> Class:builtins.property
2684:28:Name -> Class:builtins.str
2685:18:Attribute -> U
2685:18:Name -> Inst:pandas.io.pytables.DataCol
2687:5:Name -> Class:builtins.property
2688:27:Name -> Class:builtins.str
2689:18:Attribute -> U
2689:18:Name -> Inst:pandas.io.pytables.DataCol
2691:26:Name -> Class:builtins.str
2692:15:Call -> Inst:builtins.tuple
2692:15:Name -> Class:builtins.tuple
2693:12:Call -> Inst:builtins.map
2693:12:Name -> Class:builtins.map
2694:16:Name -> Func:pandas.io.formats.printing.pprint_thing
2694:31:Attribute -> U
2694:31:Name -> Inst:pandas.io.pytables.DataCol
2694:42:Attribute -> U
2694:42:Name -> Inst:pandas.io.pytables.DataCol
2694:54:Attribute -> Const:NoneType:None | U | Const:str:'datetime64[Uninferable]'
2694:54:Name -> Inst:pandas.io.pytables.DataCol
2694:66:Attribute -> Const:str:'string' | Const:str:'float' | Const:str:'complex' | Const:str:'integer' | Const:str:'datetime64[Uninferable]' | U | Const:str:'bool' | Const:str:'category' | Const:str:'integer' | Const:str:'object' | Const:str:'str'
2694:66:Name -> Inst:pandas.io.pytables.DataCol
2694:77:Attribute -> Const:NoneType:None
2694:77:Name -> Inst:pandas.io.pytables.DataCol
2697:15:Call -> Const:str:''
2697:15:Attribute -> BM:builtins.str.join
2699:19:Name -> U
2699:26:Name -> U
2700:34:Call -> Inst:builtins.zip
2700:34:Name -> Class:builtins.zip
2701:65:Name -> Inst:builtins.tuple
2706:28:Name -> Class:builtins.object
2706:39:Name -> Class:builtins.bool
2708:15:Call -> ERR
2708:15:Name -> Func:builtins.all
2709:12:Call -> U
2709:12:Name -> Func:builtins.getattr
2709:20:Name -> Inst:pandas.io.pytables.DataCol
2709:26:Name -> Const:str:'name' | Const:str:'cname' | Const:str:'dtype' | Const:str:'pos'
2709:38:Call -> U
2709:38:Name -> Func:builtins.getattr
2709:46:Name -> U
2709:53:Name -> Const:str:'name' | Const:str:'cname' | Const:str:'dtype' | Const:str:'pos'
2713:29:Name -> Class:.Union
2714:15:Name -> U
2715:15:Attribute -> Const:NoneType:None | U | Const:str:'datetime64[Uninferable]'
2715:15:Name -> Inst:pandas.io.pytables.DataCol
2717:27:Call -> Tuple:2
2717:27:Name -> Func:pandas.io.pytables._get_data_and_dtype_name
2717:52:Name -> U
2719:8:Name -> Inst:pandas.io.pytables.DataCol
2719:20:Name -> U
2720:8:Name -> Inst:pandas.io.pytables.DataCol
2720:21:Name -> Const:str:'datetime64[Uninferable]' | U
2721:8:Name -> Inst:pandas.io.pytables.DataCol
2721:20:Call -> Const:str:'string' | Const:str:'float' | Const:str:'complex' | Const:str:'integer' | Const:str:'datetime64[Uninferable]' | U | Const:str:'bool' | Const:str:'category' | Const:str:'integer' | Const:str:'object' | Const:str:'str'
2721:20:Name -> Func:pandas.io.pytables._dtype_to_kind
2721:35:Name -> Const:str:'datetime64[Uninferable]' | U
2725:15:Attribute -> Const:NoneType:None | U
2725:15:Name -> Inst:pandas.io.pytables.DataCol
2727:5:Name -> Class:builtins.classmethod
2728:31:Name -> Class:.Union
2728:45:Name -> U
2732:16:Attribute -> U
2732:16:Name -> U
2735:11:Call -> ERR
2735:11:Name -> Func:builtins.isinstance
2735:22:Name -> U
2735:29:Name -> Class:pandas.core.dtypes.base.ExtensionDtype
2735:53:Call -> ERR
2735:53:Name -> Func:builtins.isinstance
2736:12:Name -> U
2736:20:Name -> Class:pandas.core.dtypes.dtypes.CategoricalDtype
2736:38:Name -> Class:pandas.core.dtypes.dtypes.DatetimeTZDtype
2736:55:Name -> Class:pandas.core.dtypes.dtypes.PeriodDtype
2738:18:Call -> ExcInst:builtins.NotImplementedError
2738:18:Name -> Class:builtins.NotImplementedError
2739:52:Name -> U
2743:19:Attribute -> U
2743:19:Name -> U
2745:16:Attribute -> U
2745:16:Name -> U
2746:11:Attribute -> U
2746:11:Name -> U
2749:24:Attribute -> U
2749:24:Name -> U
2751:11:Call -> ERR
2751:11:Name -> Func:builtins.isinstance
2751:22:Name -> U
2751:30:Name -> Class:pandas.core.arrays.categorical.Categorical
2752:20:Attribute -> U
2752:20:Name -> U
2753:19:Call -> U
2753:19:Attribute -> BM:pandas.io.pytables.DataCol.get_atom_data
2753:19:Name -> Class:pandas.io.pytables.DataCol
2753:37:Name -> U | Tuple:2
2753:49:Attribute -> U
2753:49:Attribute -> U
2753:49:Name -> U
2754:13:Call -> Const:NoneType:None
2754:13:Attribute -> Func:pandas._libs.lib.is_np_dtype
2754:13:Name -> Module:pandas._libs.lib
2754:29:Name -> U
2754:44:Call -> ERR
2754:44:Name -> Func:builtins.isinstance
2754:55:Name -> U
2754:62:Name -> Class:pandas.core.dtypes.dtypes.DatetimeTZDtype
2755:19:Call -> U
2755:19:Attribute -> BM:pandas.io.pytables.DataCol.get_atom_datetime64
2755:19:Name -> Class:pandas.io.pytables.DataCol
2755:43:Name -> U | Tuple:2
2756:13:Call -> Const:NoneType:None
2756:13:Attribute -> Func:pandas._libs.lib.is_np_dtype
2756:13:Name -> Module:pandas._libs.lib
2756:29:Name -> U
2757:19:Call -> U
2757:19:Attribute -> BM:pandas.io.pytables.DataCol.get_atom_timedelta64
2757:19:Name -> Class:pandas.io.pytables.DataCol
2757:44:Name -> U | Tuple:2
2758:13:Call -> Const:bool:False | U | Const:bool:False | Const:bool:False | Const:bool:False
2758:13:Name -> Func:pandas.core.dtypes.common.is_complex_dtype
2758:30:Name -> U
2759:19:Call -> U
2759:19:Attribute -> U
2759:19:Call -> Const:NoneType:None | U
2759:19:Name -> Func:pandas.io.pytables._tables
2759:49:Name -> U
2759:65:Name -> U | Tuple:2
2760:13:Call -> U | Const:bool:False | Const:bool:False | Const:bool:True
2760:13:Name -> Func:pandas.core.dtypes.common.is_string_dtype
2760:29:Name -> U
2761:19:Call -> U
2761:19:Attribute -> BM:pandas.io.pytables.DataCol.get_atom_string
2761:19:Name -> Class:pandas.io.pytables.DataCol
2761:39:Name -> U | Tuple:2
2761:46:Name -> U
2763:19:Call -> U
2763:19:Attribute -> BM:pandas.io.pytables.DataCol.get_atom_data
2763:19:Name -> Class:pandas.io.pytables.DataCol
2763:37:Name -> U | Tuple:2
2763:49:Attribute -> U
2763:49:Name -> U
2765:15:Name -> U
2767:5:Name -> Class:builtins.classmethod
2769:15:Call -> U
2769:15:Attribute -> U
2769:15:Call -> Const:NoneType:None | U
2769:15:Name -> Func:pandas.io.pytables._tables
2769:44:Name -> U
2769:60:Name -> U
2771:5:Name -> Class:builtins.classmethod
2772:36:Name -> Class:builtins.str
2772:44:Name -> Class:.type
2772:49:Name -> U
2774:11:Call -> U
2774:11:Attribute -> U
2774:11:Name -> U
2775:17:Name -> U
2776:30:Name -> U
2777:13:Call -> U
2777:13:Attribute -> U
2777:13:Name -> U
2781:19:Call -> U
2781:19:Attribute -> U
2781:19:Name -> U
2782:26:Name -> U
2784:15:Call -> ERR
2784:15:Name -> Func:builtins.getattr
2784:23:Call -> Const:NoneType:None | U
2784:23:Name -> Func:pandas.io.pytables._tables
2784:34:Name -> Const:str:'UIntUninferableCol' | Const:str:'Int64Col' | Const:str:'UninferableCol'
2786:5:Name -> Class:builtins.classmethod
2787:40:Name -> Class:builtins.str
2787:48:Name -> U
2788:15:Call -> U
2788:15:Call -> U
2788:15:Attribute -> BM:pandas.io.pytables.DataCol.get_atom_coltype
2788:15:Name -> Class:pandas.io.pytables.DataCol
2788:41:Name -> U
2788:53:Name -> U
2790:5:Name -> Class:builtins.classmethod
2792:15:Call -> U
2792:15:Attribute -> U
2792:15:Call -> Const:NoneType:None | U
2792:15:Name -> Func:pandas.io.pytables._tables
2792:40:Name -> U
2794:5:Name -> Class:builtins.classmethod
2796:15:Call -> U
2796:15:Attribute -> U
2796:15:Call -> Const:NoneType:None | U
2796:15:Name -> Func:pandas.io.pytables._tables
2796:40:Name -> U
2798:5:Name -> Class:builtins.property
2800:15:Call -> Const:NoneType:None
2800:15:Name -> Func:builtins.getattr
2800:23:Attribute -> Const:NoneType:None | U
2800:23:Name -> Inst:pandas.io.pytables.DataCol
2802:5:Name -> Class:builtins.property
2805:15:Attribute -> Const:NoneType:None | U
2805:15:Name -> Inst:pandas.io.pytables.DataCol
2809:11:Name -> U
2810:30:Call -> U
2810:30:Name -> Func:builtins.getattr
2810:38:Attribute -> U
2810:38:Name -> Inst:pandas.io.pytables.DataCol
2810:50:Attribute -> Const:str:'Uninferable_kind'
2810:50:Name -> Inst:pandas.io.pytables.DataCol
2811:15:Name -> U
2811:47:Name -> U
2811:66:Call -> Inst:builtins.list
2811:66:Name -> Class:builtins.list
2811:71:Attribute -> Const:NoneType:None | U
2811:71:Name -> Inst:pandas.io.pytables.DataCol
2812:22:Call -> ExcInst:builtins.ValueError
2812:22:Name -> Class:builtins.ValueError
2814:29:Call -> U
2814:29:Name -> Func:builtins.getattr
2814:37:Attribute -> U
2814:37:Name -> Inst:pandas.io.pytables.DataCol
2814:49:Attribute -> Const:str:'Uninferable_dtype'
2814:49:Name -> Inst:pandas.io.pytables.DataCol
2815:15:Name -> U
2815:46:Name -> U
2815:64:Attribute -> Const:NoneType:None | U | Const:str:'datetime64[Uninferable]'
2815:64:Name -> Inst:pandas.io.pytables.DataCol
2816:22:Call -> ExcInst:builtins.ValueError
2816:22:Name -> Class:builtins.ValueError
2820:30:Attribute -> Class:.ndarray
2820:30:Name -> U
2820:61:Name -> Class:builtins.str
2820:74:Name -> Class:builtins.str
2836:15:Call -> ERR
2836:15:Name -> Func:builtins.isinstance
2836:26:Name -> U
2836:34:Attribute -> Class:.ndarray
2836:34:Name -> U
2836:47:Call -> U
2836:47:Name -> Class:builtins.type
2836:52:Name -> U
2839:11:Attribute -> U
2839:11:Attribute -> U
2839:11:Name -> U
2840:21:Name -> U
2840:28:Attribute -> U
2840:28:Name -> Inst:pandas.io.pytables.DataCol
2841:19:Attribute -> U
2841:19:Name -> U
2844:25:Call -> U
2844:25:Attribute -> U
2844:25:Name -> U
2846:15:Attribute -> Const:NoneType:None | U
2846:15:Name -> Inst:pandas.io.pytables.DataCol
2847:11:Attribute -> Const:NoneType:None | U | Const:str:'datetime64[Uninferable]'
2847:11:Name -> Inst:pandas.io.pytables.DataCol
2850:36:Call -> Tuple:2
2850:36:Name -> Func:pandas.io.pytables._get_data_and_dtype_name
2850:61:Name -> U
2851:19:Call -> Const:str:'string' | Const:str:'float' | Const:str:'complex' | Const:str:'integer' | Const:str:'datetime64[Uninferable]' | U | Const:str:'bool' | Const:str:'category' | Const:str:'integer' | Const:str:'object' | Const:str:'str'
2851:19:Name -> Func:pandas.io.pytables._dtype_to_kind
2851:34:Name -> Const:str:'datetime64[Uninferable]' | U
2853:24:Name -> U
2854:25:Attribute -> U | Const:str:'datetime64[Uninferable]'
2854:25:Name -> Inst:pandas.io.pytables.DataCol
2855:19:Attribute -> Const:str:'string' | Const:str:'float' | Const:str:'complex' | Const:str:'integer' | Const:str:'datetime64[Uninferable]' | U | Const:str:'bool' | Const:str:'category' | Const:str:'integer' | Const:str:'object' | Const:str:'str' | Const:NoneType:None
2855:19:Name -> Inst:pandas.io.pytables.DataCol
2857:15:Call -> ERR
2857:15:Name -> Func:builtins.isinstance
2857:26:Name -> U
2857:37:Attribute -> Class:.ndarray
2857:37:Name -> U
2860:15:Attribute -> Const:NoneType:None | U
2860:15:Name -> Inst:pandas.io.pytables.DataCol
2861:19:Attribute -> Const:NoneType:None | U
2861:19:Name -> Inst:pandas.io.pytables.DataCol
2862:18:Attribute -> Const:NoneType:None | U
2862:18:Name -> Inst:pandas.io.pytables.DataCol
2863:13:Attribute -> Const:NoneType:None | U
2863:13:Name -> Inst:pandas.io.pytables.DataCol
2865:15:Name -> Const:str:'datetime64[Uninferable]' | U | Const:str:'datetime64[Uninferable]'
2867:16:Name -> Const:str:'datetime64[Uninferable]' | U | Const:str:'datetime64[Uninferable]'
2870:11:Call -> U
2870:11:Attribute -> BM:builtins.str.startswith | U | BM:builtins.str.startswith
2870:11:Name -> Const:str:'datetime64[Uninferable]' | U | Const:str:'datetime64[Uninferable]'
2872:15:Name -> Const:str:'datetime64[Uninferable]' | U | Const:str:'datetime64[Uninferable]'
2874:24:Call -> U
2874:24:Name -> Func:pandas.io.pytables._set_tz
2874:32:Name -> U
2874:43:Name -> Const:NoneType:None | U
2874:47:Name -> Const:str:'datetime64[Uninferable]' | U | Const:str:'datetime64[Uninferable]' | Const:str:'datetime64[ns]'
2876:13:Call -> U
2876:13:Attribute -> BM:builtins.str.startswith | U | BM:builtins.str.startswith
2876:13:Name -> Const:str:'datetime64[Uninferable]' | U | Const:str:'datetime64[Uninferable]'
2877:15:Name -> Const:str:'datetime64[Uninferable]' | U | Const:str:'datetime64[Uninferable]'
2879:28:Call -> U
2879:28:Attribute -> U
2879:28:Name -> U
2879:39:Name -> U
2881:28:Call -> U
2881:28:Attribute -> U
2881:28:Name -> U
2881:39:Name -> U
2881:56:Name -> Const:str:'datetime64[Uninferable]' | U | Const:str:'datetime64[Uninferable]'
2882:13:Call -> U
2882:13:Attribute -> BM:builtins.str.startswith | U | BM:builtins.str.startswith
2882:13:Name -> Const:str:'datetime64[Uninferable]' | U | Const:str:'datetime64[Uninferable]'
2885:21:Call -> Inst:pandas.core.dtypes.dtypes.PeriodDtype
2885:21:Attribute -> BM:pandas.core.dtypes.dtypes.PeriodDtype.construct_from_string
2885:21:Name -> Class:pandas.core.dtypes.dtypes.PeriodDtype
2885:55:Name -> Const:str:'datetime64[Uninferable]' | U | Const:str:'datetime64[Uninferable]'
2886:24:Call -> Inst:pandas.core.arrays.period.PeriodArray
2886:24:Attribute -> BM:pandas.core.arrays.period.PeriodArray._simple_new
2886:24:Name -> Class:pandas.core.arrays.period.PeriodArray
2887:16:Call -> U
2887:16:Attribute -> U
2887:16:Call -> U
2887:16:Attribute -> U
2887:16:Name -> U
2887:27:Name -> U
2887:65:Name -> Inst:pandas.core.dtypes.dtypes.PeriodDtype
2889:13:Name -> Const:str:'datetime64[Uninferable]' | U | Const:str:'datetime64[Uninferable]'
2891:28:Call -> U
2891:28:Attribute -> U
2891:28:Name -> U
2892:21:Call -> Inst:_pydatetime.date
2892:21:Attribute -> BM:_pydatetime.date.fromordinal
2892:21:Name -> Class:_pydatetime.date
2892:38:Name -> U
2892:50:Name -> U
2892:68:Name -> Class:builtins.object
2894:19:Name -> Class:builtins.ValueError
2895:28:Call -> U
2895:28:Attribute -> U
2895:28:Name -> U
2896:21:Call -> Inst:_pydatetime.date
2896:21:Attribute -> BM:_pydatetime.date.fromtimestamp
2896:21:Name -> Class:_pydatetime.date
2896:40:Name -> U
2896:52:Name -> U
2896:70:Name -> Class:builtins.object
2899:13:Name -> Const:NoneType:None | U
2901:25:Name -> Const:NoneType:None | U
2902:20:Call -> U
2902:20:Attribute -> U
2902:20:Name -> U
2907:15:Name -> Const:NoneType:None | U
2912:29:Call -> Inst:pandas.core.indexes.base.Index
2912:29:Name -> Class:pandas.core.indexes.base.Index
2912:45:Attribute -> U
2912:45:Name -> U
2914:23:Call -> Const:NoneType:None | Const:NoneType:None | Const:NoneType:None | Const:NoneType:None | Const:NoneType:None | Const:NoneType:None | Const:bool:False | U | Inst:.ndarray | Inst:.ndarray | Const:NoneType:None | Const:NoneType:None
2914:23:Name -> Func:pandas.core.dtypes.missing.isna | Func:pandas.core.dtypes.missing.isna | Func:pandas.core.dtypes.missing.isna | Func:pandas.core.dtypes.missing.isna | Func:pandas.core.dtypes.missing.isna | Func:pandas.core.dtypes.missing.isna
2914:28:Name -> U
2915:19:Call -> U | Inst:.ndarray | Inst:.ndarray
2915:19:Attribute -> U | BM:.ndarray.any | BM:.ndarray.any
2915:19:Name -> Const:NoneType:None | Const:NoneType:None | Const:NoneType:None | Const:NoneType:None | Const:NoneType:None | Const:NoneType:None | Const:bool:False | U | Inst:.ndarray | Inst:.ndarray | Const:NoneType:None | Const:NoneType:None
2919:28:Call -> U
2919:28:Attribute -> U
2919:28:Name -> U
2919:36:Call -> ERR
2919:36:Name -> Func:builtins.len
2919:40:Name -> U
2919:63:Attribute -> U
2919:63:Name -> U
2920:20:Name -> U
2920:27:Name -> Const:NoneType:None | Const:NoneType:None | Const:NoneType:None | Const:NoneType:None | Const:NoneType:None | Const:NoneType:None | Const:bool:False | U | Inst:.ndarray | Inst:.ndarray | Const:NoneType:None | Const:NoneType:None
2920:35:Call -> U
2920:35:Attribute -> U
2920:35:Name -> U
2920:45:Call -> U | Inst:.ndarray | Inst:.ndarray
2920:45:Attribute -> U | BM:.ndarray.sum | BM:.ndarray.sum
2920:47:Name -> Const:NoneType:None | Const:NoneType:None | Const:NoneType:None | Const:NoneType:None | Const:NoneType:None | Const:NoneType:None | Const:bool:False | U | Inst:.ndarray | Inst:.ndarray | Const:NoneType:None | Const:NoneType:None
2920:66:Attribute -> U
2920:66:Name -> U
2921:33:Name -> U
2921:45:Name -> Const:NoneType:None | Const:NoneType:None | Const:NoneType:None | Const:NoneType:None | Const:NoneType:None | Const:NoneType:None | Const:bool:False | U | Inst:.ndarray | Inst:.ndarray
2922:28:Call -> Inst:.ndarray
2922:28:Attribute -> Func:.where
2922:28:Name -> U
2922:37:Name -> U
2922:48:Name -> U
2922:55:Name -> U
2922:61:Name -> U
2924:24:Call -> Const:NoneType:None
2924:24:Attribute -> BM:pandas.core.arrays.categorical.Categorical.from_codes
2924:24:Name -> Class:pandas.core.arrays.categorical.Categorical
2925:16:Name -> U | Inst:.ndarray
2925:34:Name -> Const:NoneType:None | U | Inst:pandas.core.indexes.base.Index
2925:54:Name -> Const:NoneType:None | U
2930:28:Call -> U
2930:28:Attribute -> U
2930:28:Name -> U
2930:45:Name -> Const:str:'datetime64[Uninferable]' | U | Const:str:'datetime64[Uninferable]'
2931:19:Name -> Class:builtins.TypeError
2932:28:Call -> U
2932:28:Attribute -> U
2932:28:Name -> U
2935:11:Name -> Const:str:'string' | Const:str:'float' | Const:str:'complex' | Const:str:'integer' | Const:str:'datetime64[Uninferable]' | U | Const:str:'bool' | Const:str:'category' | Const:str:'integer' | Const:str:'object' | Const:str:'str'
2938:24:Call -> U
2938:24:Name -> Func:pandas.io.pytables._unconvert_string_array
2939:16:Name -> U
2940:35:Name -> U
2940:24:Name -> U
2941:25:Name -> U
2942:23:Name -> U
2945:15:Attribute -> Const:NoneType:None | U
2945:15:Name -> Inst:pandas.io.pytables.DataCol
2945:28:Name -> U
2949:8:Call -> Const:NoneType:None
2949:8:Name -> Func:pandas.io.pytables._set_attr_if_changed
2949:29:Attribute -> U
2949:29:Name -> Inst:pandas.io.pytables.DataCol
2949:41:Attribute -> Const:str:'Uninferable_kind'
2949:41:Name -> Inst:pandas.io.pytables.DataCol
2949:57:Attribute -> Const:NoneType:None | U
2949:57:Name -> Inst:pandas.io.pytables.DataCol
2950:8:Call -> Const:NoneType:None
2950:8:Name -> Func:pandas.io.pytables._set_attr_if_changed
2950:29:Attribute -> U
2950:29:Name -> Inst:pandas.io.pytables.DataCol
2950:41:Attribute -> Const:str:'Uninferable_meta'
2950:41:Name -> Inst:pandas.io.pytables.DataCol
2950:57:Attribute -> Const:NoneType:None | U
2950:57:Name -> Inst:pandas.io.pytables.DataCol
2951:15:Attribute -> Const:NoneType:None | U | Const:str:'datetime64[Uninferable]'
2951:15:Name -> Inst:pandas.io.pytables.DataCol
2952:8:Call -> Const:NoneType:None
2952:8:Name -> Func:pandas.io.pytables._set_attr_if_changed
2952:29:Attribute -> U
2952:29:Name -> Inst:pandas.io.pytables.DataCol
2952:41:Attribute -> Const:str:'Uninferable_dtype'
2952:41:Name -> Inst:pandas.io.pytables.DataCol
2952:58:Attribute -> Const:NoneType:None | U | Const:str:'datetime64[Uninferable]'
2952:58:Name -> Inst:pandas.io.pytables.DataCol
2955:23:Name -> Class:pandas.io.pytables.DataCol
2961:15:Call -> U | Const:bool:False | Const:bool:False | Const:bool:True
2961:15:Name -> Func:pandas.core.dtypes.common.is_string_dtype
2961:31:Attribute -> U
2961:31:Call -> Inst:pandas.core.indexes.base.Index
2961:31:Name -> Class:pandas.core.indexes.base.Index
2961:37:Attribute -> Const:NoneType:None | U
2961:37:Name -> Inst:pandas.io.pytables.DataIndexableCol
2963:18:Call -> ExcInst:builtins.ValueError
2963:18:Name -> Class:builtins.ValueError
2965:5:Name -> Class:builtins.classmethod
2967:15:Call -> U
2967:15:Attribute -> U
2967:15:Call -> Const:NoneType:None | U
2967:15:Name -> Func:pandas.io.pytables._tables
2967:44:Name -> U
2969:5:Name -> Class:builtins.classmethod
2970:40:Name -> Class:builtins.str
2970:48:Name -> U
2971:15:Call -> U
2971:15:Call -> U
2971:15:Attribute -> BM:pandas.io.pytables.DataCol.get_atom_coltype
2971:15:Name -> Class:pandas.io.pytables.DataIndexableCol
2971:41:Name -> U
2973:5:Name -> Class:builtins.classmethod
2975:15:Call -> U
2975:15:Attribute -> U
2975:15:Call -> Const:NoneType:None | U
2975:15:Name -> Func:pandas.io.pytables._tables
2977:5:Name -> Class:builtins.classmethod
2979:15:Call -> U
2979:15:Attribute -> U
2979:15:Call -> Const:NoneType:None | U
2979:15:Name -> Func:pandas.io.pytables._tables
2982:30:Name -> Class:pandas.io.pytables.DataIndexableCol
2999:17:Name -> Class:builtins.str
3000:17:Name -> Class:builtins.str
3001:14:Name -> Class:.type
3001:19:Name -> Class:pandas.core.frame.DataFrame
3001:31:Name -> Class:pandas.core.series.Series
3002:10:Name -> Class:builtins.int
3003:12:Name -> Class:pandas.io.pytables.HDFStore
3004:14:Name -> Class:builtins.bool
3008:16:Name -> Class:pandas.io.pytables.HDFStore
3009:15:Name -> U
3010:18:Name -> Class:builtins.str
3011:16:Name -> Class:builtins.str
3013:15:Call -> ERR
3013:15:Name -> Func:builtins.isinstance
3013:26:Name -> U
3013:34:Name -> Class:pandas.io.pytables.HDFStore
3013:45:Call -> U
3013:45:Name -> Class:builtins.type
3013:50:Name -> U
3014:15:Name -> Const:NoneType:None | U
3015:15:Call -> ERR
3015:15:Name -> Func:builtins.isinstance
3015:26:Name -> U
3015:33:Attribute -> U
3015:33:Name -> Const:NoneType:None | U
3015:51:Call -> U
3015:51:Name -> Class:builtins.type
3015:56:Name -> U
3016:8:Name -> Inst:pandas.io.pytables.Fixed
3016:22:Name -> U
3017:8:Name -> Inst:pandas.io.pytables.Fixed
3017:21:Name -> U
3018:8:Name -> Inst:pandas.io.pytables.Fixed
3018:24:Call -> Const:str:'UTF-8' | U | Const:str:'UTF-8'
3018:24:Name -> Func:pandas.io.pytables._ensure_encoding
3018:41:Name -> Const:str:'UTF-8' | U
3019:8:Name -> Inst:pandas.io.pytables.Fixed
3019:22:Name -> Const:str:'strict' | U
3021:5:Name -> Class:builtins.property
3023:15:Call -> U
3023:15:Name -> Func:builtins.getattr
3023:23:Attribute -> U
3023:23:Attribute -> U
3023:23:Name -> Inst:pandas.io.pytables.Fixed
3025:26:Name -> Class:builtins.str
3027:8:Call -> Const:bool:False | Const:bool:True
3027:8:Attribute -> BM:pandas.io.pytables.Fixed.infer_axes
3027:8:Name -> Inst:pandas.io.pytables.Fixed
3028:12:Attribute -> U
3028:12:Name -> Inst:pandas.io.pytables.Fixed
3029:11:Name -> U
3030:15:Call -> ERR
3030:15:Name -> Func:builtins.isinstance
3030:26:Name -> U
3030:30:Name -> Class:builtins.list
3030:36:Name -> Class:builtins.tuple
3031:25:Call -> Const:str:''
3031:25:Attribute -> BM:builtins.str.join
3031:35:Call -> Const:str:'' | Const:str:'' | Const:str:'' | Const:str:"''" | Const:str:"''" | Const:str:'{, ...}' | Const:str:'{}' | Const:str:'' | U
3031:35:Name -> Func:pandas.io.formats.printing.pprint_thing
3031:48:Name -> U
3031:60:Name -> U
3032:24:Name -> Const:str:''
3033:22:Attribute -> U
3033:22:Name -> Inst:pandas.io.pytables.Fixed
3033:55:Name -> U | Const:str:'[]'
3034:15:Attribute -> U
3034:15:Name -> Inst:pandas.io.pytables.Fixed
3038:8:Attribute -> U
3038:8:Name -> Inst:pandas.io.pytables.Fixed
3038:33:Call -> Const:str:''
3038:33:Name -> Class:builtins.str
3038:37:Attribute -> ERR
3038:37:Name -> Inst:pandas.io.pytables.Fixed
3040:22:Name -> Class:pandas.io.pytables.Fixed
3041:19:Call -> U | Inst:pandas.io.pytables.Fixed
3041:19:Attribute -> Func:copy.copy
3041:19:Name -> Module:copy
3041:29:Name -> Inst:pandas.io.pytables.Fixed
3042:15:Name -> U | Inst:pandas.io.pytables.Fixed
3044:5:Name -> Class:builtins.property
3046:15:Attribute -> U
3046:15:Name -> Inst:pandas.io.pytables.Fixed
3048:5:Name -> Class:builtins.property
3050:15:Attribute -> U
3050:15:Attribute -> U
3050:15:Name -> Inst:pandas.io.pytables.Fixed
3052:5:Name -> Class:builtins.property
3054:15:Attribute -> U
3054:15:Attribute -> U
3054:15:Name -> Inst:pandas.io.pytables.Fixed
3056:5:Name -> Class:builtins.property
3058:15:Attribute -> U
3058:15:Attribute -> U
3058:15:Name -> Inst:pandas.io.pytables.Fixed
3060:5:Name -> Class:builtins.property
3061:28:Name -> Class:builtins.int
3062:15:Attribute -> U
3062:15:Attribute -> U
3062:15:Name -> Inst:pandas.io.pytables.Fixed
3064:5:Name -> Class:builtins.property
3065:29:Name -> Class:builtins.bool
3066:15:Attribute -> U
3066:15:Attribute -> U
3066:15:Name -> Inst:pandas.io.pytables.Fixed
3068:5:Name -> Class:builtins.property
3070:15:Attribute -> U
3070:15:Attribute -> U
3070:15:Name -> Inst:pandas.io.pytables.Fixed
3078:5:Name -> Class:builtins.property
3081:15:Attribute -> U
3081:15:Name -> Inst:pandas.io.pytables.Fixed
3083:5:Name -> Class:builtins.property
3084:27:Name -> Class:builtins.bool
3087:5:Name -> Class:builtins.property
3089:15:Call -> U
3089:15:Name -> Func:builtins.getattr
3089:23:Attribute -> U
3089:23:Name -> Inst:pandas.io.pytables.Fixed
3091:33:Name -> Func:typing.Literal
3093:11:Name -> U
3097:28:Name -> Class:builtins.bool
3102:12:Attribute -> U
3102:12:Name -> Inst:pandas.io.pytables.Fixed
3103:11:Name -> U
3105:8:Call -> ERR
3105:8:Attribute -> BM:pandas.io.pytables.Fixed.get_attrs
3105:8:Name -> Inst:pandas.io.pytables.Fixed
3112:15:Name -> Class:builtins.int
3113:14:Name -> Class:builtins.int
3114:9:Name -> Class:pandas.core.series.Series
3114:18:Name -> Class:pandas.core.frame.DataFrame
3115:14:Call -> ExcInst:builtins.NotImplementedError
3115:14:Name -> Class:builtins.NotImplementedError
3120:14:Call -> ExcInst:builtins.NotImplementedError
3120:14:Name -> Class:builtins.NotImplementedError
3125:33:Name -> Class:builtins.int
3125:58:Name -> Class:builtins.int
3126:9:Name -> Class:builtins.int
3131:11:Call -> U
3131:11:Attribute -> Func:pandas.core.common.all_none
3131:11:Name -> Module:pandas.core.common
3131:24:Name -> Const:NoneType:None | U
3131:31:Name -> Const:NoneType:None | U
3131:38:Name -> Const:NoneType:None | U
3132:12:Call -> U
3132:12:Attribute -> U
3132:12:Attribute -> U
3132:12:Name -> Inst:pandas.io.pytables.Fixed
3132:37:Attribute -> U
3132:37:Name -> Inst:pandas.io.pytables.Fixed
3135:14:Call -> ExcInst:builtins.TypeError
3135:14:Name -> Class:builtins.TypeError
3138:19:Name -> Class:pandas.io.pytables.Fixed
3141:23:Name -> Class:pandas.core.indexes.datetimes.DatetimeIndex
3141:50:Name -> Class:pandas.core.indexes.period.PeriodIndex
3142:26:Name -> ERR
3142:29:Name -> ERR
3142:43:Call -> ERR
3142:43:Attribute -> ERR
3142:43:Name -> ERR
3143:16:Name -> Class:builtins.list
3143:21:Name -> Class:builtins.str
3146:38:Name -> Class:builtins.str
3147:15:Call -> ERR
3147:15:Attribute -> BM:builtins.dict.get
3147:15:Attribute -> Dict:2
3147:15:Name -> Inst:pandas.io.pytables.GenericFixed
3147:40:Name -> U
3150:11:Call -> ERR
3150:11:Name -> Func:builtins.isinstance
3150:22:Name -> U
3150:29:Name -> Class:builtins.type
3152:19:Name -> U
3153:15:Call -> U
3153:15:Attribute -> U
3153:15:Attribute -> U
3153:15:Name -> Inst:pandas.io.pytables.GenericFixed
3153:43:Name -> U
3153:50:Name -> Class:pandas.core.indexes.base.Index
3156:22:Call -> U
3156:22:Attribute -> BM:pandas.io.pytables.GenericFixed._alias_to_class
3156:22:Name -> Inst:pandas.io.pytables.GenericFixed
3156:43:Call -> U
3156:43:Name -> Func:builtins.getattr
3156:51:Name -> U
3158:17:Name -> Class:_collections_abc.Callable
3161:11:Name -> U
3161:26:Name -> Class:pandas.core.indexes.datetimes.DatetimeIndex
3165:22:Call -> Const:NoneType:None
3165:22:Attribute -> BM:pandas.core.arrays.datetimes.DatetimeArray._simple_new
3165:22:Name -> Class:pandas.core.arrays.datetimes.DatetimeArray
3165:48:Attribute -> U
3165:48:Name -> U
3165:69:Attribute -> U
3165:69:Name -> U
3166:25:Call -> Inst:pandas.core.indexes.datetimes.DatetimeIndex
3166:25:Attribute -> BM:pandas.core.indexes.base.Index._simple_new
3166:25:Name -> Class:pandas.core.indexes.datetimes.DatetimeIndex
3166:51:Name -> Const:NoneType:None
3167:16:Name -> Inst:pandas.core.indexes.datetimes.DatetimeIndex
3167:31:Name -> Const:NoneType:None | U
3168:19:Name -> Const:NoneType:None | U
3169:29:Call -> U
3169:29:Attribute -> BM:pandas.core.indexes.datetimes.DatetimeIndex.tz_convert
3169:29:Call -> Inst:pandas.core.indexes.datetimes.DatetimeIndex
3169:29:Attribute -> BM:pandas.core.indexes.datetimes.DatetimeIndex.tz_localize
3169:29:Name -> Inst:pandas.core.indexes.datetimes.DatetimeIndex
3169:66:Name -> U
3170:23:Name -> Inst:pandas.core.indexes.datetimes.DatetimeIndex | U
3172:22:Name -> Func:pandas.io.pytables.GenericFixed._get_index_factory.f
3173:13:Name -> U
3173:28:Name -> Class:pandas.core.indexes.period.PeriodIndex
3176:24:Call -> Inst:pandas.core.dtypes.dtypes.PeriodDtype
3176:24:Name -> Class:pandas.core.dtypes.dtypes.PeriodDtype
3176:36:Name -> Const:NoneType:None | U
3177:23:Call -> Inst:pandas.core.arrays.period.PeriodArray
3177:23:Attribute -> BM:pandas.core.arrays.period.PeriodArray._simple_new
3177:23:Name -> Class:pandas.core.arrays.period.PeriodArray
3177:47:Name -> U
3177:61:Name -> Inst:pandas.core.dtypes.dtypes.PeriodDtype
3178:23:Call -> Inst:pandas.core.indexes.period.PeriodIndex
3178:23:Attribute -> BM:pandas.core.indexes.base.Index._simple_new
3178:23:Name -> Class:pandas.core.indexes.period.PeriodIndex
3178:47:Name -> Inst:pandas.core.arrays.period.PeriodArray
3180:22:Name -> Func:pandas.io.pytables.GenericFixed._get_index_factory.f
3182:22:Name -> U
3183:12:Name -> Dict:0
3185:21:Name -> U
3185:31:Name -> U
3189:12:Name -> Dict:0
3189:29:Name -> U
3190:15:Name -> U
3190:30:Name -> Class:pandas.core.indexes.base.Index
3192:26:Name -> Class:pandas.core.indexes.timedeltas.TimedeltaIndex
3194:19:Name -> U
3195:12:Name -> Dict:0
3195:27:Name -> U
3196:19:Name -> U
3196:34:Name -> Class:pandas.core.indexes.datetimes.DatetimeIndex
3198:15:Name -> U | Func:pandas.io.pytables.GenericFixed._get_index_factory.f | Func:pandas.io.pytables.GenericFixed._get_index_factory.f | Class:pandas.core.indexes.timedeltas.TimedeltaIndex
3198:24:Name -> Dict:0
3204:11:Name -> U
3205:18:Call -> ExcInst:builtins.TypeError
3205:18:Name -> Class:builtins.TypeError
3209:11:Name -> U
3210:18:Call -> ExcInst:builtins.TypeError
3210:18:Name -> Class:builtins.TypeError
3215:5:Name -> Class:builtins.property
3216:27:Name -> Class:builtins.bool
3221:8:Attribute -> U
3221:8:Name -> Inst:pandas.io.pytables.GenericFixed
3221:30:Attribute -> U | Const:str:'UTF-8' | Const:str:'UTF-8'
3221:30:Name -> Inst:pandas.io.pytables.GenericFixed
3222:8:Attribute -> U
3222:8:Name -> Inst:pandas.io.pytables.GenericFixed
3222:28:Attribute -> U | Const:str:'strict'
3222:28:Name -> Inst:pandas.io.pytables.GenericFixed
3226:8:Name -> Inst:pandas.io.pytables.GenericFixed
3226:24:Call -> U | Const:str:'UTF-8'
3226:24:Name -> Func:pandas.io.pytables._ensure_encoding
3226:41:Call -> U
3226:41:Name -> Func:builtins.getattr
3226:49:Attribute -> U
3226:49:Name -> Inst:pandas.io.pytables.GenericFixed
3227:8:Name -> Inst:pandas.io.pytables.GenericFixed
3227:22:Call -> U
3227:22:Name -> Func:builtins.getattr
3227:30:Attribute -> U
3227:30:Name -> Inst:pandas.io.pytables.GenericFixed
3228:17:Attribute -> List:0
3228:17:Name -> Inst:pandas.io.pytables.GenericFixed
3229:12:Call -> ERR
3229:12:Name -> Func:builtins.setattr
3229:20:Name -> Inst:pandas.io.pytables.GenericFixed
3229:26:Name -> U
3229:29:Call -> U
3229:29:Name -> Func:builtins.getattr
3229:37:Attribute -> U
3229:37:Name -> Inst:pandas.io.pytables.GenericFixed
3229:49:Name -> U
3232:8:Call -> Const:NoneType:None
3232:8:Attribute -> BM:pandas.io.pytables.GenericFixed.set_attrs
3232:8:Name -> Inst:pandas.io.pytables.GenericFixed
3234:30:Name -> Class:builtins.str
3234:42:Name -> Class:builtins.int
3234:67:Name -> Class:builtins.int
3238:15:Call -> U
3238:15:Name -> Func:builtins.getattr
3238:23:Attribute -> U
3238:23:Name -> Inst:pandas.io.pytables.GenericFixed
3238:35:Name -> U
3239:16:Attribute -> U
3239:16:Name -> U
3241:21:Call -> U
3241:21:Name -> Func:builtins.getattr
3241:29:Name -> U
3243:11:Call -> ERR
3243:11:Name -> Func:builtins.isinstance
3243:22:Name -> U
3243:28:Attribute -> U
3243:28:Name -> U
3244:18:Name -> U
3244:26:Name -> Const:NoneType:None | U
3244:32:Name -> Const:NoneType:None | U
3245:20:Call -> U
3245:20:Name -> Func:builtins.getattr
3245:28:Name -> U
3246:15:Name -> U
3247:22:Call -> U
3247:22:Name -> Func:pandas.core.construction.array
3247:31:Name -> U
3247:42:Name -> U
3249:20:Call -> U
3249:20:Name -> Func:builtins.getattr
3249:28:Name -> U
3250:20:Call -> U
3250:20:Name -> Func:builtins.getattr
3250:28:Name -> U
3252:15:Name -> U
3254:22:Call -> Inst:.ndarray
3254:22:Attribute -> Func:.empty
3254:22:Name -> U
3254:31:Name -> U
3254:44:Name -> U
3256:22:Name -> U
3256:27:Name -> Const:NoneType:None | U
3256:33:Name -> Const:NoneType:None | U
3258:15:Name -> U
3258:25:Call -> U
3258:25:Attribute -> U
3258:25:Name -> U
3260:19:Name -> U
3262:21:Call -> U
3262:21:Name -> Func:builtins.getattr
3262:29:Name -> U
3263:22:Call -> U
3263:22:Name -> Func:pandas.io.pytables._set_tz
3263:30:Name -> Inst:.ndarray | U
3263:35:Name -> U
3263:39:Name -> U | Const:str:'datetime64[ns]'
3265:17:Name -> U
3265:27:Call -> U
3265:27:Attribute -> U
3265:27:Name -> U
3266:19:Name -> U
3269:26:Call -> U
3269:26:Attribute -> U
3269:26:Name -> U
3269:37:Name -> Inst:.ndarray | U
3271:26:Call -> U
3271:26:Attribute -> U
3271:26:Name -> U
3271:37:Name -> Inst:.ndarray | U
3271:48:Name -> U
3273:17:Name -> U
3273:27:Call -> U
3273:27:Attribute -> U
3273:27:Name -> U
3274:25:Call -> Inst:pandas.core.dtypes.dtypes.PeriodDtype
3274:25:Attribute -> BM:pandas.core.dtypes.dtypes.PeriodDtype.construct_from_string
3274:25:Name -> Class:pandas.core.dtypes.dtypes.PeriodDtype
3274:59:Name -> U
3275:22:Call -> Inst:pandas.core.arrays.period.PeriodArray
3275:22:Attribute -> BM:pandas.core.arrays.period.PeriodArray._simple_new
3275:22:Name -> Class:pandas.core.arrays.period.PeriodArray
3275:46:Call -> U
3275:46:Attribute -> U
3275:46:Name -> U
3275:57:Name -> Inst:.ndarray | U
3275:81:Name -> Inst:pandas.core.dtypes.dtypes.PeriodDtype
3277:11:Name -> U
3278:19:Attribute -> U
3278:19:Name -> U | U
3280:19:Name -> U | Inst:.ndarray
3283:19:Name -> Class:builtins.str
3283:31:Name -> Class:builtins.int
3283:56:Name -> Class:builtins.int
3284:9:Name -> Class:pandas.core.indexes.base.Index
3285:18:Call -> U
3285:18:Name -> Func:builtins.getattr
3285:26:Attribute -> U
3285:26:Name -> Inst:pandas.io.pytables.GenericFixed
3285:41:Name -> U
3287:11:Name -> U
3288:19:Call -> Inst:pandas.core.indexes.multi.MultiIndex
3288:19:Attribute -> BM:pandas.io.pytables.GenericFixed.read_multi_index
3288:19:Name -> Inst:pandas.io.pytables.GenericFixed
3288:41:Name -> U
3288:52:Name -> Const:NoneType:None | U
3288:64:Name -> Const:NoneType:None | U
3289:13:Name -> U
3290:19:Call -> U
3290:19:Name -> Func:builtins.getattr
3290:27:Attribute -> U
3290:27:Name -> Inst:pandas.io.pytables.GenericFixed
3290:39:Name -> U
3291:20:Call -> U | Inst:pandas.core.indexes.datetimes.DatetimeIndex
3291:20:Attribute -> BM:pandas.io.pytables.GenericFixed.read_index_node
3291:20:Name -> Inst:pandas.io.pytables.GenericFixed
3291:41:Name -> U
3291:53:Name -> Const:NoneType:None | U
3291:65:Name -> Const:NoneType:None | U
3292:19:Name -> U | Inst:pandas.core.indexes.datetimes.DatetimeIndex
3294:18:Call -> ExcInst:builtins.TypeError
3294:18:Name -> Class:builtins.TypeError
3294:59:Name -> U
3296:31:Name -> Class:builtins.str
3296:43:Name -> Class:pandas.core.indexes.base.Index
3297:11:Call -> ERR
3297:11:Name -> Func:builtins.isinstance
3297:22:Name -> U
3297:29:Name -> Class:pandas.core.indexes.multi.MultiIndex
3298:12:Call -> ERR
3298:12:Name -> Func:builtins.setattr
3298:20:Attribute -> U
3298:20:Name -> Inst:pandas.io.pytables.GenericFixed
3298:35:Name -> U
3299:12:Call -> Const:NoneType:None
3299:12:Attribute -> BM:pandas.io.pytables.GenericFixed.write_multi_index
3299:12:Name -> Inst:pandas.io.pytables.GenericFixed
3299:35:Name -> U
3299:40:Name -> U
3301:12:Call -> ERR
3301:12:Name -> Func:builtins.setattr
3301:20:Attribute -> U
3301:20:Name -> Inst:pandas.io.pytables.GenericFixed
3301:35:Name -> U
3302:24:Call -> Inst:pandas.io.pytables.IndexCol
3302:24:Name -> Func:pandas.io.pytables._convert_index
3302:48:Name -> U
3302:55:Attribute -> U | Const:str:'UTF-8' | Const:str:'UTF-8'
3302:55:Name -> Inst:pandas.io.pytables.GenericFixed
3302:70:Attribute -> U | Const:str:'strict'
3302:70:Name -> Inst:pandas.io.pytables.GenericFixed
3304:12:Call -> Const:NoneType:None
3304:12:Attribute -> BM:pandas.io.pytables.GenericFixed.write_array
3304:12:Name -> Inst:pandas.io.pytables.GenericFixed
3304:29:Name -> U
3304:34:Attribute -> Const:NoneType:None | U
3304:34:Name -> Inst:pandas.io.pytables.IndexCol
3306:19:Call -> U
3306:19:Name -> Func:builtins.getattr
3306:27:Attribute -> U
3306:27:Name -> Inst:pandas.io.pytables.GenericFixed
3306:39:Name -> U
3307:12:Attribute -> U
3307:12:Name -> U
3307:33:Attribute -> Const:NoneType:None | U
3307:33:Name -> Inst:pandas.io.pytables.IndexCol
3308:12:Attribute -> U
3308:12:Name -> U
3308:33:Attribute -> U
3308:33:Name -> U
3310:15:Call -> ERR
3310:15:Name -> Func:builtins.isinstance
3310:26:Name -> U
3310:34:Name -> Class:pandas.core.indexes.datetimes.DatetimeIndex
3310:49:Name -> Class:pandas.core.indexes.period.PeriodIndex
3311:16:Attribute -> U
3311:16:Name -> U
3311:44:Call -> U
3311:44:Attribute -> BM:pandas.io.pytables.GenericFixed._class_to_alias
3311:44:Name -> Inst:pandas.io.pytables.GenericFixed
3311:65:Call -> U
3311:65:Name -> Class:builtins.type
3311:70:Name -> U
3313:15:Call -> ERR
3313:15:Name -> Func:builtins.isinstance
3313:26:Name -> U
3313:34:Name -> Class:pandas.core.indexes.datetimes.DatetimeIndex
3313:49:Name -> Class:pandas.core.indexes.period.PeriodIndex
3313:62:Name -> Class:pandas.core.indexes.timedeltas.TimedeltaIndex
3314:16:Attribute -> U
3314:16:Name -> U
3314:37:Attribute -> U
3314:37:Name -> U
3316:15:Call -> ERR
3316:15:Name -> Func:builtins.isinstance
3316:26:Name -> U
3316:33:Name -> Class:pandas.core.indexes.datetimes.DatetimeIndex
3316:52:Attribute -> U
3316:52:Name -> U
3317:16:Attribute -> U
3317:16:Name -> U
3317:35:Call -> Const:NoneType:None
3317:35:Name -> Func:pandas.io.pytables._get_tz
3317:43:Attribute -> U
3317:43:Name -> U
3319:37:Name -> Class:builtins.str
3319:49:Name -> Class:pandas.core.indexes.multi.MultiIndex
3320:8:Call -> ERR
3320:8:Name -> Func:builtins.setattr
3320:16:Attribute -> U
3320:16:Name -> Inst:pandas.io.pytables.GenericFixed
3320:31:Name -> U
3320:46:Attribute -> U
3320:46:Name -> U
3322:43:Call -> Inst:builtins.enumerate
3322:43:Name -> Class:builtins.enumerate
3323:12:Call -> Inst:builtins.zip
3323:12:Name -> Class:builtins.zip
3323:16:Attribute -> U
3323:16:Name -> U
3323:30:Attribute -> U
3323:30:Name -> U
3323:43:Attribute -> U
3323:43:Name -> U
3326:15:Call -> ERR
3326:15:Name -> Func:builtins.isinstance
3326:26:Attribute -> U
3326:26:Name -> U
3326:37:Name -> Class:pandas.core.dtypes.base.ExtensionDtype
3326:61:Call -> ERR
3326:61:Name -> Func:builtins.isinstance
3327:16:Attribute -> U
3327:16:Name -> U
3327:27:Name -> Class:pandas.core.arrays.string_.StringDtype
3329:22:Call -> ExcInst:builtins.NotImplementedError
3329:22:Name -> Class:builtins.NotImplementedError
3332:27:Name -> U
3332:38:Name -> U
3333:25:Call -> Inst:pandas.io.pytables.IndexCol
3333:25:Name -> Func:pandas.io.pytables._convert_index
3333:40:Name -> Const:str:'Uninferable_levelUninferable'
3333:51:Name -> U
3333:56:Attribute -> U | Const:str:'UTF-8' | Const:str:'UTF-8'
3333:56:Name -> Inst:pandas.io.pytables.GenericFixed
3333:71:Attribute -> U | Const:str:'strict'
3333:71:Name -> Inst:pandas.io.pytables.GenericFixed
3334:12:Call -> Const:NoneType:None
3334:12:Attribute -> BM:pandas.io.pytables.GenericFixed.write_array
3334:12:Name -> Inst:pandas.io.pytables.GenericFixed
3334:29:Name -> Const:str:'Uninferable_levelUninferable'
3334:40:Attribute -> Const:NoneType:None | U
3334:40:Name -> Inst:pandas.io.pytables.IndexCol
3335:19:Call -> U
3335:19:Name -> Func:builtins.getattr
3335:27:Attribute -> U
3335:27:Name -> Inst:pandas.io.pytables.GenericFixed
3335:39:Name -> Const:str:'Uninferable_levelUninferable'
3336:12:Attribute -> U
3336:12:Name -> U
3336:33:Attribute -> Const:NoneType:None | U
3336:33:Name -> Inst:pandas.io.pytables.IndexCol
3337:12:Attribute -> U
3337:12:Name -> U
3337:33:Name -> U
3340:12:Call -> ERR
3340:12:Name -> Func:builtins.setattr
3340:20:Attribute -> U
3340:20:Name -> U
3340:38:Name -> U
3340:48:Name -> U
3340:56:Name -> U
3343:27:Name -> U
3343:38:Name -> U
3344:12:Call -> Const:NoneType:None
3344:12:Attribute -> BM:pandas.io.pytables.GenericFixed.write_array
3344:12:Name -> Inst:pandas.io.pytables.GenericFixed
3344:29:Name -> Const:str:'Uninferable_labelUninferable'
3344:40:Name -> U
3347:19:Name -> Class:builtins.str
3347:31:Name -> Class:builtins.int
3347:56:Name -> Class:builtins.int
3348:9:Name -> Class:pandas.core.indexes.multi.MultiIndex
3349:18:Call -> U
3349:18:Name -> Func:builtins.getattr
3349:26:Attribute -> U
3349:26:Name -> Inst:pandas.io.pytables.GenericFixed
3349:41:Name -> U
3353:15:Name -> Class:builtins.list
3353:20:Name -> Class:_collections_abc.Hashable
3354:17:Call -> Inst:builtins.range
3354:17:Name -> Class:builtins.range
3354:23:Name -> U
3355:27:Name -> U
3355:38:Name -> U
3356:19:Call -> U
3356:19:Name -> Func:builtins.getattr
3356:27:Attribute -> U
3356:27:Name -> Inst:pandas.io.pytables.GenericFixed
3356:39:Name -> Const:str:'Uninferable_levelUninferable'
3357:18:Call -> U | Inst:pandas.core.indexes.datetimes.DatetimeIndex
3357:18:Attribute -> BM:pandas.io.pytables.GenericFixed.read_index_node
3357:18:Name -> Inst:pandas.io.pytables.GenericFixed
3357:39:Name -> U
3357:51:Name -> Const:NoneType:None | U
3357:63:Name -> Const:NoneType:None | U
3358:12:Call -> ERR
3358:12:Attribute -> BM:builtins.list.append
3358:12:Name -> List:0
3358:26:Name -> U | Inst:pandas.core.indexes.datetimes.DatetimeIndex
3359:12:Call -> ERR
3359:12:Attribute -> BM:builtins.list.append
3359:12:Name -> List:0
3359:25:Attribute -> U | Const:NoneType:None | Const:str:'' | Const:str:'date' | Const:str:'date' | Const:str:'date' | Const:str:'foo' | Const:str:'bar' | Const:str:'date' | Const:str:'name'
3359:25:Name -> U | Inst:pandas.core.indexes.datetimes.DatetimeIndex
3361:27:Name -> U
3361:38:Name -> U
3362:26:Call -> U
3362:26:Attribute -> BM:pandas.io.pytables.GenericFixed.read_array
3362:26:Name -> Inst:pandas.io.pytables.GenericFixed
3362:42:Name -> Const:str:'Uninferable_labelUninferable'
3362:59:Name -> Const:NoneType:None | U
3362:71:Name -> Const:NoneType:None | U
3363:12:Call -> ERR
3363:12:Attribute -> BM:builtins.list.append
3363:12:Name -> List:0
3363:25:Name -> U
3365:15:Call -> Inst:pandas.core.indexes.multi.MultiIndex
3365:15:Name -> Class:pandas.core.indexes.multi.MultiIndex
3366:19:Name -> List:0
3366:33:Name -> List:0
3366:46:Name -> List:0
3370:20:Name -> U
3370:33:Name -> Class:builtins.int
3370:58:Name -> Class:builtins.int
3371:9:Name -> Class:pandas.core.indexes.base.Index
3372:15:Name -> U
3372:20:Name -> Const:NoneType:None | U
3372:26:Name -> Const:NoneType:None | U
3375:22:Attribute -> U
3375:22:Name -> U
3375:40:Call -> U
3375:40:Attribute -> U
3375:40:Name -> U
3375:48:Attribute -> U
3375:48:Attribute -> U
3375:48:Name -> U
3376:19:Call -> Inst:.ndarray
3376:19:Attribute -> Func:.empty
3376:19:Name -> U
3376:28:Attribute -> U
3376:28:Attribute -> U
3376:28:Name -> U
3376:55:Attribute -> U
3376:55:Attribute -> U
3376:55:Name -> U
3377:15:Attribute -> U
3377:15:Attribute -> U
3377:15:Name -> U
3380:21:Attribute -> U
3380:21:Name -> U
3381:19:Call -> U | Const:str:''
3381:19:Name -> Func:pandas.io.pytables._ensure_str
3381:31:Attribute -> U
3381:31:Attribute -> U
3381:31:Name -> U
3383:16:Attribute -> U
3383:16:Name -> U
3384:26:Call -> Tuple:2
3384:26:Attribute -> BM:pandas.io.pytables.GenericFixed._get_index_factory
3384:26:Name -> Inst:pandas.io.pytables.GenericFixed
3384:50:Name -> U
3386:11:Name -> U
3387:20:Call -> U | Inst:pandas.core.indexes.datetimes.DatetimeIndex
3387:20:Name -> U | Func:pandas.io.pytables.GenericFixed._get_index_factory.f
3388:16:Call -> U | Inst:pandas.core.indexes.datetimes.DatetimeIndex
3388:16:Name -> Func:pandas.io.pytables._unconvert_index
3389:20:Name -> U | Inst:.ndarray
3389:26:Name -> U
3389:41:Attribute -> U | Const:str:'UTF-8' | Const:str:'UTF-8'
3389:41:Name -> Inst:pandas.io.pytables.GenericFixed
3389:63:Attribute -> U | Const:str:'strict'
3389:63:Name -> Inst:pandas.io.pytables.GenericFixed
3391:22:Name -> Class:builtins.object
3392:18:Name -> Dict:0
3396:24:Call -> U | Inst:pandas.core.indexes.datetimes.DatetimeIndex
3396:24:Name -> U | Func:pandas.io.pytables.GenericFixed._get_index_factory.f
3397:20:Call -> U | Inst:pandas.core.indexes.datetimes.DatetimeIndex
3397:20:Name -> Func:pandas.io.pytables._unconvert_index
3398:24:Name -> U | Inst:.ndarray
3398:30:Name -> U
3398:45:Attribute -> U | Const:str:'UTF-8' | Const:str:'UTF-8'
3398:45:Name -> Inst:pandas.io.pytables.GenericFixed
3398:67:Attribute -> U | Const:str:'strict'
3398:67:Name -> Inst:pandas.io.pytables.GenericFixed
3400:22:Name -> Dict:0
3402:19:Name -> Class:builtins.UnicodeEncodeError
3404:20:Attribute -> U | Const:str:'strict'
3404:20:Name -> Inst:pandas.io.pytables.GenericFixed
3405:24:Call -> U
3405:24:Name -> Func:pandas._config.using_string_dtype
3406:24:Call -> ERR
3406:24:Attribute -> BM:builtins.str.endswith
3406:24:Call -> Const:str:''
3406:24:Name -> Class:builtins.str
3406:28:Name -> ExcInst:builtins.UnicodeEncodeError
3407:24:Name -> U | Const:bool:False
3409:28:Call -> U | Inst:pandas.core.indexes.datetimes.DatetimeIndex
3409:28:Name -> U | Func:pandas.io.pytables.GenericFixed._get_index_factory.f
3410:24:Call -> U | Inst:pandas.core.indexes.datetimes.DatetimeIndex
3410:24:Name -> Func:pandas.io.pytables._unconvert_index
3411:28:Name -> U | Inst:.ndarray
3411:34:Name -> U
3411:49:Attribute -> U | Const:str:'UTF-8' | Const:str:'UTF-8'
3411:49:Name -> Inst:pandas.io.pytables.GenericFixed
3411:71:Attribute -> U | Const:str:'strict'
3411:71:Name -> Inst:pandas.io.pytables.GenericFixed
3413:30:Call -> Inst:pandas.core.arrays.string_.StringDtype
3413:30:Name -> Class:pandas.core.arrays.string_.StringDtype
3413:69:Attribute -> U
3413:69:Name -> U
3414:26:Name -> Dict:0
3419:8:Name -> U | Inst:pandas.core.indexes.datetimes.DatetimeIndex
3419:21:Name -> Const:NoneType:None | U | Const:str:''
3421:15:Name -> U | Inst:pandas.core.indexes.datetimes.DatetimeIndex
3423:37:Name -> Class:builtins.str
3423:49:Name -> Class:.Union
3426:14:Call -> Inst:.ndarray
3426:14:Attribute -> Func:.empty
3426:14:Name -> U
3426:30:Attribute -> U
3426:30:Name -> U
3427:8:Call -> U
3427:8:Attribute -> U
3427:8:Attribute -> U
3427:8:Name -> Inst:pandas.io.pytables.GenericFixed
3427:34:Attribute -> U
3427:34:Name -> Inst:pandas.io.pytables.GenericFixed
3427:46:Name -> U
3427:51:Name -> Inst:.ndarray
3428:15:Call -> U
3428:15:Name -> Func:builtins.getattr
3428:23:Attribute -> U
3428:23:Name -> Inst:pandas.io.pytables.GenericFixed
3428:35:Name -> U
3429:8:Attribute -> U
3429:8:Name -> U
3429:35:Call -> Const:str:''
3429:35:Name -> Class:builtins.str
3429:39:Attribute -> U
3429:39:Name -> U
3430:8:Attribute -> U
3430:8:Name -> U
3430:30:Attribute -> U
3430:30:Name -> U
3433:19:Name -> Class:builtins.str
3433:29:Name -> Class:.Union
3433:50:Name -> Class:pandas.core.indexes.base.Index
3435:16:Call -> Const:NoneType:None | Const:NoneType:None | U
3435:16:Name -> Func:pandas.core.construction.extract_array | Func:pandas.core.construction.extract_array | Func:pandas.core.construction.extract_array
3435:30:Name -> U
3437:11:Name -> U
3437:18:Attribute -> U
3437:18:Name -> Inst:pandas.io.pytables.GenericFixed
3438:12:Call -> U
3438:12:Attribute -> U
3438:12:Attribute -> U
3438:12:Name -> Inst:pandas.io.pytables.GenericFixed
3438:37:Attribute -> U
3438:37:Name -> Inst:pandas.io.pytables.GenericFixed
3438:49:Name -> U
3441:22:Attribute -> U
3441:22:Name -> Const:NoneType:None | Const:NoneType:None | U
3444:11:Call -> ERR
3444:11:Name -> Func:builtins.isinstance
3444:22:Attribute -> U
3444:22:Name -> Const:NoneType:None | Const:NoneType:None | U
3444:35:Name -> Class:pandas.core.dtypes.dtypes.CategoricalDtype
3445:18:Call -> ExcInst:builtins.NotImplementedError
3445:18:Name -> Class:builtins.NotImplementedError
3449:15:Name -> U
3450:15:Call -> Const:bool:False
3450:15:Name -> Func:builtins.hasattr
3450:23:Name -> Const:NoneType:None | Const:NoneType:None | U
3452:24:Attribute -> U
3452:24:Name -> Const:NoneType:None | Const:NoneType:None | U
3455:11:Call -> ERR
3455:11:Name -> Func:builtins.isinstance
3455:22:Name -> Const:NoneType:None | Const:NoneType:None | U
3455:29:Name -> Class:pandas.core.arrays.string_.BaseStringArray
3458:20:Call -> U
3458:20:Attribute -> U
3458:20:Attribute -> U
3458:20:Name -> Inst:pandas.io.pytables.GenericFixed
3459:16:Attribute -> U
3459:16:Name -> Inst:pandas.io.pytables.GenericFixed
3459:28:Name -> U
3459:33:Call -> U
3459:33:Attribute -> U
3459:33:Call -> Const:NoneType:None | U
3459:33:Name -> Func:pandas.io.pytables._tables
3459:65:Attribute -> U
3459:65:Name -> Inst:pandas.io.pytables.GenericFixed
3461:12:Call -> U
3461:12:Attribute -> U
3461:12:Name -> U
3461:25:Call -> U
3461:25:Attribute -> U
3461:25:Name -> Const:NoneType:None | Const:NoneType:None | U
3462:19:Call -> U
3462:19:Name -> Func:builtins.getattr
3462:27:Attribute -> U
3462:27:Name -> Inst:pandas.io.pytables.GenericFixed
3462:39:Name -> U
3463:12:Attribute -> U
3463:12:Name -> U
3463:39:Call -> Const:str:''
3463:39:Name -> Class:builtins.str
3463:43:Attribute -> U
3463:43:Name -> Const:NoneType:None | Const:NoneType:None | U
3467:15:Attribute -> U
3467:15:Name -> Inst:pandas.io.pytables.GenericFixed
3468:21:Call -> Inst:contextlib.suppress
3468:21:Name -> Class:contextlib.suppress
3468:30:Name -> Class:builtins.ValueError
3470:27:Call -> U
3470:27:Attribute -> U
3470:27:Attribute -> U
3470:27:Call -> Const:NoneType:None | U
3470:27:Name -> Func:pandas.io.pytables._tables
3470:53:Attribute -> U
3470:53:Name -> Const:NoneType:None | Const:NoneType:None | U
3472:15:Name -> Const:NoneType:None | U
3477:23:Name -> U
3478:25:Call -> U
3478:25:Attribute -> U
3478:25:Attribute -> U
3478:25:Name -> Inst:pandas.io.pytables.GenericFixed
3479:24:Attribute -> U
3479:24:Name -> Inst:pandas.io.pytables.GenericFixed
3479:36:Name -> U
3479:41:Name -> U
3479:47:Attribute -> U
3479:47:Name -> Const:NoneType:None | Const:NoneType:None | U
3479:68:Attribute -> U
3479:68:Name -> Inst:pandas.io.pytables.GenericFixed
3481:20:Name -> U
3481:28:Name -> Const:NoneType:None | Const:NoneType:None | U
3484:20:Call -> Const:NoneType:None
3484:20:Attribute -> BM:pandas.io.pytables.GenericFixed.write_array_empty
3484:20:Name -> Inst:pandas.io.pytables.GenericFixed
3484:43:Name -> U
3484:48:Name -> Const:NoneType:None | Const:NoneType:None | U
3486:17:Attribute -> U
3486:17:Attribute -> U
3486:17:Name -> Const:NoneType:None | Const:NoneType:None | U
3486:37:Attribute -> U
3486:37:Name -> U
3489:32:Call -> Const:NoneType:None
3489:32:Attribute -> Func:pandas._libs.lib.infer_dtype
3489:32:Name -> Module:pandas._libs.lib
3489:48:Name -> Const:NoneType:None | Const:NoneType:None | U
3490:19:Name -> U
3492:21:Name -> Const:NoneType:None
3494:21:Name -> Dict:0
3498:23:Attribute -> U
3498:23:Name -> Const:NoneType:None | Const:NoneType:None | U
3498:43:Name -> Const:NoneType:None | U
3499:32:Call -> Const:NoneType:None | Const:NoneType:None | U
3499:32:Name -> Func:typing.cast
3499:51:Name -> Const:NoneType:None | Const:NoneType:None | U
3501:32:Call -> Const:NoneType:None
3501:32:Attribute -> Func:pandas._libs.lib.is_string_array
3501:32:Name -> Module:pandas._libs.lib
3501:52:Name -> Const:NoneType:None | Const:NoneType:None | U
3501:61:Name -> U
3502:37:Call -> Inst:builtins.range
3502:37:Name -> Class:builtins.range
3502:43:Attribute -> U
3502:43:Name -> Const:NoneType:None | Const:NoneType:None | U
3504:32:Name -> Const:NoneType:None | U
3504:38:Name -> U
3505:25:Name -> Const:str:'\nyour performance may suffer as PyTabl
3505:44:Name -> Const:NoneType:None
3505:59:Name -> U
3505:64:Name -> Const:NoneType:None | U
3506:20:Call -> Const:NoneType:None
3506:20:Attribute -> Func:warnings.warn | Func:_warnings.warn
3506:20:Name -> Module:warnings
3506:34:Name -> U
3506:38:Name -> Class:pandas.errors.PerformanceWarning
3506:69:Call -> Const:int:0 | Const:int:1
3506:69:Name -> Func:pandas.util._exceptions.find_stack_level
3508:24:Call -> U
3508:24:Attribute -> U
3508:24:Attribute -> U
3508:24:Name -> Inst:pandas.io.pytables.GenericFixed
3509:20:Attribute -> U
3509:20:Name -> Inst:pandas.io.pytables.GenericFixed
3509:32:Name -> U
3509:37:Call -> U
3509:37:Attribute -> U
3509:37:Call -> Const:NoneType:None | U
3509:37:Name -> Func:pandas.io.pytables._tables
3509:69:Attribute -> U
3509:69:Name -> Inst:pandas.io.pytables.GenericFixed
3511:16:Call -> U
3511:16:Attribute -> U
3511:16:Name -> U
3511:29:Name -> Const:NoneType:None | Const:NoneType:None | U
3513:17:Call -> Const:NoneType:None
3513:17:Attribute -> Func:pandas._libs.lib.is_np_dtype
3513:17:Name -> Module:pandas._libs.lib
3513:33:Attribute -> U
3513:33:Name -> Const:NoneType:None | Const:NoneType:None | U
3514:16:Call -> U
3514:16:Attribute -> U
3514:16:Attribute -> U
3514:16:Name -> Inst:pandas.io.pytables.GenericFixed
3514:42:Attribute -> U
3514:42:Name -> Inst:pandas.io.pytables.GenericFixed
3514:54:Name -> U
3514:59:Call -> U
3514:59:Attribute -> U
3514:59:Name -> Const:NoneType:None | Const:NoneType:None | U
3515:16:Attribute -> U
3515:16:Call -> U
3515:16:Name -> Func:builtins.getattr
3515:24:Attribute -> U
3515:24:Name -> Inst:pandas.io.pytables.GenericFixed
3515:36:Name -> U
3515:63:Call -> Const:str:''
3515:63:Name -> Class:builtins.str
3515:67:Attribute -> U
3515:67:Name -> Const:NoneType:None | Const:NoneType:None | U
3516:17:Call -> ERR
3516:17:Name -> Func:builtins.isinstance
3516:28:Attribute -> U
3516:28:Name -> Const:NoneType:None | Const:NoneType:None | U
3516:41:Name -> Class:pandas.core.dtypes.dtypes.DatetimeTZDtype
3521:16:Call -> U
3521:16:Attribute -> U
3521:16:Attribute -> U
3521:16:Name -> Inst:pandas.io.pytables.GenericFixed
3522:20:Attribute -> U
3522:20:Name -> Inst:pandas.io.pytables.GenericFixed
3523:20:Name -> U
3524:20:Attribute -> U
3524:20:Name -> Const:NoneType:None | Const:NoneType:None | U
3527:23:Call -> U
3527:23:Name -> Func:builtins.getattr
3527:31:Attribute -> U
3527:31:Name -> Inst:pandas.io.pytables.GenericFixed
3527:43:Name -> U
3529:16:Attribute -> U
3529:16:Name -> U
3529:35:Call -> Const:NoneType:None
3529:35:Name -> Func:pandas.io.pytables._get_tz
3529:43:Attribute -> U
3529:43:Name -> Const:NoneType:None | Const:NoneType:None | U
3530:16:Attribute -> U
3530:16:Name -> U
3530:57:Attribute -> U
3530:57:Attribute -> U
3530:57:Name -> Const:NoneType:None | Const:NoneType:None | U
3531:17:Call -> Const:NoneType:None
3531:17:Attribute -> Func:pandas._libs.lib.is_np_dtype
3531:17:Name -> Module:pandas._libs.lib
3531:33:Attribute -> U
3531:33:Name -> Const:NoneType:None | Const:NoneType:None | U
3532:16:Call -> U
3532:16:Attribute -> U
3532:16:Attribute -> U
3532:16:Name -> Inst:pandas.io.pytables.GenericFixed
3532:42:Attribute -> U
3532:42:Name -> Inst:pandas.io.pytables.GenericFixed
3532:54:Name -> U
3532:59:Call -> U
3532:59:Attribute -> U
3532:59:Name -> Const:NoneType:None | Const:NoneType:None | U
3533:16:Attribute -> U
3533:16:Call -> U
3533:16:Name -> Func:builtins.getattr
3533:24:Attribute -> U
3533:24:Name -> Inst:pandas.io.pytables.GenericFixed
3533:36:Name -> U
3533:63:Call -> Const:str:''
3533:63:Name -> Class:builtins.str
3533:67:Attribute -> U
3533:67:Name -> Const:NoneType:None | Const:NoneType:None | U
3534:17:Call -> ERR
3534:17:Name -> Func:builtins.isinstance
3534:28:Attribute -> U
3534:28:Name -> Const:NoneType:None | Const:NoneType:None | U
3534:41:Name -> Class:pandas.core.dtypes.dtypes.PeriodDtype
3537:16:Call -> U
3537:16:Attribute -> U
3537:16:Attribute -> U
3537:16:Name -> Inst:pandas.io.pytables.GenericFixed
3538:20:Attribute -> U
3538:20:Name -> Inst:pandas.io.pytables.GenericFixed
3539:20:Name -> U
3540:20:Attribute -> U
3540:20:Name -> Const:NoneType:None | Const:NoneType:None | U
3542:23:Call -> U
3542:23:Name -> Func:builtins.getattr
3542:31:Attribute -> U
3542:31:Name -> Inst:pandas.io.pytables.GenericFixed
3542:43:Name -> U
3543:16:Attribute -> U
3543:16:Name -> U
3543:43:Call -> Const:str:''
3543:43:Name -> Class:builtins.str
3543:47:Attribute -> U
3543:47:Name -> Const:NoneType:None | Const:NoneType:None | U
3544:17:Name -> U
3545:16:Call -> Const:NoneType:None
3545:16:Attribute -> BM:pandas.io.pytables.GenericFixed.write_array_empty
3545:16:Name -> Inst:pandas.io.pytables.GenericFixed
3545:39:Name -> U
3545:44:Name -> Const:NoneType:None | Const:NoneType:None | U
3549:19:Call -> ERR
3549:19:Name -> Func:builtins.isinstance
3549:30:Attribute -> U
3549:30:Name -> Const:NoneType:None | Const:NoneType:None | U
3549:43:Name -> Class:pandas.core.dtypes.base.ExtensionDtype
3549:67:Call -> ERR
3549:67:Name -> Func:builtins.isinstance
3550:20:Attribute -> U
3550:20:Name -> Const:NoneType:None | Const:NoneType:None | U
3550:33:Name -> Class:pandas.core.dtypes.dtypes.PeriodDtype
3552:26:Call -> ExcInst:builtins.NotImplementedError
3552:26:Name -> Class:builtins.NotImplementedError
3553:60:Attribute -> U
3553:60:Name -> Const:NoneType:None | Const:NoneType:None | U
3558:16:Call -> U
3558:16:Attribute -> U
3558:16:Attribute -> U
3558:16:Name -> Inst:pandas.io.pytables.GenericFixed
3558:42:Attribute -> U
3558:42:Name -> Inst:pandas.io.pytables.GenericFixed
3558:54:Name -> U
3558:59:Name -> Const:NoneType:None | Const:NoneType:None | U
3560:8:Attribute -> U
3560:8:Call -> U
3560:8:Name -> Func:builtins.getattr
3560:16:Attribute -> U
3560:16:Name -> Inst:pandas.io.pytables.GenericFixed
3560:28:Name -> U
3560:55:Name -> Const:bool:False | Const:bool:True
3563:18:Name -> Class:pandas.io.pytables.GenericFixed
3567:10:Name -> Class:_collections_abc.Hashable
3569:5:Name -> Class:builtins.property
3570:23:Name -> Class:builtins.tuple
3570:29:Name -> Class:builtins.int
3572:19:Attribute -> U
3572:19:Attribute -> U
3572:19:Name -> Inst:pandas.io.pytables.SeriesFixed
3573:26:Attribute -> U
3573:26:Name -> U
3576:23:Call -> Inst:builtins.tuple
3576:23:Name -> Class:builtins.tuple
3576:29:Attribute -> U
3576:29:Attribute -> U
3576:29:Name -> U
3577:20:Call -> ERR
3577:20:Name -> Func:builtins.len
3577:24:Name -> U
3578:16:Name -> Class:builtins.TypeError
3578:27:Name -> Class:builtins.AttributeError
3585:15:Name -> Class:builtins.int
3586:14:Name -> Class:builtins.int
3587:9:Name -> Class:pandas.core.series.Series
3588:8:Call -> Const:NoneType:None
3588:8:Attribute -> BM:pandas.io.pytables.GenericFixed.validate_read
3588:8:Name -> Inst:pandas.io.pytables.SeriesFixed
3588:27:Name -> Const:NoneType:None | U
3588:36:Name -> Const:NoneType:None | U
3589:16:Call -> Inst:pandas.core.indexes.multi.MultiIndex | U | Inst:pandas.core.indexes.datetimes.DatetimeIndex
3589:16:Attribute -> BM:pandas.io.pytables.GenericFixed.read_index
3589:16:Name -> Inst:pandas.io.pytables.SeriesFixed
3589:47:Name -> Const:NoneType:None | U
3589:59:Name -> Const:NoneType:None | U
3590:17:Call -> U
3590:17:Attribute -> BM:pandas.io.pytables.GenericFixed.read_array
3590:17:Name -> Inst:pandas.io.pytables.SeriesFixed
3590:49:Name -> Const:NoneType:None | U
3590:61:Name -> Const:NoneType:None | U
3592:21:Call -> Inst:pandas.core.series.Series
3592:21:Name -> Class:pandas.core.series.Series
3592:28:Name -> U
3592:42:Name -> Inst:pandas.core.indexes.multi.MultiIndex | U
3592:54:Attribute -> ERR
3592:54:Name -> Inst:pandas.io.pytables.SeriesFixed
3593:15:Name -> Class:builtins.UnicodeEncodeError
3595:16:Attribute -> U | Const:str:'strict'
3595:16:Name -> Inst:pandas.io.pytables.SeriesFixed
3596:20:Call -> U
3596:20:Name -> Func:pandas._config.using_string_dtype
3597:20:Call -> ERR
3597:20:Attribute -> BM:builtins.str.endswith
3597:20:Call -> Const:str:''
3597:20:Name -> Class:builtins.str
3597:24:Name -> ExcInst:builtins.UnicodeEncodeError
3598:20:Name -> U | Const:bool:False
3600:25:Call -> Inst:pandas.core.series.Series
3600:25:Name -> Class:pandas.core.series.Series
3601:20:Name -> U
3602:26:Name -> Inst:pandas.core.indexes.multi.MultiIndex | U
3603:25:Attribute -> ERR
3603:25:Name -> Inst:pandas.io.pytables.SeriesFixed
3605:26:Call -> Inst:pandas.core.arrays.string_.StringDtype
3605:26:Name -> Class:pandas.core.arrays.string_.StringDtype
3605:65:Attribute -> U
3605:65:Name -> U
3609:15:Name -> Inst:pandas.core.series.Series
3612:8:Call -> Const:NoneType:None | U
3612:8:Attribute -> BM:pandas.io.pytables.GenericFixed.write | BM:pandas.io.pytables.Fixed.write
3612:8:Call -> Super
3612:8:Name -> Class:builtins.super
3612:22:Name -> U
3612:29:Name -> Dict:0
3613:8:Call -> Const:NoneType:None
3613:8:Attribute -> BM:pandas.io.pytables.GenericFixed.write_index
3613:8:Name -> Inst:pandas.io.pytables.SeriesFixed
3613:34:Attribute -> U
3613:34:Name -> U
3614:8:Call -> Const:NoneType:None
3614:8:Attribute -> BM:pandas.io.pytables.GenericFixed.write_array
3614:8:Name -> Inst:pandas.io.pytables.SeriesFixed
3614:35:Name -> U
3615:8:Attribute -> U
3615:8:Name -> Inst:pandas.io.pytables.SeriesFixed
3615:26:Attribute -> U
3615:26:Name -> U
3618:24:Name -> Class:pandas.io.pytables.GenericFixed
3621:13:Name -> Class:builtins.int
3623:5:Name -> Class:builtins.property
3624:23:Name -> Class:builtins.list
3624:28:Name -> Class:builtins.int
3626:19:Attribute -> ERR
3626:19:Name -> Inst:pandas.io.pytables.BlockManagerFixed
3630:21:Call -> Inst:builtins.range
3630:21:Name -> Class:builtins.range
3630:27:Attribute -> ERR
3630:27:Name -> Inst:pandas.io.pytables.BlockManagerFixed
3631:23:Call -> U
3631:23:Name -> Func:builtins.getattr
3631:31:Attribute -> U
3631:31:Name -> Inst:pandas.io.pytables.BlockManagerFixed
3631:51:Name -> U
3632:24:Call -> U
3632:24:Name -> Func:builtins.getattr
3632:32:Name -> U
3633:19:Name -> U
3634:29:Name -> U
3637:19:Attribute -> U
3637:19:Attribute -> U
3637:19:Name -> Inst:pandas.io.pytables.BlockManagerFixed
3638:24:Name -> Class:builtins.tuple
3638:30:Name -> Class:typing.Any
3639:26:Attribute -> U
3639:26:Name -> U
3644:29:Call -> Inst:builtins.tuple
3644:29:Name -> Class:builtins.tuple
3644:35:Call -> Inst:builtins.reversed
3644:35:Name -> Class:builtins.reversed
3644:44:Attribute -> U
3644:44:Attribute -> U
3644:44:Name -> U
3646:29:Call -> U
3646:29:Name -> Func:builtins.getattr
3646:37:Name -> U
3647:15:Name -> U | Inst:builtins.tuple
3648:24:Call -> Inst:builtins.list
3648:24:Name -> Class:builtins.list
3648:29:Name -> U | Inst:builtins.tuple
3648:45:Name -> U
3652:12:Call -> U
3652:12:Attribute -> U | BM:builtins.list.append | BM:builtins.list.append
3652:12:Name -> U | Inst:builtins.list | List:0
3652:25:Name -> Const:int:0 | U
3654:19:Name -> U | Inst:builtins.list | List:0
3655:15:Name -> Class:builtins.AttributeError
3662:15:Name -> Class:builtins.int
3663:14:Name -> Class:builtins.int
3664:9:Name -> Class:pandas.core.frame.DataFrame
3666:8:Call -> Const:NoneType:None
3666:8:Attribute -> BM:pandas.io.pytables.GenericFixed.validate_read
3666:8:Name -> Inst:pandas.io.pytables.BlockManagerFixed
3666:27:Name -> Const:NoneType:None | U
3666:36:Name -> Const:NoneType:None | U
3667:22:Call -> ERR
3667:22:Attribute -> ERR
3667:22:Call -> ERR
3667:22:Attribute -> ERR
3667:22:Name -> Inst:pandas.io.pytables.BlockManagerFixed
3670:17:Call -> Inst:builtins.range
3670:17:Name -> Class:builtins.range
3670:23:Attribute -> ERR
3670:23:Name -> Inst:pandas.io.pytables.BlockManagerFixed
3671:45:Name -> U
3671:50:Name -> U
3671:29:Name -> Const:NoneType:None | U
3671:36:Name -> Const:NoneType:None | U
3672:17:Call -> Inst:pandas.core.indexes.multi.MultiIndex | U | Inst:pandas.core.indexes.datetimes.DatetimeIndex
3672:17:Attribute -> BM:pandas.io.pytables.GenericFixed.read_index
3672:17:Name -> Inst:pandas.io.pytables.BlockManagerFixed
3672:40:Name -> U
3672:51:Name -> Const:NoneType:None | U | Const:NoneType:None
3672:64:Name -> Const:NoneType:None | U | Const:NoneType:None
3673:12:Call -> ERR
3673:12:Attribute -> BM:builtins.list.append
3673:12:Name -> List:0
3673:24:Name -> Inst:pandas.core.indexes.multi.MultiIndex | U | Inst:pandas.core.indexes.datetimes.DatetimeIndex
3675:16:Name -> List:0
3678:17:Call -> Inst:builtins.range
3678:17:Name -> Class:builtins.range
3678:23:Attribute -> ERR
3678:23:Name -> Inst:pandas.io.pytables.BlockManagerFixed
3679:24:Call -> Inst:pandas.core.indexes.multi.MultiIndex | U | Inst:pandas.core.indexes.datetimes.DatetimeIndex
3679:24:Attribute -> BM:pandas.io.pytables.GenericFixed.read_index
3679:24:Name -> Inst:pandas.io.pytables.BlockManagerFixed
3679:48:Name -> U
3680:21:Call -> U
3680:21:Attribute -> BM:pandas.io.pytables.GenericFixed.read_array
3680:21:Name -> Inst:pandas.io.pytables.BlockManagerFixed
3680:45:Name -> U
3680:63:Name -> Const:NoneType:None | U | Const:NoneType:None
3680:76:Name -> Const:NoneType:None | U | Const:NoneType:None
3682:22:Name -> U
3682:28:Call -> U
3682:28:Attribute -> U
3682:28:Name -> U
3682:46:Name -> Inst:pandas.core.indexes.multi.MultiIndex | U
3683:18:Attribute -> U
3683:18:Name -> U
3684:15:Call -> ERR
3684:15:Name -> Func:builtins.isinstance
3684:26:Name -> U
3684:31:Attribute -> Class:.ndarray
3684:31:Name -> U
3688:22:Call -> U
3688:22:Attribute -> U
3688:22:Name -> U
3688:40:Name -> U
3689:17:Call -> Inst:pandas.core.frame.DataFrame
3689:17:Name -> Class:pandas.core.frame.DataFrame
3689:27:Name -> U
3689:40:Name -> U
3689:55:Name -> List:0
3691:16:Call -> U
3691:16:Name -> Func:pandas._config.using_string_dtype
3692:20:Call -> ERR
3692:20:Name -> Func:builtins.isinstance
3692:31:Name -> U
3692:39:Attribute -> Class:.ndarray
3692:39:Name -> U
3693:20:Call -> Const:NoneType:None
3693:20:Name -> Func:pandas._libs.lib.is_string_array
3693:36:Name -> U
3695:21:Call -> U
3695:21:Attribute -> BM:pandas.core.generic.NDFrame.astype
3695:21:Name -> Inst:pandas.core.frame.DataFrame
3695:31:Call -> Inst:pandas.core.arrays.string_.StringDtype
3695:31:Name -> Class:pandas.core.arrays.string_.StringDtype
3695:52:Attribute -> U
3695:52:Name -> U
3696:12:Call -> ERR
3696:12:Attribute -> BM:builtins.list.append
3696:12:Name -> List:0
3696:23:Name -> Inst:pandas.core.frame.DataFrame | U
3698:11:Call -> Const:int:0
3698:11:Name -> Func:builtins.len
3698:15:Name -> List:0
3699:18:Call -> Const:NoneType:None | Const:NoneType:None | Const:NoneType:None | Const:NoneType:None | Const:NoneType:None | U
3699:18:Name -> Func:pandas.core.reshape.concat.concat | Func:pandas.core.reshape.concat.concat | Func:pandas.core.reshape.concat.concat | Func:pandas.core.reshape.concat.concat | Func:pandas.core.reshape.concat.concat | Func:pandas.core.reshape.concat.concat
3699:25:Name -> List:0
3700:19:Call -> U
3700:19:Attribute -> U
3700:19:Name -> Const:NoneType:None | Const:NoneType:None | Const:NoneType:None | Const:NoneType:None | Const:NoneType:None | U
3700:39:Name -> U
3702:15:Call -> Inst:pandas.core.frame.DataFrame
3702:15:Name -> Class:pandas.core.frame.DataFrame
3702:33:Name -> List:0
3702:48:Name -> List:0
3705:8:Call -> Const:NoneType:None | U
3705:8:Attribute -> BM:pandas.io.pytables.GenericFixed.write | BM:pandas.io.pytables.Fixed.write
3705:8:Call -> Super
3705:8:Name -> Class:builtins.super
3705:22:Name -> U
3705:29:Name -> Dict:0
3707:15:Attribute -> U
3707:15:Name -> U
3708:15:Call -> U
3708:15:Attribute -> U
3708:15:Name -> U
3709:19:Call -> U
3709:19:Attribute -> U
3709:19:Name -> U
3711:8:Attribute -> U
3711:8:Name -> Inst:pandas.io.pytables.BlockManagerFixed
3711:26:Attribute -> U
3711:26:Name -> U
3712:21:Call -> Inst:builtins.enumerate
3712:21:Name -> Class:builtins.enumerate
3712:31:Attribute -> U
3712:31:Name -> U
3713:15:Name -> U
3713:31:Attribute -> U
3713:31:Name -> U
3714:22:Call -> ExcInst:builtins.ValueError
3714:22:Name -> Class:builtins.ValueError
3715:12:Call -> Const:NoneType:None
3715:12:Attribute -> BM:pandas.io.pytables.GenericFixed.write_index
3715:12:Name -> Inst:pandas.io.pytables.BlockManagerFixed
3715:36:Name -> U
3715:41:Name -> U
3718:8:Attribute -> U
3718:8:Name -> Inst:pandas.io.pytables.BlockManagerFixed
3718:29:Call -> ERR
3718:29:Name -> Func:builtins.len
3718:33:Attribute -> U
3718:33:Name -> U
3719:22:Call -> Inst:builtins.enumerate
3719:22:Name -> Class:builtins.enumerate
3719:32:Attribute -> U
3719:32:Name -> U
3721:24:Call -> U
3721:24:Attribute -> U
3721:24:Attribute -> U
3721:24:Name -> U
3721:40:Attribute -> U
3721:40:Name -> U
3722:12:Call -> Const:NoneType:None
3722:12:Attribute -> BM:pandas.io.pytables.GenericFixed.write_array
3722:12:Name -> Inst:pandas.io.pytables.BlockManagerFixed
3722:37:Name -> U
3722:49:Attribute -> U
3722:49:Name -> U
3722:67:Name -> U
3723:12:Call -> Const:NoneType:None
3723:12:Attribute -> BM:pandas.io.pytables.GenericFixed.write_index
3723:12:Name -> Inst:pandas.io.pytables.BlockManagerFixed
3723:37:Name -> U
3723:48:Name -> U
3726:17:Name -> Class:pandas.io.pytables.BlockManagerFixed
3728:15:Name -> Class:pandas.core.frame.DataFrame
3731:12:Name -> Class:pandas.io.pytables.Fixed
3756:17:Name -> Class:builtins.str
3757:16:Name -> Class:builtins.str
3758:12:Name -> Class:builtins.int
3758:18:Name -> Class:builtins.list
3758:23:Name -> Class:_collections_abc.Hashable
3761:14:Name -> Class:builtins.list
3765:16:Name -> Class:pandas.io.pytables.HDFStore
3766:15:Name -> U
3767:18:Name -> Class:builtins.str
3768:16:Name -> Class:builtins.str
3769:20:Name -> Class:builtins.list
3769:25:Name -> Class:pandas.io.pytables.IndexCol
3770:24:Name -> Class:builtins.list
3770:29:Name -> Class:builtins.tuple
3770:35:Name -> Class:builtins.int
3770:44:Name -> Class:typing.Any
3771:21:Name -> Class:builtins.list
3771:26:Name -> Class:pandas.io.pytables.DataCol
3772:22:Name -> Class:builtins.list
3773:14:Name -> Class:builtins.dict
3776:8:Call -> Const:NoneType:None
3776:8:Attribute -> BM:pandas.io.pytables.Fixed.__init__ | BM:builtins.object.__init__
3776:8:Call -> Super
3776:8:Name -> Class:builtins.super
3776:25:Name -> U
3776:33:Name -> U
3776:49:Name -> Const:NoneType:None | U
3776:66:Name -> Const:str:'strict' | U
3777:8:Name -> Inst:pandas.io.pytables.Table
3777:26:Name -> Const:NoneType:None | U
3778:8:Name -> Inst:pandas.io.pytables.Table
3778:30:Name -> Const:NoneType:None | U
3779:8:Name -> Inst:pandas.io.pytables.Table
3779:27:Name -> Const:NoneType:None | U
3780:8:Name -> Inst:pandas.io.pytables.Table
3780:28:Name -> Const:NoneType:None | U
3781:8:Name -> Inst:pandas.io.pytables.Table
3781:20:Name -> Const:NoneType:None | U
3782:8:Name -> Inst:pandas.io.pytables.Table
3782:23:Name -> Const:NoneType:None | U
3784:5:Name -> Class:builtins.property
3785:34:Name -> Class:builtins.str
3786:15:Call -> ERR
3786:15:Attribute -> ERR
3786:15:Attribute -> ERR
3786:15:Name -> Inst:pandas.io.pytables.Table
3788:26:Name -> Class:builtins.str
3790:8:Call -> Const:bool:False | Const:bool:True
3790:8:Attribute -> BM:pandas.io.pytables.Fixed.infer_axes
3790:8:Name -> Inst:pandas.io.pytables.Table
3791:45:Call -> ERR
3791:45:Name -> Func:builtins.len
3791:49:Attribute -> List:0 | U
3791:49:Name -> Inst:pandas.io.pytables.Table
3791:14:Call -> Const:str:''
3791:14:Attribute -> BM:builtins.str.join
3791:23:Attribute -> List:0 | U
3791:23:Name -> Inst:pandas.io.pytables.Table
3792:22:Name -> Const:str:'' | Const:str:''
3794:22:Call -> Const:str:''
3794:22:Attribute -> BM:builtins.str.join
3794:32:Attribute -> U
3794:32:Name -> U
3794:48:Attribute -> List:0 | U
3794:48:Name -> Inst:pandas.io.pytables.Table
3796:15:Attribute -> U
3796:15:Name -> Inst:pandas.io.pytables.Table
3797:21:Attribute -> U
3797:21:Name -> Inst:pandas.io.pytables.Table
3797:52:Attribute -> U
3797:52:Name -> Inst:pandas.io.pytables.Table
3798:22:Attribute -> U
3798:22:Name -> Inst:pandas.io.pytables.Table
3798:46:Name -> Const:str:''
3798:60:Name -> Const:str:',dc->[]' | Const:str:',dc->[]'
3801:29:Name -> Class:builtins.str
3803:17:Attribute -> Inst:itertools.chain
3803:17:Name -> Inst:pandas.io.pytables.Table
3804:15:Name -> U
3804:20:Attribute -> U
3804:20:Name -> U
3805:23:Name -> U
3810:11:Name -> U
3813:11:Attribute -> U
3813:11:Name -> U
3813:31:Attribute -> ERR
3813:31:Name -> Inst:pandas.io.pytables.Table
3814:18:Call -> ExcInst:builtins.TypeError
3814:18:Name -> Class:builtins.TypeError
3816:20:Attribute -> U
3816:20:Name -> U
3816:41:Attribute -> ERR
3816:41:Name -> Inst:pandas.io.pytables.Table
3820:17:Call -> List:0
3820:17:Name -> Func:builtins.getattr
3820:25:Name -> Inst:pandas.io.pytables.Table
3820:31:Name -> Const:str:'index_axes' | Const:str:'non_index_axes' | Const:str:'values_axes'
3821:17:Call -> U
3821:17:Name -> Func:builtins.getattr
3821:25:Name -> U
3821:32:Name -> Const:str:'index_axes' | Const:str:'non_index_axes' | Const:str:'values_axes'
3822:15:Name -> List:0
3822:21:Name -> U
3826:30:Call -> Inst:builtins.enumerate
3826:30:Name -> Class:builtins.enumerate
3826:40:Name -> List:0
3828:26:Name -> U
3828:29:Name -> U
3829:23:Name -> U
3829:30:Name -> U
3830:27:Name -> Const:str:'index_axes' | Const:str:'non_index_axes' | Const:str:'values_axes'
3830:50:Attribute -> U
3830:50:Name -> U
3830:62:Attribute -> U
3830:62:Name -> U
3831:34:Call -> ExcInst:builtins.ValueError
3831:34:Name -> Class:builtins.ValueError
3832:64:Attribute -> U
3832:64:Name -> U
3833:70:Attribute -> U
3833:70:Name -> U
3834:40:Attribute -> U
3834:40:Name -> U
3836:30:Call -> ExcInst:builtins.ValueError
3836:30:Name -> Class:builtins.ValueError
3837:55:Name -> Const:str:'index_axes' | Const:str:'non_index_axes' | Const:str:'values_axes'
3838:32:Name -> U
3838:57:Name -> U
3842:22:Call -> ExcInst:builtins.Exception
3842:22:Name -> Class:builtins.Exception
3843:47:Name -> Const:str:'index_axes' | Const:str:'non_index_axes' | Const:str:'values_axes'
3843:71:Name -> List:0
3844:38:Name -> U
3847:5:Name -> Class:builtins.property
3848:32:Name -> Class:builtins.bool
3850:15:Call -> ERR
3850:15:Name -> Func:builtins.isinstance
3850:26:Attribute -> U
3850:26:Name -> Inst:pandas.io.pytables.Table
3850:39:Name -> Class:builtins.list
3853:19:Name -> Class:pandas.core.frame.DataFrame
3853:31:Name -> Class:pandas.core.series.Series
3854:9:Name -> Class:builtins.tuple
3854:15:Name -> Class:pandas.core.frame.DataFrame
3854:26:Name -> Class:builtins.list
3854:31:Name -> Class:_collections_abc.Hashable
3859:17:Call -> U
3859:17:Attribute -> Func:pandas.core.common.fill_missing_names
3859:17:Name -> Module:pandas.core.common
3859:40:Attribute -> U
3859:40:Attribute -> U
3859:40:Name -> U
3860:22:Name -> U
3863:18:Call -> ExcInst:builtins.ValueError
3863:18:Name -> Class:builtins.ValueError
3868:24:Call -> U
3868:24:Attribute -> U
3868:24:Name -> U
3869:15:Name -> Class:builtins.ValueError
3870:18:Call -> ExcInst:builtins.ValueError
3870:18:Name -> Class:builtins.ValueError
3872:19:Name -> ExcInst:builtins.ValueError
3873:15:Call -> ERR
3873:15:Name -> Func:builtins.isinstance
3873:26:Name -> U
3873:37:Name -> Class:pandas.core.frame.DataFrame
3874:15:Name -> U
3874:26:Name -> U
3876:5:Name -> Class:builtins.property
3877:32:Name -> Class:builtins.int
3879:15:Call -> U
3879:15:Attribute -> U
3879:15:Name -> U
3879:24:Attribute -> U
3879:24:Attribute -> U
3879:24:Name -> U
3879:52:Attribute -> List:0 | U
3879:52:Name -> Inst:pandas.io.pytables.Table
3881:5:Name -> Class:builtins.property
3882:27:Name -> Class:builtins.bool
3884:26:Attribute -> U
3884:26:Name -> Inst:pandas.io.pytables.Table
3886:5:Name -> Class:builtins.property
3888:15:Call -> U
3888:15:Name -> Func:builtins.getattr
3888:23:Attribute -> U
3888:23:Name -> Inst:pandas.io.pytables.Table
3890:5:Name -> Class:builtins.property
3893:15:Attribute -> U
3893:15:Name -> Inst:pandas.io.pytables.Table
3895:5:Name -> Class:builtins.property
3897:15:Attribute -> U
3897:15:Attribute -> U
3897:15:Name -> Inst:pandas.io.pytables.Table
3899:5:Name -> Class:builtins.property
3901:15:Attribute -> U
3901:15:Attribute -> U
3901:15:Name -> Inst:pandas.io.pytables.Table
3903:5:Name -> Class:builtins.property
3904:22:Attribute -> Class:itertools.chain
3904:22:Name -> Module:itertools
3904:38:Name -> Class:pandas.io.pytables.IndexCol
3905:15:Call -> Inst:itertools.chain
3905:15:Attribute -> Class:itertools.chain
3905:15:Name -> Module:itertools
3905:31:Attribute -> List:0 | U
3905:31:Name -> Inst:pandas.io.pytables.Table
3905:48:Attribute -> List:0 | U
3905:48:Name -> Inst:pandas.io.pytables.Table
3907:5:Name -> Class:builtins.property
3908:23:Name -> Class:builtins.int
3910:15:Call -> ERR
3910:15:Name -> Func:builtins.sum
3910:19:Call -> ERR
3910:19:Name -> Func:builtins.len
3910:23:Attribute -> U
3910:23:Name -> U
3910:42:Attribute -> List:0 | U
3910:42:Name -> Inst:pandas.io.pytables.Table
3912:5:Name -> Class:builtins.property
3913:31:Name -> Class:builtins.bool
3916:5:Name -> Class:builtins.property
3917:34:Name -> Class:builtins.tuple
3917:40:Name -> Class:builtins.int
3919:15:Call -> Inst:builtins.tuple
3919:15:Name -> Class:builtins.tuple
3920:12:Call -> Inst:itertools.chain
3920:12:Attribute -> Class:itertools.chain
3920:12:Name -> Module:itertools
3921:17:Call -> Inst:builtins.int
3921:17:Name -> Class:builtins.int
3921:21:Name -> U
3921:36:Attribute -> List:0 | U
3921:36:Name -> Inst:pandas.io.pytables.Table
3922:17:Call -> Inst:builtins.int
3922:17:Name -> Class:builtins.int
3922:21:Attribute -> U
3922:21:Name -> U
3922:38:Attribute -> List:0 | U
3922:38:Name -> Inst:pandas.io.pytables.Table
3926:28:Name -> Class:builtins.dict
3926:33:Name -> Class:builtins.str
3926:38:Name -> Class:typing.Any
3932:15:Attribute -> U
3932:15:Name -> U
3932:24:Name -> U
3932:36:Attribute -> List:0 | U
3932:36:Name -> Inst:pandas.io.pytables.Table
3933:15:Name -> Dict:2
3933:26:Name -> U
3933:59:Attribute -> List:0 | U
3933:59:Name -> Inst:pandas.io.pytables.Table
3935:13:Attribute -> U
3935:13:Name -> U
3935:22:Name -> U
3935:34:Attribute -> List:0 | U
3935:34:Name -> Inst:pandas.io.pytables.Table
3935:54:Attribute -> U
3935:54:Name -> U
3935:64:Call -> Set:0
3935:64:Name -> Class:builtins.set
3935:68:Attribute -> List:0 | U
3935:68:Name -> Inst:pandas.io.pytables.Table
3938:15:Call -> Inst:builtins.dict
3938:15:Name -> Class:builtins.dict
3938:20:Name -> U
3938:25:Name -> U
3938:30:Name -> U
3940:28:Name -> Class:builtins.list
3940:33:Name -> Class:builtins.tuple
3940:39:Name -> Class:typing.Any
3940:44:Name -> Class:typing.Any
3943:17:Attribute -> U
3943:17:Name -> U
3943:25:Attribute -> U
3943:25:Name -> U
3943:43:Attribute -> List:0 | U
3943:43:Name -> Inst:pandas.io.pytables.Table
3945:29:Name -> Class:builtins.list
3945:34:Name -> Class:builtins.str
3947:16:Attribute -> U
3947:16:Name -> U
3947:33:Attribute -> List:0 | U
3947:33:Name -> Inst:pandas.io.pytables.Table
3949:38:Name -> Class:builtins.str
3949:46:Name -> Class:builtins.str
3951:16:Attribute -> U
3951:16:Attribute -> U
3951:16:Name -> Inst:pandas.io.pytables.Table
3952:18:Name -> U
3952:31:Name -> U
3954:34:Name -> Class:builtins.str
3954:47:Attribute -> Class:.ndarray
3954:47:Name -> U
3963:8:Call -> U
3963:8:Attribute -> U
3963:8:Attribute -> U
3963:8:Name -> Inst:pandas.io.pytables.Table
3964:12:Call -> Const:str:'Uninferable/meta/Uninferable/meta'
3964:12:Attribute -> BM:pandas.io.pytables.Table._get_metadata_path
3964:12:Name -> Inst:pandas.io.pytables.Table
3964:36:Name -> U
3965:12:Call -> Inst:pandas.core.series.Series
3965:12:Name -> Class:pandas.core.series.Series
3965:19:Name -> U
3967:21:Attribute -> U | Const:str:'UTF-8' | Const:str:'UTF-8'
3967:21:Name -> Inst:pandas.io.pytables.Table
3968:19:Attribute -> U | Const:str:'strict'
3968:19:Name -> Inst:pandas.io.pytables.Table
3969:20:Attribute -> Const:NoneType:None | U
3969:20:Name -> Inst:pandas.io.pytables.Table
3973:33:Name -> Class:builtins.str
3975:11:Call -> U
3975:11:Name -> Func:builtins.getattr
3975:19:Call -> U
3975:19:Name -> Func:builtins.getattr
3975:27:Attribute -> U
3975:27:Name -> Inst:pandas.io.pytables.Table
3975:54:Name -> U
3976:19:Call -> U
3976:19:Attribute -> U
3976:19:Attribute -> U
3976:19:Name -> Inst:pandas.io.pytables.Table
3976:38:Call -> Const:str:'Uninferable/meta/Uninferable/meta'
3976:38:Attribute -> BM:pandas.io.pytables.Table._get_metadata_path
3976:38:Name -> Inst:pandas.io.pytables.Table
3976:62:Name -> U
3981:8:Attribute -> U
3981:8:Name -> Inst:pandas.io.pytables.Table
3981:32:Call -> Const:str:''
3981:32:Name -> Class:builtins.str
3981:36:Attribute -> ERR
3981:36:Name -> Inst:pandas.io.pytables.Table
3982:8:Attribute -> U
3982:8:Name -> Inst:pandas.io.pytables.Table
3982:32:Call -> U
3982:32:Attribute -> BM:pandas.io.pytables.Table.index_cols
3982:32:Name -> Inst:pandas.io.pytables.Table
3983:8:Attribute -> U
3983:8:Name -> Inst:pandas.io.pytables.Table
3983:33:Call -> U
3983:33:Attribute -> BM:pandas.io.pytables.Table.values_cols
3983:33:Name -> Inst:pandas.io.pytables.Table
3984:8:Attribute -> U
3984:8:Name -> Inst:pandas.io.pytables.Table
3984:36:Attribute -> List:0 | U
3984:36:Name -> Inst:pandas.io.pytables.Table
3985:8:Attribute -> U
3985:8:Name -> Inst:pandas.io.pytables.Table
3985:34:Attribute -> List:0 | U
3985:34:Name -> Inst:pandas.io.pytables.Table
3986:8:Attribute -> U
3986:8:Name -> Inst:pandas.io.pytables.Table
3986:29:Attribute -> Const:NoneType:None | U
3986:29:Name -> Inst:pandas.io.pytables.Table
3987:8:Attribute -> U
3987:8:Name -> Inst:pandas.io.pytables.Table
3987:30:Attribute -> U | Const:str:'UTF-8' | Const:str:'UTF-8'
3987:30:Name -> Inst:pandas.io.pytables.Table
3988:8:Attribute -> U
3988:8:Name -> Inst:pandas.io.pytables.Table
3988:28:Attribute -> U | Const:str:'strict'
3988:28:Name -> Inst:pandas.io.pytables.Table
3989:8:Attribute -> U
3989:8:Name -> Inst:pandas.io.pytables.Table
3989:28:Attribute -> U
3989:28:Name -> Inst:pandas.io.pytables.Table
3990:8:Attribute -> U
3990:8:Name -> Inst:pandas.io.pytables.Table
3990:26:Attribute -> Dict:0 | U
3990:26:Name -> Inst:pandas.io.pytables.Table
3994:8:Name -> Inst:pandas.io.pytables.Table
3994:30:Call -> U
3994:30:Name -> Func:builtins.getattr
3994:38:Attribute -> U
3994:38:Name -> Inst:pandas.io.pytables.Table
3995:8:Name -> Inst:pandas.io.pytables.Table
3995:28:Call -> U
3995:28:Name -> Func:builtins.getattr
3995:36:Attribute -> U
3995:36:Name -> Inst:pandas.io.pytables.Table
3996:8:Name -> Inst:pandas.io.pytables.Table
3996:20:Call -> U
3996:20:Name -> Func:builtins.getattr
3996:28:Attribute -> U
3996:28:Name -> Inst:pandas.io.pytables.Table
3997:8:Name -> Inst:pandas.io.pytables.Table
3997:23:Call -> U
3997:23:Name -> Func:builtins.getattr
3997:31:Attribute -> U
3997:31:Name -> Inst:pandas.io.pytables.Table
3998:8:Name -> Inst:pandas.io.pytables.Table
3998:24:Call -> U | Const:str:'UTF-8'
3998:24:Name -> Func:pandas.io.pytables._ensure_encoding
3998:41:Call -> U
3998:41:Name -> Func:builtins.getattr
3998:49:Attribute -> U
3998:49:Name -> Inst:pandas.io.pytables.Table
3999:8:Name -> Inst:pandas.io.pytables.Table
3999:22:Call -> U
3999:22:Name -> Func:builtins.getattr
3999:30:Attribute -> U
3999:30:Name -> Inst:pandas.io.pytables.Table
4000:8:Name -> Inst:pandas.io.pytables.Table
4000:21:Name -> Class:builtins.list
4000:26:Name -> Class:_collections_abc.Hashable
4000:38:Call -> U
4000:38:Name -> Func:builtins.getattr
4000:46:Attribute -> U
4000:46:Name -> Inst:pandas.io.pytables.Table
4001:8:Name -> Inst:pandas.io.pytables.Table
4001:27:Name -> U
4001:38:Attribute -> List:0
4001:38:Name -> Inst:pandas.io.pytables.Table
4001:57:Attribute -> U
4001:57:Name -> U
4002:8:Name -> Inst:pandas.io.pytables.Table
4002:28:Name -> U
4002:39:Attribute -> List:0
4002:39:Name -> Inst:pandas.io.pytables.Table
4002:62:Attribute -> U
4002:62:Name -> U
4009:11:Name -> U
4011:15:Call -> ERR
4011:15:Name -> Func:builtins.isinstance
4011:26:Name -> U
4011:40:Name -> Class:builtins.dict
4014:12:Call -> Inst:builtins.dict
4014:12:Attribute -> BM:pandas.io.pytables.Table.queryables
4014:12:Name -> Inst:pandas.io.pytables.Table
4015:17:Name -> U
4017:15:Name -> U
4019:15:Name -> U
4019:24:Name -> Inst:builtins.dict
4020:22:Call -> ExcInst:builtins.ValueError
4020:22:Name -> Class:builtins.ValueError
4021:49:Name -> U
4025:5:Name -> Class:builtins.property
4030:15:Attribute -> U
4030:15:Name -> Inst:pandas.io.pytables.Table
4031:22:Attribute -> U
4031:22:Attribute -> U
4031:22:Name -> Inst:pandas.io.pytables.Table
4036:31:Call -> Inst:builtins.enumerate
4036:31:Name -> Class:builtins.enumerate
4036:41:Attribute -> U
4036:41:Attribute -> U
4036:41:Name -> Inst:pandas.io.pytables.Table
4037:19:Call -> U
4037:19:Name -> Func:builtins.getattr
4037:27:Name -> U
4037:33:Name -> U
4038:17:Call -> U | Const:NoneType:None
4038:17:Attribute -> BM:pandas.io.pytables.Table.read_metadata
4038:17:Name -> Inst:pandas.io.pytables.Table
4038:36:Name -> U
4039:33:Name -> U | Const:NoneType:None
4041:27:Name -> U
4042:19:Call -> U
4042:19:Name -> Func:builtins.getattr
4042:27:Name -> U
4042:40:Name -> Const:str:'Uninferable_kind'
4044:24:Call -> Inst:pandas.io.pytables.IndexCol
4044:24:Name -> Class:pandas.io.pytables.IndexCol
4045:21:Name -> U
4046:21:Name -> U
4047:20:Name -> U
4048:21:Name -> U
4049:20:Name -> U
4050:22:Attribute -> U
4050:22:Name -> Inst:pandas.io.pytables.Table
4051:21:Name -> Const:str:'category' | Const:NoneType:None
4052:25:Name -> U | Const:NoneType:None
4054:12:Call -> ERR
4054:12:Attribute -> BM:builtins.list.append
4054:12:Name -> List:0
4054:31:Name -> Inst:pandas.io.pytables.IndexCol
4057:13:Call -> Set:0
4057:13:Name -> Class:builtins.set
4057:17:Attribute -> List:0 | U
4057:17:Name -> Inst:pandas.io.pytables.Table
4058:19:Call -> Const:int:0
4058:19:Name -> Func:builtins.len
4058:23:Name -> List:0
4060:20:Name -> Class:builtins.str
4060:28:Name -> Class:pandas.io.pytables.DataCol
4061:19:Call -> ERR
4061:19:Name -> Func:builtins.isinstance
4061:30:Name -> U
4061:33:Name -> Class:builtins.str
4062:20:Name -> Class:pandas.io.pytables.DataCol
4063:15:Name -> U
4063:20:Name -> Set:0
4064:24:Name -> Class:pandas.io.pytables.DataIndexableCol
4066:19:Call -> U
4066:19:Name -> Func:builtins.getattr
4066:27:Name -> U
4066:33:Name -> U
4069:21:Call -> U
4069:21:Name -> Func:builtins.getattr
4069:29:Name -> U
4069:45:Name -> U
4070:20:Call -> U
4070:20:Name -> Func:builtins.getattr
4070:28:Name -> U
4070:44:Name -> U
4073:19:Call -> Const:str:'string' | Const:str:'float' | Const:str:'complex' | Const:str:'integer' | U | Const:str:'bool' | Const:str:'category' | Const:str:'integer' | Const:str:'object' | Const:str:'str'
4073:19:Name -> Func:pandas.io.pytables._dtype_to_kind
4073:34:Name -> U
4075:17:Call -> U | Const:NoneType:None
4075:17:Attribute -> BM:pandas.io.pytables.Table.read_metadata
4075:17:Name -> Inst:pandas.io.pytables.Table
4075:36:Name -> U
4078:19:Call -> U
4078:19:Name -> Func:builtins.getattr
4078:27:Name -> U
4078:43:Name -> U
4080:18:Call -> Inst:pandas.io.pytables.DataCol | Inst:pandas.io.pytables.DataIndexableCol
4080:18:Name -> Class:pandas.io.pytables.DataCol | Class:pandas.io.pytables.DataIndexableCol
4081:21:Name -> U
4082:22:Name -> U
4083:23:Name -> U
4084:21:Name -> Const:str:'string' | Const:str:'float' | Const:str:'complex' | Const:str:'integer' | U | Const:str:'bool' | Const:str:'category' | Const:str:'integer' | Const:str:'object' | Const:str:'str'
4085:20:Name -> Const:int:0
4085:31:Name -> U
4086:20:Name -> U
4087:22:Attribute -> U
4087:22:Name -> Inst:pandas.io.pytables.Table
4088:21:Name -> U
4089:25:Name -> U | Const:NoneType:None
4090:22:Name -> U
4092:19:Name -> Inst:pandas.io.pytables.DataCol | Inst:pandas.io.pytables.DataIndexableCol
4096:8:Call -> ERR
4096:8:Attribute -> BM:builtins.list.extend
4096:8:Name -> List:0
4096:28:Call -> Inst:pandas.io.pytables.DataCol | Inst:pandas.io.pytables.DataIndexableCol
4096:28:Name -> Func:pandas.io.pytables.Table.indexables.f
4096:30:Name -> U
4096:33:Name -> U
4096:48:Call -> Inst:builtins.enumerate
4096:48:Name -> Class:builtins.enumerate
4096:58:Attribute -> U
4096:58:Attribute -> U
4096:58:Name -> Inst:pandas.io.pytables.Table
4098:15:Name -> List:0
4101:49:Name -> Class:builtins.str
4130:15:Call -> Const:bool:False | Const:bool:True
4130:15:Attribute -> BM:pandas.io.pytables.Fixed.infer_axes
4130:15:Name -> Inst:pandas.io.pytables.Table
4132:11:Name -> Const:NoneType:None | U
4136:11:Name -> Const:NoneType:None | U
4136:30:Name -> Const:NoneType:None | U
4137:23:Attribute -> U
4137:23:Name -> U
4137:40:Attribute -> Inst:itertools.chain
4137:40:Name -> Inst:pandas.io.pytables.Table
4137:53:Attribute -> U
4137:53:Name -> U
4138:15:Call -> ERR
4138:15:Name -> Func:builtins.isinstance
4138:26:Name -> Const:NoneType:None | U
4138:36:Name -> Class:builtins.tuple
4138:43:Name -> Class:builtins.list
4139:23:Name -> Const:NoneType:None | U
4142:11:Name -> Const:NoneType:None | U
4143:12:Name -> Dict:0
4143:29:Name -> U
4144:11:Name -> Const:NoneType:None | U
4145:12:Name -> Dict:0
4145:25:Name -> U
4147:16:Attribute -> U
4147:16:Name -> Inst:pandas.io.pytables.Table
4148:17:Name -> Const:NoneType:None | U | List:1
4149:16:Call -> U
4149:16:Name -> Func:builtins.getattr
4149:24:Attribute -> U
4149:24:Name -> U
4149:36:Name -> Const:NoneType:None | U
4150:15:Name -> U
4152:19:Attribute -> U
4152:19:Name -> U
4153:28:Attribute -> U
4153:28:Name -> U
4154:35:Attribute -> U
4154:35:Name -> U
4155:31:Attribute -> U
4155:31:Name -> U
4157:23:Name -> Const:NoneType:None | U
4157:44:Name -> U
4157:56:Name -> Const:NoneType:None | U
4158:24:Call -> U
4158:24:Attribute -> U
4158:24:Name -> U
4160:24:Name -> Dict:0
4160:37:Name -> U
4162:23:Name -> Const:NoneType:None | U
4162:48:Name -> U
4162:64:Name -> Const:NoneType:None | U
4163:24:Call -> U
4163:24:Attribute -> U
4163:24:Name -> U
4165:24:Name -> Dict:0
4165:41:Name -> U
4168:23:Attribute -> U
4168:23:Name -> U
4169:23:Call -> U
4169:23:Attribute -> U
4169:23:Attribute -> U
4169:23:Name -> U
4170:30:Call -> ExcInst:builtins.TypeError
4170:30:Name -> Class:builtins.TypeError
4177:20:Call -> U
4177:20:Attribute -> U
4177:20:Name -> U
4177:37:Name -> Dict:0
4178:17:Name -> Const:NoneType:None | U
4178:22:Attribute -> List:0 | U
4178:22:Name -> Inst:pandas.io.pytables.Table
4180:22:Call -> ExcInst:builtins.AttributeError
4180:22:Name -> Class:builtins.AttributeError
4181:30:Name -> Const:NoneType:None | U
4182:47:Name -> Const:NoneType:None | U
4183:49:Name -> Const:NoneType:None | U
4187:28:Name -> Class:builtins.int
4187:53:Name -> Class:builtins.int
4188:9:Name -> Class:builtins.list
4188:14:Name -> Class:builtins.tuple
4188:20:Attribute -> Class:.ndarray
4188:20:Name -> U
4188:32:Attribute -> Class:.ndarray
4188:32:Name -> U
4188:46:Name -> Class:builtins.tuple
4188:52:Name -> Class:pandas.core.indexes.base.Index
4188:59:Name -> Class:pandas.core.indexes.base.Index
4203:20:Call -> Inst:pandas.io.pytables.Selection
4203:20:Name -> Class:pandas.io.pytables.Selection
4203:30:Name -> Inst:pandas.io.pytables.Table
4203:42:Name -> U
4203:55:Name -> Const:NoneType:None | U
4203:67:Name -> Const:NoneType:None | U
4204:17:Call -> U
4204:17:Attribute -> BM:pandas.io.pytables.Selection.select
4204:17:Name -> Inst:pandas.io.pytables.Selection
4208:17:Attribute -> Inst:itertools.chain
4208:17:Name -> Inst:pandas.io.pytables.Table
4209:12:Call -> U
4209:12:Attribute -> U
4209:12:Name -> U
4209:23:Attribute -> Dict:0 | U
4209:23:Name -> Inst:pandas.io.pytables.Table
4210:18:Call -> U
4210:18:Attribute -> U
4210:18:Name -> U
4211:16:Name -> U
4212:24:Attribute -> Const:NoneType:None | U
4212:24:Name -> Inst:pandas.io.pytables.Table
4213:25:Attribute -> U | Const:str:'UTF-8' | Const:str:'UTF-8'
4213:25:Name -> Inst:pandas.io.pytables.Table
4214:23:Attribute -> U | Const:str:'strict'
4214:23:Name -> Inst:pandas.io.pytables.Table
4216:12:Call -> ERR
4216:12:Attribute -> BM:builtins.list.append
4216:12:Name -> List:0
4216:27:Name -> U
4218:15:Name -> List:0
4220:5:Name -> Class:builtins.classmethod
4221:41:Name -> Class:builtins.bool
4223:15:Name -> U
4225:83:Name -> Class:builtins.list
4230:15:Call -> ERR
4230:15:Name -> Func:builtins.len
4230:19:Name -> U
4233:28:Name -> U
4234:15:Call -> U
4234:15:Attribute -> BM:builtins.dict.get | U
4234:15:Attribute -> Dict:0 | U
4234:15:Name -> Inst:pandas.io.pytables.Table
4234:29:Name -> U
4235:11:Call -> U
4235:11:Attribute -> U
4235:11:Name -> U
4236:15:Name -> U
4237:22:Call -> ExcInst:builtins.ValueError
4237:22:Name -> Class:builtins.ValueError
4238:57:Name -> U
4239:36:Name -> U
4241:15:Call -> ERR
4241:15:Name -> Func:builtins.isinstance
4241:26:Name -> U
4241:40:Name -> Class:builtins.dict
4242:27:Name -> U
4242:38:Name -> U
4242:54:Name -> U
4243:19:Name -> U
4244:26:Call -> ExcInst:builtins.ValueError
4244:26:Name -> Class:builtins.ValueError
4245:56:Name -> U
4246:28:Name -> U
4255:11:Name -> U
4256:27:Call -> Inst:builtins.list
4256:27:Name -> Class:builtins.list
4256:32:Name -> U
4257:13:Name -> U
4261:11:Call -> ERR
4261:11:Name -> Func:builtins.isinstance
4261:22:Name -> U
4261:36:Name -> Class:builtins.dict
4262:36:Call -> Inst:builtins.set
4262:36:Name -> Class:builtins.set
4262:40:Name -> U | Inst:builtins.list | List:0
4263:27:Call -> Inst:builtins.list
4263:27:Name -> Class:builtins.list
4263:32:Name -> U | Inst:builtins.list | List:0
4264:12:Call -> ERR
4264:12:Attribute -> BM:builtins.list.extend
4264:12:Name -> Inst:builtins.list
4266:20:Name -> U
4267:29:Call -> U
4267:29:Attribute -> U
4267:29:Name -> U
4268:23:Name -> U
4268:41:Name -> U
4268:50:Name -> Inst:builtins.set
4273:16:Name -> U
4273:27:Name -> U | Inst:builtins.list | List:0
4273:43:Name -> U
4273:48:Name -> U
4278:13:Name -> Class:pandas.core.frame.DataFrame
4279:18:Name -> Class:builtins.bool
4307:15:Call -> ERR
4307:15:Name -> Func:builtins.isinstance
4307:26:Name -> U
4307:31:Name -> Class:pandas.core.frame.DataFrame
4308:20:Attribute -> U
4308:20:Attribute -> U
4308:20:Name -> Inst:pandas.io.pytables.Table
4309:18:Call -> ExcInst:builtins.TypeError
4309:18:Name -> Class:builtins.TypeError
4310:66:Name -> U
4311:26:Call -> U
4311:26:Name -> Class:builtins.type
4311:31:Name -> U
4315:11:Name -> U
4319:16:Call -> U
4319:16:Attribute -> U
4319:16:Name -> U
4319:37:Name -> Const:int:0
4319:49:Name -> U | List:1
4322:11:Call -> Const:bool:False | Const:bool:True
4322:11:Attribute -> BM:pandas.io.pytables.Fixed.infer_axes
4322:11:Name -> Inst:pandas.io.pytables.Table
4324:20:Attribute -> U
4324:20:Name -> U
4324:36:Attribute -> List:0 | U
4324:36:Name -> Inst:pandas.io.pytables.Table
4325:27:Call -> List:0
4325:27:Name -> Class:builtins.list
4325:32:Attribute -> List:0 | U
4325:32:Name -> Inst:pandas.io.pytables.Table
4326:22:Attribute -> Const:NoneType:None | U
4326:22:Name -> Inst:pandas.io.pytables.Table
4331:19:Attribute -> Dict:0 | U
4331:19:Name -> Inst:pandas.io.pytables.Table
4333:15:Attribute -> ERR
4333:15:Name -> Inst:pandas.io.pytables.Table
4335:11:Call -> ERR
4335:11:Name -> Func:builtins.len
4335:15:Name -> U
4335:24:Attribute -> ERR
4335:24:Name -> Inst:pandas.io.pytables.Table
4336:18:Call -> ExcInst:builtins.ValueError
4336:18:Name -> Class:builtins.ValueError
4341:28:Name -> Class:builtins.list
4344:11:Name -> Const:NoneType:None | U | Const:NoneType:None
4348:14:Call -> ERR
4348:14:Name -> Func:builtins.next
4348:19:Name -> Const:int:0 | Const:int:1
4348:40:Name -> Const:int:0 | Const:int:1
4348:49:Name -> U
4350:12:Attribute -> U
4350:12:Name -> U
4350:21:Name -> U
4352:22:Call -> Inst:builtins.list
4352:22:Name -> Class:builtins.list
4352:27:Name -> U
4353:11:Name -> Const:bool:True | Const:bool:False
4354:22:Call -> Const:int:0
4354:22:Name -> Func:builtins.len
4354:26:Name -> List:0
4355:25:Attribute -> List:0 | U
4355:25:Name -> Inst:pandas.io.pytables.Table
4355:45:Name -> Const:int:0
4356:19:Call -> Const:bool:False | U | Const:NoneType:None | Const:NoneType:None | Const:NoneType:None | Const:bool:False | Const:bool:False | Const:bool:False | Const:bool:False | Const:bool:False | Const:bool:False | Const:bool:False
4356:19:Name -> Func:pandas.core.dtypes.missing.array_equivalent
4357:16:Call -> Inst:.ndarray
4357:16:Attribute -> Func:.array
4357:16:Name -> U
4357:25:Name -> Inst:builtins.list
4358:16:Call -> Inst:.ndarray
4358:16:Attribute -> Func:.array
4358:16:Name -> U
4358:25:Name -> U
4363:19:Call -> Const:bool:False | U | Const:NoneType:None | Const:NoneType:None | Const:NoneType:None | Const:bool:False | Const:bool:False | Const:bool:False | Const:bool:False | Const:bool:False | Const:bool:False | Const:bool:False
4363:19:Name -> Func:pandas.core.dtypes.missing.array_equivalent
4364:20:Call -> Inst:.ndarray
4364:20:Attribute -> Func:.array
4364:20:Name -> U
4364:29:Call -> ERR
4364:29:Name -> Func:builtins.sorted
4364:36:Name -> Inst:builtins.list
4365:20:Call -> Inst:.ndarray
4365:20:Attribute -> Func:.array
4365:20:Name -> U
4365:29:Call -> ERR
4365:29:Name -> Func:builtins.sorted
4365:36:Name -> U
4369:34:Name -> U
4372:15:Call -> U
4372:15:Attribute -> BM:builtins.dict.setdefault | U
4372:15:Name -> Dict:0 | U
4372:35:Name -> U
4373:8:Name -> U
4373:24:Call -> Inst:builtins.list
4373:24:Name -> Class:builtins.list
4373:29:Attribute -> U
4373:29:Name -> U
4374:8:Name -> U
4374:23:Attribute -> U
4374:23:Call -> U
4374:23:Name -> Class:builtins.type
4374:28:Name -> U
4376:8:Call -> ERR
4376:8:Attribute -> BM:builtins.list.append
4376:8:Name -> List:0
4376:35:Name -> U
4376:40:Name -> Inst:builtins.list | U
4379:14:Name -> U
4380:12:Attribute -> U
4380:12:Name -> U
4380:21:Name -> U
4381:20:Call -> U
4381:20:Attribute -> U
4381:20:Name -> U
4381:39:Name -> U
4382:20:Call -> Inst:pandas.io.pytables.IndexCol
4382:20:Name -> Func:pandas.io.pytables._convert_index
4382:35:Name -> U
4382:46:Name -> U
4382:49:Attribute -> U | Const:str:'UTF-8' | Const:str:'UTF-8'
4382:49:Name -> Inst:pandas.io.pytables.Table
4382:64:Attribute -> U | Const:str:'strict'
4382:64:Name -> Inst:pandas.io.pytables.Table
4383:8:Name -> Inst:pandas.io.pytables.IndexCol
4383:25:Name -> U
4387:8:Call -> Const:NoneType:None
4387:8:Attribute -> BM:pandas.io.pytables.IndexCol.set_pos
4387:8:Name -> Inst:pandas.io.pytables.IndexCol
4388:8:Call -> Const:NoneType:None
4388:8:Attribute -> BM:pandas.io.pytables.IndexCol.update_info
4388:8:Name -> Inst:pandas.io.pytables.IndexCol
4388:30:Name -> Dict:0 | U
4389:8:Call -> Const:NoneType:None
4389:8:Attribute -> BM:pandas.io.pytables.IndexCol.maybe_set_size
4389:8:Name -> Inst:pandas.io.pytables.IndexCol
4389:33:Name -> Const:NoneType:None | U
4391:26:Name -> Inst:pandas.io.pytables.IndexCol
4392:12:Call -> Const:int:1
4392:12:Name -> Func:builtins.len
4392:16:Name -> List:1
4393:15:Name -> Const:int:1
4396:15:Call -> Const:int:0
4396:15:Name -> Func:builtins.len
4396:19:Name -> List:0
4397:17:Name -> List:0
4398:18:Call -> U
4398:18:Name -> Func:pandas.io.pytables._reindex_axis
4398:32:Name -> U
4398:37:Name -> U
4398:43:Name -> U
4400:21:Attribute -> Const:NoneType:None | U
4400:21:Name -> Inst:pandas.io.pytables.IndexCol
4403:23:Call -> List:0 | U
4403:23:Attribute -> BM:pandas.io.pytables.Table.validate_data_columns
4403:23:Name -> Inst:pandas.io.pytables.Table
4404:12:Name -> Const:NoneType:None | U | List:0
4404:26:Name -> Const:NoneType:None | U
4404:40:Name -> List:0
4407:11:Attribute -> U
4407:11:Name -> Inst:pandas.io.pytables.IndexCol
4407:30:Name -> List:0 | U
4411:18:Call -> ExcInst:builtins.ValueError
4411:18:Name -> Class:builtins.ValueError
4412:45:Attribute -> U
4412:45:Name -> Inst:pandas.io.pytables.IndexCol
4413:32:Attribute -> U
4413:32:Name -> Inst:pandas.io.pytables.IndexCol
4417:16:Call -> U
4417:16:Attribute -> U
4417:16:Call -> U
4417:16:Attribute -> BM:pandas.io.pytables.Table.get_object
4417:16:Name -> Inst:pandas.io.pytables.Table
4417:32:Name -> U
4417:37:Name -> U
4419:28:Call -> Tuple:2
4419:28:Attribute -> Func:pandas.io.pytables.Table._get_blocks_and_items
4419:28:Name -> Inst:pandas.io.pytables.Table
4420:12:Name -> U
4420:19:Name -> Const:bool:True | Const:bool:False
4420:33:Name -> List:0
4420:53:Attribute -> List:0 | U
4420:53:Name -> Inst:pandas.io.pytables.Table
4420:71:Name -> List:0 | U
4425:33:Call -> Inst:builtins.enumerate
4425:33:Name -> Class:builtins.enumerate
4425:43:Call -> Inst:builtins.zip
4425:43:Name -> Class:builtins.zip
4425:47:Name -> Inst:builtins.list | List:0
4425:55:Name -> U | List:0
4427:20:Name -> Class:pandas.io.pytables.DataCol
4431:15:Name -> List:0 | List:0 | U
4431:32:Call -> ERR
4431:32:Name -> Func:builtins.len
4431:36:Name -> U
4431:54:Name -> U
4431:68:Name -> List:0 | List:0 | U
4432:24:Name -> Class:pandas.io.pytables.DataIndexableCol
4433:23:Name -> U
4434:24:Name -> U
4434:40:Call -> ERR
4434:40:Name -> Func:builtins.isinstance
4434:51:Name -> U
4434:57:Name -> Class:builtins.str
4436:26:Call -> ExcInst:builtins.ValueError
4436:26:Name -> Class:builtins.ValueError
4440:26:Name -> Class:pandas.io.pytables.DataCol
4442:15:Name -> Const:bool:True | Const:bool:False
4442:32:Name -> Const:bool:True | U
4444:35:Attribute -> List:0 | U
4444:35:Name -> Inst:pandas.io.pytables.Table
4444:52:Name -> U
4445:24:Name -> Class:builtins.IndexError
4445:36:Name -> Class:builtins.KeyError
4446:26:Call -> ExcInst:builtins.ValueError
4446:26:Name -> Class:builtins.ValueError
4447:56:Name -> Inst:builtins.list | List:0
4448:48:Attribute -> List:0 | U
4448:48:Name -> Inst:pandas.io.pytables.Table
4449:27:Name -> ExcInst:builtins.IndexError | ExcInst:builtins.KeyError
4453:23:Name -> Const:NoneType:None | U
4453:47:Name -> U
4454:29:Call -> U
4454:29:Name -> Func:pandas.io.pytables._maybe_convert_for_string_atom
4455:16:Name -> Const:str:'values_block_Uninferable' | U
4456:16:Attribute -> U
4456:16:Name -> U
4457:29:Name -> U | Const:NoneType:None
4458:29:Name -> Const:NoneType:None | U
4459:24:Name -> Const:NoneType:None | U | Const:NoneType:None | Const:str:'nan'
4460:25:Attribute -> U | Const:str:'UTF-8' | Const:str:'UTF-8'
4460:25:Name -> Inst:pandas.io.pytables.Table
4461:23:Attribute -> U | Const:str:'strict'
4461:23:Name -> Inst:pandas.io.pytables.Table
4462:24:Name -> U
4465:18:Call -> U
4465:18:Attribute -> BM:pandas.io.pytables.DataCol._get_atom | U
4465:18:Name -> Class:pandas.io.pytables.DataCol | Class:pandas.io.pytables.DataIndexableCol
4465:34:Name -> U
4466:19:Call -> Const:str:'string' | Const:str:'float' | Const:str:'complex' | Const:str:'integer' | U | Const:str:'bool' | Const:str:'category' | Const:str:'integer' | Const:str:'object' | Const:str:'str'
4466:19:Name -> Func:pandas.io.pytables._dtype_to_kind
4466:34:Attribute -> U
4466:34:Attribute -> U
4466:34:Name -> U
4468:15:Call -> U
4468:15:Name -> Func:builtins.getattr
4468:23:Name -> U
4469:21:Call -> Const:NoneType:None
4469:21:Name -> Func:pandas.io.pytables._get_tz
4469:29:Attribute -> U
4469:29:Name -> U
4472:15:Call -> ERR
4472:15:Name -> Func:builtins.isinstance
4472:26:Attribute -> U
4472:26:Name -> U
4472:48:Name -> Class:pandas.core.dtypes.dtypes.CategoricalDtype
4473:26:Attribute -> U
4473:26:Name -> U
4475:27:Call -> U
4475:27:Attribute -> U
4475:27:Call -> U
4475:27:Attribute -> U
4475:27:Name -> U
4475:38:Attribute -> U
4475:38:Name -> U
4476:17:Call -> ERR
4476:17:Name -> Func:builtins.isinstance
4476:28:Attribute -> U
4476:28:Name -> U
4476:39:Name -> Class:pandas.core.arrays.string_.StringDtype
4477:23:Call -> Const:str:''
4477:23:Name -> Class:builtins.str
4477:27:Attribute -> U
4477:27:Name -> U
4479:31:Call -> Tuple:2
4479:31:Name -> Func:pandas.io.pytables._get_data_and_dtype_name
4479:56:Name -> U
4481:18:Call -> Inst:pandas.io.pytables.DataCol | Inst:pandas.io.pytables.DataIndexableCol
4481:18:Name -> Class:pandas.io.pytables.DataCol | Class:pandas.io.pytables.DataIndexableCol
4482:21:Name -> Const:str:'values_block_Uninferable' | U
4483:22:Name -> Const:str:'values_block_Uninferable' | U
4484:23:Call -> Inst:builtins.list
4484:23:Name -> Class:builtins.list
4484:28:Name -> U
4485:20:Name -> U
4486:20:Name -> Const:int:1
4487:21:Name -> Const:str:'string' | Const:str:'float' | Const:str:'complex' | Const:str:'integer' | U | Const:str:'bool' | Const:str:'category' | Const:str:'integer' | Const:str:'object' | Const:str:'str'
4488:19:Name -> Const:NoneType:None | Const:NoneType:None
4489:24:Name -> Const:NoneType:None | U
4490:21:Name -> Const:NoneType:None | Const:str:'category' | Const:str:''
4491:25:Name -> Const:NoneType:None | U
4492:22:Name -> Const:str:'datetime64[Uninferable]' | U
4493:21:Name -> U
4495:12:Call -> Const:NoneType:None | Const:NoneType:None
4495:12:Attribute -> BM:pandas.io.pytables.IndexCol.update_info | BM:pandas.io.pytables.IndexCol.update_info
4495:12:Name -> Inst:pandas.io.pytables.DataCol | Inst:pandas.io.pytables.DataIndexableCol
4495:28:Name -> Dict:0 | U
4497:12:Call -> ERR
4497:12:Attribute -> BM:builtins.list.append
4497:12:Name -> List:0
4497:25:Name -> Inst:pandas.io.pytables.DataCol | Inst:pandas.io.pytables.DataIndexableCol
4501:15:Attribute -> U
4501:15:Name -> U
4501:35:Name -> List:0
4501:44:Attribute -> U
4501:44:Name -> U
4503:20:Call -> Inst:pandas.io.pytables.Table
4503:20:Call -> Class:pandas.io.pytables.Table
4503:20:Name -> Class:builtins.type
4503:25:Name -> Inst:pandas.io.pytables.Table
4504:19:Attribute -> U
4504:19:Name -> Inst:pandas.io.pytables.Table
4505:18:Attribute -> U
4505:18:Name -> Inst:pandas.io.pytables.Table
4506:21:Attribute -> U | Const:str:'UTF-8' | Const:str:'UTF-8'
4506:21:Name -> Inst:pandas.io.pytables.Table
4507:19:Attribute -> U | Const:str:'strict'
4507:19:Name -> Inst:pandas.io.pytables.Table
4508:23:Name -> List:1
4509:27:Name -> List:0
4510:24:Name -> List:0
4511:25:Name -> U
4512:17:Name -> Dict:0 | U
4513:20:Name -> Const:NoneType:None | U | Const:NoneType:None | Const:str:'nan'
4515:11:Call -> Const:bool:True
4515:11:Name -> Func:builtins.hasattr
4515:19:Name -> Inst:pandas.io.pytables.Table
4517:12:Name -> Inst:pandas.io.pytables.Table
4517:31:Attribute -> U
4517:31:Name -> Inst:pandas.io.pytables.Table
4519:8:Call -> Const:NoneType:None | Const:NoneType:None
4519:8:Attribute -> BM:pandas.io.pytables.Table.validate_min_itemsize
4519:8:Name -> Inst:pandas.io.pytables.Table
4519:40:Name -> Const:NoneType:None | U
4521:11:Name -> Const:bool:True | U
4521:24:Name -> Const:bool:True | Const:bool:False
4522:12:Call -> Const:NoneType:None
4522:12:Attribute -> BM:pandas.io.pytables.Table.validate
4522:12:Name -> Inst:pandas.io.pytables.Table
4522:31:Name -> Inst:pandas.io.pytables.Table
4524:15:Name -> Inst:pandas.io.pytables.Table
4526:5:Name -> Class:builtins.staticmethod
4528:15:Name -> Class:pandas.core.frame.DataFrame
4529:22:Name -> Class:builtins.bool
4536:20:Call -> U
4536:20:Attribute -> U
4536:20:Attribute -> U
4536:20:Name -> U
4536:35:Attribute -> U
4536:35:Name -> U
4536:60:Attribute -> U
4536:60:Name -> U
4538:14:Attribute -> U
4538:14:Name -> U
4539:16:Name -> Class:builtins.list
4539:21:Name -> U
4539:30:Call -> Inst:builtins.list
4539:30:Name -> Class:builtins.list
4539:35:Attribute -> U
4539:35:Name -> U
4540:19:Name -> Class:builtins.list
4540:24:Name -> Class:pandas.core.indexes.base.Index
4540:33:Call -> U
4540:33:Name -> Func:pandas.io.pytables.Table._get_blocks_and_items.get_blk_items
4540:47:Name -> U
4542:11:Call -> ERR
4542:11:Name -> Func:builtins.len
4542:15:Name -> U
4547:32:Name -> U
4548:25:Call -> U
4548:25:Attribute -> BM:pandas.core.indexes.base.Index.difference
4548:25:Call -> Inst:pandas.core.indexes.base.Index
4548:25:Name -> Class:pandas.core.indexes.base.Index
4548:31:Name -> U
4548:55:Call -> Inst:pandas.core.indexes.base.Index
4548:55:Name -> Class:pandas.core.indexes.base.Index
4548:61:Name -> U
4549:18:Attribute -> U
4549:18:Call -> U
4549:18:Attribute -> U
4549:18:Name -> U
4549:32:Name -> U
4549:49:Name -> U
4551:21:Call -> Inst:builtins.list
4551:21:Name -> Class:builtins.list
4551:26:Attribute -> U
4551:26:Name -> U
4552:24:Call -> U
4552:24:Name -> Func:pandas.io.pytables.Table._get_blocks_and_items.get_blk_items
4552:38:Name -> U
4553:21:Name -> U
4557:22:Attribute -> U
4557:22:Call -> U
4557:22:Attribute -> U
4557:22:Name -> U
4557:37:Name -> U
4557:46:Name -> U
4558:16:Call -> ERR
4558:16:Attribute -> BM:builtins.list.extend
4558:16:Name -> Inst:builtins.list
4558:30:Attribute -> U
4558:30:Name -> U
4559:16:Call -> U
4559:16:Attribute -> U
4559:16:Name -> U
4559:33:Call -> U
4559:33:Name -> Func:pandas.io.pytables.Table._get_blocks_and_items.get_blk_items
4559:47:Name -> U
4562:11:Name -> U
4564:16:Call -> Inst:builtins.tuple
4564:16:Name -> Class:builtins.tuple
4564:22:Call -> U
4564:22:Attribute -> U
4564:22:Name -> U
4564:42:Name -> U
4564:45:Name -> U
4565:34:Call -> Inst:builtins.zip
4565:34:Name -> Class:builtins.zip
4565:38:Name -> Inst:builtins.list
4565:46:Name -> U
4567:24:Name -> Class:builtins.list
4567:29:Name -> U
4569:22:Name -> U
4570:24:Call -> Inst:builtins.tuple
4570:24:Name -> Class:builtins.tuple
4570:30:Attribute -> U
4570:30:Name -> U
4572:33:Call -> U
4572:33:Attribute -> U
4572:33:Name -> U
4572:46:Name -> Inst:builtins.tuple
4573:20:Call -> ERR
4573:20:Attribute -> BM:builtins.list.append
4573:20:Name -> List:0
4573:38:Name -> U
4574:20:Call -> ERR
4574:20:Attribute -> BM:builtins.list.append
4574:20:Name -> List:0
4574:41:Name -> U
4575:24:Name -> Class:builtins.IndexError
4575:36:Name -> Class:builtins.KeyError
4576:29:Call -> Const:str:''
4576:29:Attribute -> BM:builtins.str.join
4576:39:Call -> Const:str:'' | Const:str:'' | Const:str:'' | Const:str:"''" | Const:str:"''" | Const:str:'{, ...}' | Const:str:'{}' | Const:str:'' | U
4576:39:Name -> Func:pandas.io.formats.printing.pprint_thing
4576:52:Name -> U
4576:70:Name -> Inst:builtins.tuple
4577:26:Call -> ExcInst:builtins.ValueError
4577:26:Name -> Class:builtins.ValueError
4578:70:Name -> Const:str:''
4580:27:Name -> ExcInst:builtins.IndexError | ExcInst:builtins.KeyError
4581:21:Name -> List:0
4582:24:Name -> List:0
4584:15:Name -> Inst:builtins.list | List:0
4584:23:Name -> U | List:0
4586:43:Name -> Class:pandas.io.pytables.Selection
4586:71:Name -> Class:pandas.core.frame.DataFrame
4589:11:Name -> Const:NoneType:None | U
4590:22:Call -> Inst:builtins.list
4590:22:Name -> Class:builtins.list
4590:27:Name -> U
4593:11:Name -> Const:NoneType:None | U | Inst:builtins.list
4593:35:Attribute -> U
4593:35:Name -> Inst:pandas.io.pytables.Table
4594:19:Call -> ERR
4594:19:Name -> Func:builtins.isinstance
4594:30:Attribute -> U
4594:30:Name -> Inst:pandas.io.pytables.Table
4594:43:Name -> Class:builtins.list
4595:21:Attribute -> U
4595:21:Name -> Inst:pandas.io.pytables.Table
4596:19:Name -> U
4596:28:Name -> Const:NoneType:None | U | Inst:builtins.list
4597:20:Call -> U
4597:20:Attribute -> U | BM:builtins.list.insert
4597:20:Name -> Const:NoneType:None | U | Inst:builtins.list
4597:38:Name -> U
4600:28:Attribute -> List:0 | U
4600:28:Name -> Inst:pandas.io.pytables.Table
4601:18:Call -> U
4601:18:Name -> Func:pandas.io.pytables._reindex_axis
4601:32:Name -> U
4601:37:Name -> U
4601:43:Name -> U
4601:51:Name -> Const:NoneType:None | U | Inst:builtins.list
4604:33:Attribute -> U
4604:33:Name -> U
4605:34:Call -> U
4605:34:Attribute -> U
4605:34:Name -> U
4605:55:Name -> U
4606:34:Call -> U
4606:34:Attribute -> U
4606:34:Name -> U
4606:48:Name -> U
4607:27:Name -> U
4610:23:Name -> U
4610:32:Name -> U
4613:27:Attribute -> U
4613:27:Name -> Inst:pandas.io.pytables.Table
4614:35:Call -> U
4614:35:Attribute -> U
4614:35:Name -> U
4614:46:Call -> Inst:pandas.core.indexes.base.Index
4614:46:Name -> Class:pandas.core.indexes.base.Index
4614:52:Attribute -> U
4614:52:Name -> Inst:pandas.io.pytables.Table
4616:33:Call -> U
4616:33:Name -> U
4616:36:Name -> U
4616:49:Name -> U
4617:31:Call -> U
4617:31:Attribute -> U
4617:31:Name -> U
4617:44:Name -> U
4617:57:Name -> U
4620:25:Name -> U
4620:34:Name -> U
4622:33:Call -> U | Inst:pandas.core.indexes.base.Index | Inst:pandas.core.indexes.multi.MultiIndex
4622:33:Name -> Func:pandas.core.indexes.base.ensure_index
4622:46:Attribute -> U
4622:46:Call -> U
4622:46:Name -> Func:builtins.getattr
4622:54:Name -> U
4622:59:Name -> U
4623:31:Call -> U | Inst:pandas.core.indexes.base.Index | Inst:pandas.core.indexes.multi.MultiIndex
4623:31:Name -> Func:pandas.core.indexes.base.ensure_index
4623:44:Name -> U
4626:27:Call -> ERR
4626:27:Name -> Func:builtins.isinstance
4626:38:Name -> U
4626:43:Name -> Class:pandas.core.frame.DataFrame
4627:46:Name -> U
4629:33:Call -> U
4629:33:Name -> U
4629:36:Name -> U | Inst:pandas.core.indexes.base.Index | Inst:pandas.core.indexes.multi.MultiIndex
4629:44:Name -> U | Inst:pandas.core.indexes.base.Index | Inst:pandas.core.indexes.multi.MultiIndex
4630:31:Call -> U
4630:31:Attribute -> U
4630:31:Name -> U
4630:44:Name -> U
4630:57:Name -> U
4632:22:Call -> ExcInst:builtins.ValueError
4632:22:Name -> Class:builtins.ValueError
4632:59:Name -> U
4635:11:Attribute -> U
4635:11:Name -> U
4636:35:Call -> U
4636:35:Attribute -> U
4636:35:Attribute -> U
4636:35:Name -> U
4637:22:Call -> U
4637:22:Name -> Func:pandas.io.pytables.Table.process_axes.process_filter
4637:37:Name -> U
4637:44:Name -> U
4637:50:Name -> U
4639:15:Name -> U
4644:19:Name -> Class:builtins.int
4645:20:Name -> Class:builtins.bool
4646:22:Name -> Class:builtins.int
4647:9:Name -> Class:builtins.dict
4647:14:Name -> Class:builtins.str
4647:19:Name -> Class:typing.Any
4650:11:Name -> U
4651:27:Call -> ERR
4651:27:Name -> Func:builtins.max
4651:31:Attribute -> U
4651:31:Name -> Inst:pandas.io.pytables.Table
4653:46:Name -> U
4656:8:Name -> Dict:2
4656:28:Attribute -> U
4656:28:Name -> U
4656:37:Attribute -> U
4656:37:Name -> U
4656:52:Attribute -> Inst:itertools.chain
4656:52:Name -> Inst:pandas.io.pytables.Table
4658:11:Name -> U
4659:15:Name -> U
4660:28:Attribute -> U
4660:28:Name -> Inst:pandas.io.pytables.Table
4661:22:Call -> U
4661:22:Attribute -> U
4661:22:Call -> Const:NoneType:None | U
4661:22:Name -> Func:pandas.io.pytables._tables
4662:26:Name -> U
4663:24:Name -> U
4664:27:Name -> U
4664:41:Attribute -> U
4664:41:Name -> Inst:pandas.io.pytables.Table
4666:12:Name -> Dict:2
4666:27:Name -> U
4667:13:Attribute -> U
4667:13:Name -> Inst:pandas.io.pytables.Table
4668:12:Name -> Dict:2
4668:27:Attribute -> U
4668:27:Name -> Inst:pandas.io.pytables.Table
4670:15:Name -> Dict:2
4673:33:Name -> Class:builtins.int
4673:58:Name -> Class:builtins.int
4680:15:Call -> Const:bool:False | Const:bool:True
4680:15:Attribute -> BM:pandas.io.pytables.Fixed.infer_axes
4680:15:Name -> Inst:pandas.io.pytables.Table
4684:20:Call -> Inst:pandas.io.pytables.Selection
4684:20:Name -> Class:pandas.io.pytables.Selection
4684:30:Name -> Inst:pandas.io.pytables.Table
4684:42:Name -> Const:NoneType:None | U
4684:55:Name -> Const:NoneType:None | U
4684:67:Name -> Const:NoneType:None | U
4685:17:Call -> U
4685:17:Attribute -> BM:pandas.io.pytables.Selection.select_coords
4685:17:Name -> Inst:pandas.io.pytables.Selection
4687:15:Call -> Inst:pandas.core.indexes.base.Index
4687:15:Name -> Class:pandas.core.indexes.base.Index
4687:21:Name -> U
4689:47:Name -> Class:builtins.bool
4698:15:Attribute -> List:0 | U
4698:15:Name -> Inst:pandas.io.pytables.Table
4701:20:Call -> Inst:pandas.io.pytables.Selection
4701:20:Name -> Class:pandas.io.pytables.Selection
4701:30:Name -> Inst:pandas.io.pytables.Table
4701:42:Name -> U
4702:11:Attribute -> Const:NoneType:None | U
4702:11:Name -> Inst:pandas.io.pytables.Selection
4707:29:Attribute -> U
4707:29:Name -> U
4707:45:Attribute -> Inst:itertools.chain
4707:45:Name -> Inst:pandas.io.pytables.Table
4708:15:Call -> ERR
4708:15:Name -> Func:builtins.any
4709:12:Name -> U
4709:25:Name -> U
4710:37:Call -> U
4710:37:Attribute -> U
4710:37:Attribute -> Const:NoneType:None | U
4710:37:Name -> Inst:pandas.io.pytables.Selection
4715:16:Name -> Class:builtins.str
4717:15:Name -> Class:builtins.int
4718:14:Name -> Class:builtins.int
4725:15:Call -> Const:bool:False | Const:bool:True
4725:15:Attribute -> BM:pandas.io.pytables.Fixed.infer_axes
4725:15:Name -> Inst:pandas.io.pytables.Table
4728:11:Name -> Const:NoneType:None | U
4729:18:Call -> ExcInst:builtins.TypeError
4729:18:Name -> Class:builtins.TypeError
4732:17:Attribute -> Inst:itertools.chain
4732:17:Name -> Inst:pandas.io.pytables.Table
4733:15:Name -> U
4733:25:Attribute -> U
4733:25:Name -> U
4734:23:Attribute -> U
4734:23:Name -> U
4735:26:Call -> ExcInst:builtins.ValueError
4735:26:Name -> Class:builtins.ValueError
4736:35:Name -> U
4741:20:Call -> U
4741:20:Name -> Func:builtins.getattr
4741:28:Attribute -> U
4741:28:Attribute -> U
4741:28:Name -> Inst:pandas.io.pytables.Table
4741:45:Name -> U
4742:16:Call -> U
4742:16:Attribute -> U
4742:16:Name -> U
4742:27:Attribute -> Dict:0 | U
4742:27:Name -> Inst:pandas.io.pytables.Table
4743:29:Call -> U
4743:29:Attribute -> U
4743:29:Name -> U
4744:20:Name -> U
4744:22:Name -> Const:NoneType:None | U
4744:28:Name -> Const:NoneType:None | U
4745:28:Attribute -> Const:NoneType:None | U
4745:28:Name -> Inst:pandas.io.pytables.Table
4746:29:Attribute -> U | Const:str:'UTF-8' | Const:str:'UTF-8'
4746:29:Name -> Inst:pandas.io.pytables.Table
4747:27:Attribute -> U | Const:str:'strict'
4747:27:Name -> Inst:pandas.io.pytables.Table
4749:22:Name -> U
4750:24:Call -> U
4750:24:Name -> Func:builtins.getattr
4750:32:Attribute -> U
4750:32:Attribute -> U
4750:32:Name -> Inst:pandas.io.pytables.Table
4750:53:Name -> U
4751:23:Call -> Inst:pandas.core.series.Series
4751:23:Name -> Class:pandas.core.series.Series
4751:30:Name -> U
4751:40:Name -> U
4751:66:Name -> U
4753:14:Call -> ExcInst:builtins.KeyError
4753:14:Name -> Class:builtins.KeyError
4753:34:Name -> U
4756:16:Name -> Class:pandas.io.pytables.Table
4769:15:Name -> Class:builtins.int
4770:14:Name -> Class:builtins.int
4775:14:Call -> ExcInst:builtins.NotImplementedError
4775:14:Name -> Class:builtins.NotImplementedError
4783:14:Call -> ExcInst:builtins.NotImplementedError
4783:14:Name -> Class:builtins.NotImplementedError
4786:22:Name -> Class:pandas.io.pytables.Table
4796:16:Name -> Class:builtins.bool
4801:19:Name -> Class:builtins.int
4803:16:Name -> Class:builtins.bool
4806:21:Name -> Class:builtins.bool
4808:15:Name -> Const:bool:False | U
4808:26:Attribute -> U
4808:26:Name -> Inst:pandas.io.pytables.AppendableTable
4809:12:Call -> U
4809:12:Attribute -> U
4809:12:Attribute -> U
4809:12:Name -> Inst:pandas.io.pytables.AppendableTable
4809:37:Attribute -> U
4809:37:Name -> Inst:pandas.io.pytables.AppendableTable
4812:16:Call -> Inst:pandas.io.pytables.AppendableTable
4812:16:Attribute -> BM:pandas.io.pytables.Table._create_axes
4812:16:Name -> Inst:pandas.io.pytables.AppendableTable
4813:17:Name -> Const:NoneType:None | U
4814:16:Name -> U
4815:21:Name -> Const:bool:False | U
4816:25:Name -> Const:NoneType:None | U
4817:20:Name -> Const:NoneType:None | U
4818:25:Name -> Const:NoneType:None | U
4821:17:Attribute -> Inst:itertools.chain
4821:17:Name -> Inst:pandas.io.pytables.AppendableTable
4822:12:Call -> U
4822:12:Attribute -> U
4822:12:Name -> U
4824:15:Attribute -> U
4824:15:Name -> Inst:pandas.io.pytables.AppendableTable
4826:22:Call -> Dict:2
4826:22:Attribute -> BM:pandas.io.pytables.Table.create_description
4826:22:Name -> Inst:pandas.io.pytables.AppendableTable
4827:24:Name -> Const:NoneType:None | U
4828:26:Name -> Const:NoneType:None | U
4829:27:Name -> Const:NoneType:None | U
4830:29:Name -> Const:NoneType:None | U
4834:12:Call -> Const:NoneType:None
4834:12:Attribute -> BM:pandas.io.pytables.Table.set_attrs
4834:12:Name -> Inst:pandas.io.pytables.AppendableTable
4836:12:Name -> Dict:2
4836:37:Name -> Const:bool:True | U
4839:12:Call -> U
4839:12:Attribute -> U
4839:12:Attribute -> U
4839:12:Name -> Inst:pandas.io.pytables.AppendableTable
4839:39:Attribute -> U
4839:39:Name -> Inst:pandas.io.pytables.AppendableTable
4839:54:Name -> Dict:2
4842:8:Attribute -> U
4842:8:Name -> Inst:pandas.io.pytables.AppendableTable
4842:27:Attribute -> Dict:0 | U
4842:27:Name -> Inst:pandas.io.pytables.AppendableTable
4845:17:Attribute -> Inst:itertools.chain
4845:17:Name -> Inst:pandas.io.pytables.AppendableTable
4846:12:Call -> U
4846:12:Attribute -> U
4846:12:Name -> U
4846:31:Name -> Inst:pandas.io.pytables.AppendableTable
4846:38:Name -> Const:bool:False | U
4849:8:Call -> Const:NoneType:None
4849:8:Attribute -> BM:pandas.io.pytables.AppendableTable.write_data
4849:8:Name -> Inst:pandas.io.pytables.AppendableTable
4849:25:Name -> Const:NoneType:None | U
4849:43:Name -> Const:bool:False | U
4851:36:Name -> Class:builtins.int
4851:56:Name -> Class:builtins.bool
4855:16:Attribute -> U
4855:16:Attribute -> U
4855:16:Name -> Inst:pandas.io.pytables.AppendableTable
4856:16:Attribute -> U
4856:16:Name -> Inst:pandas.io.pytables.AppendableTable
4860:11:Name -> Const:bool:False | U
4861:21:Attribute -> List:0 | U
4861:21:Name -> Inst:pandas.io.pytables.AppendableTable
4864:23:Call -> U | Inst:.ndarray
4864:23:Attribute -> U | BM:.ndarray.all
4864:23:Call -> Const:NoneType:None | Const:NoneType:None | Const:NoneType:None | Const:NoneType:None | Const:NoneType:None | Const:NoneType:None | Const:bool:False | U | Inst:.ndarray
4864:23:Name -> Func:pandas.core.dtypes.missing.isna | Func:pandas.core.dtypes.missing.isna | Func:pandas.core.dtypes.missing.isna | Func:pandas.core.dtypes.missing.isna | Func:pandas.core.dtypes.missing.isna | Func:pandas.core.dtypes.missing.isna
4864:28:Attribute -> U
4864:28:Name -> U
4865:19:Call -> ERR
4865:19:Name -> Func:builtins.isinstance
4865:30:Name -> U
4865:36:Attribute -> Class:.ndarray
4865:36:Name -> U
4866:20:Call -> ERR
4866:20:Attribute -> BM:builtins.list.append
4866:20:Name -> List:0
4866:33:Call -> U
4866:33:Attribute -> U
4866:33:Name -> U
4869:11:Name -> List:0
4870:19:Name -> U
4871:21:Name -> U
4872:23:Name -> U
4872:30:Name -> U
4873:19:Call -> U
4873:19:Attribute -> U
4873:19:Name -> U
4878:19:Attribute -> U
4878:19:Name -> U
4878:38:Attribute -> List:0 | U
4878:38:Name -> Inst:pandas.io.pytables.AppendableTable
4879:19:Call -> ERR
4879:19:Name -> Func:builtins.len
4879:23:Name -> U
4880:15:Name -> U
4880:30:Name -> U
4884:18:Call -> U
4884:18:Attribute -> U
4884:18:Name -> U
4884:41:Attribute -> List:0 | U
4884:41:Name -> Inst:pandas.io.pytables.AppendableTable
4885:18:Call -> U
4885:18:Attribute -> U
4885:18:Name -> U
4885:30:Call -> U
4885:30:Attribute -> U
4885:30:Name -> U
4885:38:Call -> U
4885:38:Attribute -> U
4885:38:Name -> U
4885:48:Attribute -> U
4885:48:Name -> U
4885:57:Attribute -> U
4885:57:Name -> U
4885:79:Name -> U
4887:20:Call -> Inst:builtins.enumerate
4887:20:Name -> Class:builtins.enumerate
4887:30:Name -> U
4888:25:Name -> U
4888:33:Attribute -> U
4888:33:Attribute -> U
4888:33:Name -> Inst:pandas.io.pytables.AppendableTable
4888:44:Name -> U
4888:50:Name -> U
4888:61:Name -> U
4889:12:Call -> ERR
4889:12:Attribute -> BM:builtins.list.append
4889:12:Name -> List:0
4889:27:Call -> U
4889:27:Attribute -> U
4889:27:Name -> U
4889:37:Name -> U
4892:11:Name -> U
4895:15:Call -> Inst:.ndarray
4895:15:Attribute -> Func:.empty
4895:15:Name -> U
4895:24:Call -> ERR
4895:24:Name -> Func:builtins.min
4895:28:Name -> U | Const:int:100000
4895:39:Name -> U
4895:53:Attribute -> U
4895:53:Name -> Inst:pandas.io.pytables.AppendableTable
4896:17:Name -> U
4896:26:Name -> U | Const:int:100000
4897:17:Call -> Inst:builtins.range
4897:17:Name -> Class:builtins.range
4897:23:Name -> U
4898:22:Name -> U
4898:26:Name -> U | Const:int:100000
4899:20:Call -> ERR
4899:20:Name -> Func:builtins.min
4899:25:Name -> U
4899:34:Name -> U | Const:int:100000
4899:45:Name -> U
4900:15:Name -> U
4900:26:Name -> U
4903:12:Call -> Const:NoneType:None
4903:12:Attribute -> BM:pandas.io.pytables.AppendableTable.write_data_chunk
4903:12:Name -> Inst:pandas.io.pytables.AppendableTable
4904:16:Name -> Inst:.ndarray
4905:25:Name -> U
4905:27:Name -> U
4905:35:Name -> U
4905:51:Name -> U
4906:44:Name -> U
4906:21:Name -> U
4906:26:Name -> U
4906:34:Name -> U
4907:24:Name -> U
4907:26:Name -> U
4907:34:Name -> U
4907:50:Name -> List:0
4912:14:Attribute -> Class:.ndarray
4912:14:Name -> U
4913:17:Name -> Class:builtins.list
4913:22:Attribute -> Class:.ndarray
4913:22:Name -> U
4914:14:Attribute -> U
4914:14:Name -> U
4914:26:Attribute -> U
4914:26:Name -> U
4915:16:Name -> Class:builtins.list
4915:21:Attribute -> Class:.ndarray
4915:21:Name -> U
4926:17:Name -> U
4927:19:Call -> U
4927:19:Attribute -> U
4927:19:Name -> U
4927:27:Attribute -> U
4927:27:Name -> U
4930:16:Attribute -> U
4930:16:Name -> U
4931:11:Name -> U
4931:20:Call -> ERR
4931:20:Name -> Func:builtins.len
4931:24:Name -> U
4932:19:Call -> Inst:.ndarray
4932:19:Attribute -> Func:.empty
4932:19:Name -> U
4932:28:Name -> U
4932:41:Attribute -> U
4932:41:Name -> Inst:pandas.io.pytables.AppendableTable
4933:16:Attribute -> U
4933:16:Attribute -> U
4933:16:Name -> Inst:pandas.io.pytables.AppendableTable
4934:19:Call -> ERR
4934:19:Name -> Func:builtins.len
4934:23:Name -> U
4937:22:Call -> Inst:builtins.enumerate
4937:22:Name -> Class:builtins.enumerate
4937:32:Name -> U
4938:12:Name -> U | Inst:.ndarray
4938:17:Name -> U
4938:23:Name -> U
4938:29:Name -> U
4941:20:Call -> Inst:builtins.enumerate
4941:20:Name -> Class:builtins.enumerate
4941:30:Name -> U
4942:12:Name -> U | Inst:.ndarray
4942:17:Name -> U
4942:23:Name -> U
4942:27:Name -> U
4942:40:Name -> U
4945:11:Name -> U
4946:17:Call -> U
4946:17:Attribute -> U
4946:17:Call -> U
4946:17:Attribute -> U
4946:17:Name -> U
4946:37:Name -> Class:builtins.bool
4947:19:Call -> U
4947:19:Attribute -> U
4947:19:Name -> U
4948:23:Name -> U | Inst:.ndarray
4948:28:Name -> U
4950:11:Call -> ERR
4950:11:Name -> Func:builtins.len
4950:15:Name -> U | Inst:.ndarray
4951:12:Call -> U
4951:12:Attribute -> U
4951:12:Attribute -> U
4951:12:Name -> Inst:pandas.io.pytables.AppendableTable
4951:30:Name -> U | Inst:.ndarray
4952:12:Call -> U
4952:12:Attribute -> U
4952:12:Attribute -> U
4952:12:Name -> Inst:pandas.io.pytables.AppendableTable
4955:33:Name -> Class:builtins.int
4955:58:Name -> Class:builtins.int
4956:9:Name -> Class:builtins.int
4958:11:Name -> Const:NoneType:None | U
4958:32:Call -> ERR
4958:32:Name -> Func:builtins.len
4958:36:Name -> Const:NoneType:None | U
4959:15:Name -> Const:NoneType:None | U
4959:33:Name -> Const:NoneType:None | U
4960:24:Attribute -> U
4960:24:Name -> Inst:pandas.io.pytables.AppendableTable
4961:16:Call -> U
4961:16:Attribute -> U
4961:16:Attribute -> U
4961:16:Name -> Inst:pandas.io.pytables.AppendableTable
4961:41:Attribute -> U
4961:41:Name -> Inst:pandas.io.pytables.AppendableTable
4964:19:Name -> Const:NoneType:None | U
4965:27:Attribute -> U
4965:27:Name -> Inst:pandas.io.pytables.AppendableTable
4966:24:Call -> U
4966:24:Attribute -> U
4966:24:Attribute -> U
4966:24:Name -> Inst:pandas.io.pytables.AppendableTable
4966:53:Name -> Const:NoneType:None | U
4966:65:Name -> Const:NoneType:None | U
4967:16:Call -> U
4967:16:Attribute -> U
4967:16:Attribute -> U
4967:16:Name -> Inst:pandas.io.pytables.AppendableTable
4968:19:Name -> U
4971:15:Call -> Const:bool:False | Const:bool:True
4971:15:Attribute -> BM:pandas.io.pytables.Fixed.infer_axes
4971:15:Name -> Inst:pandas.io.pytables.AppendableTable
4975:16:Attribute -> U
4975:16:Name -> Inst:pandas.io.pytables.AppendableTable
4976:20:Call -> Inst:pandas.io.pytables.Selection
4976:20:Name -> Class:pandas.io.pytables.Selection
4976:30:Name -> Inst:pandas.io.pytables.AppendableTable
4976:36:Name -> Const:NoneType:None | U
4976:49:Name -> Const:NoneType:None | U
4976:61:Name -> Const:NoneType:None | U
4977:17:Call -> U
4977:17:Attribute -> BM:pandas.io.pytables.Selection.select_coords
4977:17:Name -> Inst:pandas.io.pytables.Selection
4980:24:Call -> Const:NoneType:None | U
4980:24:Attribute -> BM:pandas.core.series.Series.sort_values
4980:24:Call -> Inst:pandas.core.series.Series
4980:24:Name -> Class:pandas.core.series.Series
4980:31:Name -> U
4981:13:Call -> ERR
4981:13:Name -> Func:builtins.len
4981:17:Name -> Const:NoneType:None | U
4983:11:Name -> U
4985:19:Call -> U
4985:19:Attribute -> U
4985:19:Name -> Const:NoneType:None | U
4986:21:Call -> Inst:builtins.list
4986:21:Name -> Class:builtins.list
4986:26:Attribute -> U
4986:26:Name -> U
4986:31:Name -> U
4989:19:Name -> Inst:builtins.list
4993:15:Name -> Inst:builtins.list | List:1
4993:29:Name -> U
4994:16:Call -> ERR
4994:16:Attribute -> BM:builtins.list.append | BM:builtins.list.append
4994:16:Name -> Inst:builtins.list | List:1
4994:30:Name -> U
4997:15:Name -> Inst:builtins.list | List:1
4998:16:Call -> ERR
4998:16:Attribute -> BM:builtins.list.insert | BM:builtins.list.insert
4998:16:Name -> Inst:builtins.list | List:1
5001:17:Call -> ERR
5001:17:Attribute -> BM:builtins.list.pop | BM:builtins.list.pop
5001:17:Name -> Inst:builtins.list | List:1
5002:21:Call -> Inst:builtins.reversed
5002:21:Name -> Class:builtins.reversed
5002:30:Name -> Inst:builtins.list | List:1
5003:23:Call -> U
5003:23:Attribute -> U
5003:23:Name -> Const:NoneType:None | U
5003:42:Call -> Inst:builtins.range
5003:42:Name -> Class:builtins.range
5003:48:Name -> U
5003:51:Name -> U
5004:16:Call -> U
5004:16:Attribute -> U
5004:16:Name -> U
5005:26:Name -> U
5005:31:Attribute -> U
5005:31:Name -> U
5005:52:Name -> U
5005:57:Attribute -> U
5005:57:Name -> U
5007:21:Name -> U
5009:12:Call -> U
5009:12:Attribute -> U
5009:12:Attribute -> U
5009:12:Name -> Inst:pandas.io.pytables.AppendableTable
5012:15:Name -> U
5015:27:Name -> Class:pandas.io.pytables.AppendableTable
5021:14:Name -> Class:.type
5021:19:Name -> Class:pandas.core.frame.DataFrame
5021:31:Name -> Class:pandas.core.series.Series
5021:41:Name -> Class:pandas.core.frame.DataFrame
5023:5:Name -> Class:builtins.property
5024:31:Name -> Class:builtins.bool
5025:15:Attribute -> ERR
5025:15:Attribute -> List:0 | U
5025:15:Name -> Inst:pandas.io.pytables.AppendableFrameTable
5027:5:Name -> Class:builtins.classmethod
5028:41:Name -> Class:builtins.bool
5030:11:Name -> U
5031:18:Attribute -> U
5031:18:Name -> U
5032:15:Name -> U
5038:15:Name -> Class:builtins.int
5039:14:Name -> Class:builtins.int
5042:15:Call -> Const:bool:False | Const:bool:True
5042:15:Attribute -> BM:pandas.io.pytables.Fixed.infer_axes
5042:15:Name -> Inst:pandas.io.pytables.AppendableFrameTable
5045:17:Call -> List:0
5045:17:Attribute -> BM:pandas.io.pytables.Table._read_axes
5045:17:Name -> Inst:pandas.io.pytables.AppendableFrameTable
5045:39:Name -> Const:NoneType:None | U
5045:52:Name -> Const:NoneType:None | U
5045:64:Name -> Const:NoneType:None | U
5049:15:Call -> ERR
5049:15:Name -> Func:builtins.len
5049:19:Attribute -> List:0 | U
5049:19:Name -> Inst:pandas.io.pytables.AppendableFrameTable
5048:12:Call -> U
5048:12:Attribute -> BM:builtins.dict.get | U
5048:12:Attribute -> Dict:0 | U
5048:12:Name -> Inst:pandas.io.pytables.AppendableFrameTable
5048:26:Attribute -> List:0 | U
5048:26:Name -> Inst:pandas.io.pytables.AppendableFrameTable
5053:16:Name -> U
5053:31:Call -> Inst:builtins.enumerate
5053:31:Name -> Class:builtins.enumerate
5053:41:Attribute -> Inst:itertools.chain
5053:41:Name -> Inst:pandas.io.pytables.AppendableFrameTable
5053:55:Name -> U
5053:61:Attribute -> List:0 | U
5053:61:Name -> Inst:pandas.io.pytables.AppendableFrameTable
5054:15:Call -> ERR
5054:15:Name -> Func:builtins.len
5054:19:Name -> U
5055:14:Name -> U
5057:16:Name -> List:0
5057:23:Name -> U
5060:20:Call -> Inst:builtins.enumerate
5060:20:Name -> Class:builtins.enumerate
5060:30:Attribute -> Inst:itertools.chain
5060:30:Name -> Inst:pandas.io.pytables.AppendableFrameTable
5061:15:Name -> U
5061:24:Attribute -> List:0 | U
5061:24:Name -> Inst:pandas.io.pytables.AppendableFrameTable
5063:34:Name -> List:0
5063:41:Name -> U
5067:15:Call -> U
5067:15:Attribute -> U | BM:builtins.dict.get
5067:15:Name -> U | Dict:0
5068:23:Call -> Inst:pandas.core.indexes.base.Index
5068:23:Name -> Class:pandas.core.indexes.base.Index
5068:29:Name -> U
5070:23:Call -> Inst:pandas.core.indexes.multi.MultiIndex
5070:23:Attribute -> BM:pandas.core.indexes.multi.MultiIndex.from_tuples
5070:23:Name -> Class:pandas.core.indexes.multi.MultiIndex
5070:46:Name -> U
5072:20:Call -> U
5072:20:Attribute -> U | BM:builtins.dict.get
5072:20:Name -> U | Dict:0
5073:15:Name -> U
5074:16:Call -> Inst:pandas.core.indexes.base.Index | Const:NoneType:None | U
5074:16:Attribute -> BM:pandas.core.indexes.base.Index.set_names | BM:pandas.core.indexes.base.Index.set_names
5074:16:Name -> Inst:pandas.core.indexes.base.Index | Inst:pandas.core.indexes.multi.MultiIndex
5074:31:Name -> U
5076:15:Attribute -> U
5076:15:Name -> Inst:pandas.io.pytables.AppendableFrameTable
5077:25:Name -> U
5078:25:Name -> Inst:pandas.core.indexes.base.Index | Inst:pandas.core.indexes.multi.MultiIndex
5079:24:Call -> Inst:pandas.core.indexes.base.Index
5079:24:Name -> Class:pandas.core.indexes.base.Index
5079:30:Name -> U
5079:42:Call -> U
5079:42:Name -> Func:builtins.getattr
5079:50:Name -> U
5081:25:Attribute -> U
5081:25:Name -> U
5082:25:Call -> Inst:pandas.core.indexes.base.Index
5082:25:Name -> Class:pandas.core.indexes.base.Index
5082:31:Name -> U
5082:43:Call -> U
5082:43:Name -> Func:builtins.getattr
5082:51:Name -> U
5083:24:Name -> Inst:pandas.core.indexes.base.Index | Inst:pandas.core.indexes.multi.MultiIndex
5086:15:Attribute -> U
5086:15:Name -> U
5086:36:Call -> ERR
5086:36:Name -> Func:builtins.isinstance
5086:47:Name -> U
5086:55:Attribute -> Class:.ndarray
5086:55:Name -> U
5087:25:Call -> U
5087:25:Attribute -> U
5087:25:Name -> U
5087:44:Attribute -> U
5087:44:Name -> U
5089:15:Call -> ERR
5089:15:Name -> Func:builtins.isinstance
5089:26:Name -> U
5089:35:Attribute -> Class:.ndarray
5089:35:Name -> U
5089:47:Name -> Class:pandas.core.arrays.datetimes.DatetimeArray
5091:25:Call -> Inst:pandas.core.frame.DataFrame
5091:25:Name -> Class:pandas.core.frame.DataFrame
5091:35:Attribute -> U
5091:35:Name -> U
5091:53:Name -> Inst:pandas.core.indexes.base.Index | Inst:pandas.core.indexes.multi.MultiIndex | U
5091:66:Name -> Inst:pandas.core.indexes.base.Index | Inst:pandas.core.indexes.multi.MultiIndex
5092:23:Name -> Class:builtins.UnicodeEncodeError
5094:24:Attribute -> U | Const:str:'strict'
5094:24:Name -> Inst:pandas.io.pytables.AppendableFrameTable
5095:28:Call -> U
5095:28:Name -> Func:pandas._config.using_string_dtype
5096:28:Call -> ERR
5096:28:Attribute -> BM:builtins.str.endswith
5096:28:Call -> Const:str:''
5096:28:Name -> Class:builtins.str
5096:32:Name -> ExcInst:builtins.UnicodeEncodeError
5097:28:Name -> U | Const:bool:False
5099:29:Call -> Inst:pandas.core.frame.DataFrame
5099:29:Name -> Class:pandas.core.frame.DataFrame
5100:28:Attribute -> U
5100:28:Name -> U
5101:36:Name -> Inst:pandas.core.indexes.base.Index | Inst:pandas.core.indexes.multi.MultiIndex
5102:34:Name -> Inst:pandas.core.indexes.base.Index | Inst:pandas.core.indexes.multi.MultiIndex
5104:34:Call -> Inst:pandas.core.arrays.string_.StringDtype
5104:34:Name -> Class:pandas.core.arrays.string_.StringDtype
5104:73:Attribute -> U
5104:73:Name -> U
5108:17:Call -> ERR
5108:17:Name -> Func:builtins.isinstance
5108:28:Name -> U
5108:36:Name -> Class:pandas.core.indexes.base.Index
5109:21:Call -> Inst:pandas.core.frame.DataFrame
5109:21:Name -> Class:pandas.core.frame.DataFrame
5109:31:Name -> U
5109:47:Name -> Inst:pandas.core.indexes.base.Index | Inst:pandas.core.indexes.multi.MultiIndex
5109:60:Name -> Inst:pandas.core.indexes.base.Index | Inst:pandas.core.indexes.multi.MultiIndex
5112:21:Call -> Inst:pandas.core.frame.DataFrame
5112:21:Attribute -> BM:pandas.core.frame.DataFrame._from_arrays
5112:21:Name -> Class:pandas.core.frame.DataFrame
5112:45:Name -> U
5112:62:Name -> Inst:pandas.core.indexes.base.Index | Inst:pandas.core.indexes.multi.MultiIndex
5112:75:Name -> Inst:pandas.core.indexes.base.Index | Inst:pandas.core.indexes.multi.MultiIndex
5113:20:Call -> U
5113:20:Name -> Func:pandas._config.using_string_dtype
5113:45:Attribute -> U
5113:45:Attribute -> U
5113:45:Name -> U
5114:23:Call -> U
5114:23:Attribute -> U
5114:24:Attribute -> Inst:pandas.core.series.Series
5114:24:Name -> Inst:pandas.core.frame.DataFrame
5114:37:Attribute -> U
5114:37:Name -> U
5114:59:Attribute -> Inst:pandas.core.series.Series
5114:59:Name -> Inst:pandas.core.frame.DataFrame
5114:70:Attribute -> U
5114:70:Name -> U
5117:26:Name -> Inst:pandas.core.indexes.base.Index | Inst:pandas.core.indexes.multi.MultiIndex
5118:24:Call -> U
5118:24:Name -> Func:builtins.getattr
5118:32:Attribute -> U
5118:32:Attribute -> U
5118:32:Name -> Inst:pandas.io.pytables.AppendableFrameTable
5118:53:Name -> U
5119:19:Name -> U
5120:20:Name -> Inst:pandas.core.frame.DataFrame
5120:23:Name -> U
5120:33:Call -> U
5120:33:Attribute -> U
5120:33:Name -> Inst:pandas.core.frame.DataFrame
5120:36:Name -> U
5120:51:Name -> U
5121:12:Call -> ERR
5121:12:Attribute -> BM:builtins.list.append
5121:12:Name -> List:0
5121:26:Name -> Inst:pandas.core.frame.DataFrame
5123:11:Call -> Const:int:0
5123:11:Name -> Func:builtins.len
5123:15:Name -> List:0
5124:17:Name -> List:0
5126:17:Call -> Const:NoneType:None | Const:NoneType:None | Const:NoneType:None | Const:NoneType:None | Const:NoneType:None | U
5126:17:Name -> Func:pandas.core.reshape.concat.concat | Func:pandas.core.reshape.concat.concat | Func:pandas.core.reshape.concat.concat | Func:pandas.core.reshape.concat.concat | Func:pandas.core.reshape.concat.concat | Func:pandas.core.reshape.concat.concat
5126:24:Name -> List:0
5128:20:Call -> Inst:pandas.io.pytables.Selection
5128:20:Name -> Class:pandas.io.pytables.Selection
5128:30:Name -> Inst:pandas.io.pytables.AppendableFrameTable
5128:42:Name -> Const:NoneType:None | U
5128:55:Name -> Const:NoneType:None | U
5128:67:Name -> Const:NoneType:None | U
5130:13:Call -> U
5130:13:Attribute -> BM:pandas.io.pytables.Table.process_axes
5130:13:Name -> Inst:pandas.io.pytables.AppendableFrameTable
5130:31:Name -> Inst:pandas.core.frame.DataFrame | U | Const:NoneType:None | Const:NoneType:None | Const:NoneType:None | Const:NoneType:None | Const:NoneType:None
5130:45:Name -> Inst:pandas.io.pytables.Selection
5130:64:Name -> Const:NoneType:None | U
5131:15:Name -> U
5134:28:Name -> Class:pandas.io.pytables.AppendableFrameTable
5140:15:Name -> Class:pandas.core.series.Series
5142:5:Name -> Class:builtins.property
5143:31:Name -> Class:builtins.bool
5146:5:Name -> Class:builtins.classmethod
5147:41:Name -> Class:builtins.bool
5148:15:Name -> U
5153:15:Call -> ERR
5153:15:Name -> Func:builtins.isinstance
5153:26:Name -> U
5153:31:Name -> Class:pandas.core.frame.DataFrame
5154:19:Attribute -> U
5154:19:Name -> U
5155:18:Call -> U
5155:18:Attribute -> U
5155:18:Name -> U
5155:31:Name -> U
5156:8:Call -> Const:NoneType:None | U
5156:8:Attribute -> BM:pandas.io.pytables.AppendableTable.write | BM:pandas.io.pytables.Fixed.write
5156:8:Call -> Super
5156:8:Name -> Class:builtins.super
5156:26:Name -> U
5156:44:Call -> U
5156:44:Attribute -> U
5156:44:Attribute -> U
5156:44:Name -> U
5156:68:Name -> Dict:0
5162:15:Name -> Class:builtins.int
5163:14:Name -> Class:builtins.int
5164:9:Name -> Class:pandas.core.series.Series
5165:25:Attribute -> U
5165:25:Name -> Inst:pandas.io.pytables.AppendableSeriesTable
5166:11:Name -> Const:NoneType:None | U
5166:35:Name -> U
5167:19:Call -> ERR
5167:19:Name -> Func:builtins.isinstance
5167:30:Attribute -> U
5167:30:Name -> Inst:pandas.io.pytables.AppendableSeriesTable
5167:43:Name -> Class:builtins.list
5168:21:Attribute -> U
5168:21:Name -> Inst:pandas.io.pytables.AppendableSeriesTable
5169:19:Name -> U
5169:28:Name -> Const:NoneType:None | U
5170:20:Call -> U
5170:20:Attribute -> U
5170:20:Name -> Const:NoneType:None | U
5170:38:Name -> U
5171:12:Call -> Const:NoneType:None | U
5171:12:Attribute -> BM:pandas.io.pytables.AppendableFrameTable.read | BM:pandas.io.pytables.Fixed.read
5171:12:Call -> Super
5171:12:Name -> Class:builtins.super
5171:31:Name -> Const:NoneType:None | U
5171:46:Name -> Const:NoneType:None | U
5171:61:Name -> Const:NoneType:None | U
5171:73:Name -> Const:NoneType:None | U
5172:11:Name -> U
5173:12:Call -> U
5173:12:Attribute -> U
5173:12:Name -> Const:NoneType:None | U
5173:24:Attribute -> U
5173:24:Name -> Inst:pandas.io.pytables.AppendableSeriesTable
5175:12:Attribute -> U
5175:12:Name -> Const:NoneType:None | U
5178:11:Attribute -> U
5178:11:Name -> U
5179:12:Name -> U
5180:15:Name -> U
5183:33:Name -> Class:pandas.io.pytables.AppendableSeriesTable
5192:15:Attribute -> U
5192:15:Name -> U
5193:16:Name -> Inst:pandas.io.pytables.AppendableMultiSeriesTable
5193:30:Call -> Tuple:2
5193:30:Attribute -> BM:pandas.io.pytables.Table.validate_multiindex
5193:30:Name -> Inst:pandas.io.pytables.AppendableMultiSeriesTable
5193:55:Name -> U
5194:15:Call -> ERR
5194:15:Name -> Func:builtins.isinstance
5194:26:Attribute -> U
5194:26:Name -> Inst:pandas.io.pytables.AppendableMultiSeriesTable
5194:39:Name -> Class:builtins.list
5195:15:Call -> Inst:builtins.list
5195:15:Name -> Class:builtins.list
5195:20:Attribute -> U
5195:20:Name -> Inst:pandas.io.pytables.AppendableMultiSeriesTable
5196:8:Call -> ERR
5196:8:Attribute -> BM:builtins.list.append
5196:8:Name -> Inst:builtins.list
5196:20:Name -> U
5197:8:Name -> U
5197:25:Call -> Inst:pandas.core.indexes.base.Index
5197:25:Name -> Class:pandas.core.indexes.base.Index
5197:31:Name -> Inst:builtins.list
5198:8:Call -> Const:NoneType:None | Const:NoneType:None | U
5198:8:Attribute -> BM:pandas.io.pytables.AppendableSeriesTable.write | BM:pandas.io.pytables.AppendableTable.write | BM:pandas.io.pytables.Fixed.write
5198:8:Call -> Super
5198:8:Name -> Class:builtins.super
5198:26:Name -> U
5198:36:Name -> Dict:0
5201:19:Name -> Class:pandas.io.pytables.AppendableFrameTable
5207:15:Name -> Class:pandas.core.frame.DataFrame
5208:12:Name -> Class:builtins.list
5208:17:Name -> Class:_collections_abc.Hashable
5210:5:Name -> Class:builtins.property
5211:29:Name -> Class:builtins.str
5212:15:Attribute -> Const:str:'frame_table'
5212:15:Name -> Inst:pandas.io.pytables.GenericTable
5214:5:Name -> Class:builtins.property
5216:15:Call -> U
5216:15:Name -> Func:builtins.getattr
5216:23:Attribute -> U
5216:23:Name -> Inst:pandas.io.pytables.GenericTable
5216:53:Attribute -> U
5216:53:Name -> Inst:pandas.io.pytables.GenericTable
5220:8:Name -> Inst:pandas.io.pytables.GenericTable
5221:8:Name -> Inst:pandas.io.pytables.GenericTable
5222:8:Name -> Inst:pandas.io.pytables.GenericTable
5224:8:Name -> Inst:pandas.io.pytables.GenericTable
5224:27:Name -> Inst:pandas.io.pytables.GenericIndexCol
5224:38:Attribute -> List:1
5224:38:Name -> Inst:pandas.io.pytables.GenericTable
5224:57:Attribute -> Const:bool:True
5224:57:Name -> Inst:pandas.io.pytables.GenericIndexCol
5225:8:Name -> Inst:pandas.io.pytables.GenericTable
5225:28:Name -> Inst:pandas.io.pytables.GenericIndexCol
5225:39:Attribute -> List:1
5225:39:Name -> Inst:pandas.io.pytables.GenericTable
5225:62:Attribute -> Const:bool:True
5225:62:Name -> Inst:pandas.io.pytables.GenericIndexCol
5226:8:Name -> Inst:pandas.io.pytables.GenericTable
5226:29:Attribute -> U
5226:29:Name -> U
5226:45:Attribute -> U | List:0
5226:45:Name -> Inst:pandas.io.pytables.GenericTable
5228:5:Name -> Class:builtins.property
5231:12:Attribute -> U
5231:12:Name -> Inst:pandas.io.pytables.GenericTable
5236:13:Call -> U | Const:NoneType:None
5236:13:Attribute -> BM:pandas.io.pytables.Table.read_metadata
5236:13:Name -> Inst:pandas.io.pytables.GenericTable
5237:29:Name -> U | Const:NoneType:None
5238:20:Call -> Inst:pandas.io.pytables.GenericIndexCol
5238:20:Name -> Class:pandas.io.pytables.GenericIndexCol
5239:40:Attribute -> U
5239:40:Name -> Inst:pandas.io.pytables.GenericTable
5239:57:Name -> Const:str:'category' | Const:NoneType:None
5239:72:Name -> U | Const:NoneType:None
5242:21:Name -> Class:builtins.list
5242:26:Name -> Class:pandas.io.pytables.GenericIndexCol
5242:44:Name -> Class:pandas.io.pytables.GenericDataIndexableCol
5242:72:Name -> Inst:pandas.io.pytables.GenericIndexCol
5244:20:Call -> Inst:builtins.enumerate
5244:20:Name -> Class:builtins.enumerate
5244:30:Attribute -> U
5244:30:Name -> U
5245:19:Call -> ERR
5245:19:Name -> Func:builtins.isinstance
5245:30:Name -> U
5245:33:Name -> Class:builtins.str
5247:19:Call -> U
5247:19:Name -> Func:builtins.getattr
5247:27:Name -> U
5247:30:Name -> U
5248:17:Call -> U | Const:NoneType:None
5248:17:Attribute -> BM:pandas.io.pytables.Table.read_metadata
5248:17:Name -> Inst:pandas.io.pytables.GenericTable
5248:36:Name -> U
5249:33:Name -> U | Const:NoneType:None
5250:17:Call -> Inst:pandas.io.pytables.GenericDataIndexableCol
5250:17:Name -> Class:pandas.io.pytables.GenericDataIndexableCol
5251:21:Name -> U
5252:20:Name -> U
5253:24:Name -> U
5254:20:Name -> U
5255:22:Attribute -> U
5255:22:Name -> Inst:pandas.io.pytables.GenericTable
5256:21:Name -> Const:str:'category' | Const:NoneType:None
5257:25:Name -> U | Const:NoneType:None
5259:12:Call -> ERR
5259:12:Attribute -> BM:builtins.list.append
5259:12:Name -> List:1
5259:31:Name -> Inst:pandas.io.pytables.GenericDataIndexableCol
5261:15:Name -> List:1
5265:14:Call -> ExcInst:builtins.NotImplementedError
5265:14:Name -> Class:builtins.NotImplementedError
5268:32:Name -> Class:pandas.io.pytables.AppendableFrameTable
5272:15:Name -> Class:pandas.core.frame.DataFrame
5274:17:Call -> U
5274:17:Attribute -> Func:re.compile
5274:17:Name -> Module:re
5276:5:Name -> Class:builtins.property
5277:34:Name -> Class:builtins.str
5282:11:Name -> Const:NoneType:None | U
5284:13:Name -> U
5285:27:Call -> U
5285:27:Attribute -> U
5285:27:Attribute -> U
5285:27:Name -> U
5286:13:Name -> Inst:pandas.io.pytables.AppendableMultiFrameTable
5286:27:Call -> Tuple:2
5286:27:Attribute -> BM:pandas.io.pytables.Table.validate_multiindex
5286:27:Name -> Inst:pandas.io.pytables.AppendableMultiFrameTable
5286:52:Name -> U
5287:15:Call -> ERR
5287:15:Name -> Func:builtins.isinstance
5287:26:Attribute -> U
5287:26:Name -> Inst:pandas.io.pytables.AppendableMultiFrameTable
5287:39:Name -> Class:builtins.list
5288:17:Attribute -> U
5288:17:Name -> Inst:pandas.io.pytables.AppendableMultiFrameTable
5289:15:Name -> U
5289:24:Name -> Const:NoneType:None | U | List:0
5290:16:Call -> U
5290:16:Attribute -> U | BM:builtins.list.insert
5290:16:Name -> Const:NoneType:None | U | List:0
5290:39:Name -> U
5291:8:Call -> Const:NoneType:None | U
5291:8:Attribute -> BM:pandas.io.pytables.AppendableTable.write | BM:pandas.io.pytables.Fixed.write
5291:8:Call -> Super
5291:8:Name -> Class:builtins.super
5291:26:Name -> U
5291:44:Name -> Const:NoneType:None | U | List:0
5291:60:Name -> Dict:0
5297:15:Name -> Class:builtins.int
5298:14:Name -> Class:builtins.int
5299:9:Name -> Class:pandas.core.frame.DataFrame
5300:13:Call -> Const:NoneType:None | U
5300:13:Attribute -> BM:pandas.io.pytables.AppendableFrameTable.read | BM:pandas.io.pytables.Fixed.read
5300:13:Call -> Super
5300:13:Name -> Class:builtins.super
5300:32:Name -> Const:NoneType:None | U
5300:47:Name -> Const:NoneType:None | U
5300:62:Name -> Const:NoneType:None | U
5300:74:Name -> Const:NoneType:None | U
5301:13:Call -> U
5301:13:Attribute -> U
5301:13:Name -> Const:NoneType:None | U
5301:26:Attribute -> U
5301:26:Name -> Inst:pandas.io.pytables.AppendableMultiFrameTable
5304:8:Name -> U
5304:19:Call -> U
5304:19:Attribute -> U
5304:19:Attribute -> U
5304:19:Name -> U
5305:21:Call -> U
5305:21:Attribute -> U
5305:21:Attribute -> U
5305:21:Name -> Inst:pandas.io.pytables.AppendableMultiFrameTable
5305:44:Name -> U
5305:55:Name -> U
5305:72:Attribute -> U
5305:72:Attribute -> U
5305:72:Name -> U
5308:15:Name -> U
5312:9:Name -> Class:pandas.core.frame.DataFrame
5312:26:Name -> Class:builtins.int
5312:43:Name -> Class:pandas.core.indexes.base.Index
5313:5:Name -> Class:pandas.core.frame.DataFrame
5314:9:Call -> U
5314:9:Attribute -> U
5314:9:Name -> U
5314:23:Name -> U
5315:13:Call -> U | Inst:pandas.core.indexes.base.Index | Inst:pandas.core.indexes.multi.MultiIndex
5315:13:Name -> Func:pandas.core.indexes.base.ensure_index
5315:26:Name -> U
5319:7:Name -> Const:NoneType:None | U
5320:16:Call -> U | Inst:pandas.core.indexes.base.Index | Inst:pandas.core.indexes.multi.MultiIndex
5320:16:Name -> Func:pandas.core.indexes.base.ensure_index
5320:29:Name -> U
5321:8:Name -> Const:NoneType:None | U | Inst:pandas.core.indexes.base.Index | Inst:pandas.core.indexes.multi.MultiIndex
5321:25:Call -> U | Const:bool:True | Const:bool:False | Const:bool:False
5321:25:Attribute -> U | BM:pandas.core.indexes.base.Index.equals
5321:25:Name -> U | Inst:pandas.core.indexes.base.Index
5321:39:Name -> Const:NoneType:None | U | Inst:pandas.core.indexes.base.Index | Inst:pandas.core.indexes.multi.MultiIndex
5321:51:Call -> U | Const:bool:True | Const:bool:False | Const:bool:False | Const:bool:False | Const:bool:False
5321:51:Attribute -> U | BM:pandas.core.indexes.base.Index.equals
5321:51:Name -> U | Inst:pandas.core.indexes.base.Index
5321:65:Name -> U
5322:15:Name -> U
5324:13:Call -> U
5324:13:Name -> Func:pandas.core.indexes.base.ensure_index
5324:26:Call -> U | Inst:pandas.core.indexes.base.Index
5324:26:Attribute -> U | BM:pandas.core.indexes.base.Index.unique
5324:26:Name -> U | Inst:pandas.core.indexes.base.Index
5325:7:Name -> Const:NoneType:None | U | Inst:pandas.core.indexes.base.Index | Inst:pandas.core.indexes.multi.MultiIndex
5326:17:Call -> U
5326:17:Attribute -> U | BM:pandas.core.indexes.base.Index.intersection | BM:pandas.core.indexes.base.Index.intersection
5326:17:Call -> U | Inst:pandas.core.indexes.base.Index | Inst:pandas.core.indexes.multi.MultiIndex
5326:17:Name -> Func:pandas.core.indexes.base.ensure_index
5326:30:Call -> U | Inst:pandas.core.indexes.base.Index
5326:30:Attribute -> U | BM:pandas.core.indexes.base.Index.unique
5326:30:Name -> U | Inst:pandas.core.indexes.base.Index | U
5326:59:Name -> U
5327:11:Call -> U
5327:11:Attribute -> U
5327:11:Name -> U
5327:25:Name -> U
5328:16:Name -> Class:builtins.list
5328:21:Name -> Class:builtins.slice
5328:29:Name -> Class:pandas.core.indexes.base.Index
5328:39:Call -> Slice
5328:39:Name -> Class:builtins.slice
5328:60:Attribute -> U
5328:60:Name -> U
5329:8:Name -> U
5329:15:Name -> U
5329:23:Name -> U
5330:14:Attribute -> U
5330:14:Name -> U
5330:22:Call -> Inst:builtins.tuple
5330:22:Name -> Class:builtins.tuple
5330:28:Name -> U
5331:11:Name -> U
5337:16:Name -> Class:_pydatetime.tzinfo
5337:27:Name -> Class:builtins.str
5337:33:Name -> Class:_pydatetime.tzinfo
5339:11:Call -> Const:NoneType:None
5339:11:Attribute -> Func:pandas._libs.tslibs.timezones.get_timezone
5339:11:Name -> Module:pandas._libs.tslibs.timezones
5339:34:Name -> U
5340:11:Name -> Const:NoneType:None
5344:12:Attribute -> U
5344:12:Name -> U
5344:24:Attribute -> U
5344:24:Name -> U
5344:39:Name -> Class:builtins.str
5344:45:Name -> Class:_pydatetime.tzinfo
5344:78:Name -> Class:builtins.str
5345:5:Name -> Class:pandas.core.arrays.datetimes.DatetimeArray
5355:11:Attribute -> U
5355:11:Name -> U
5355:33:Attribute -> U
5355:33:Name -> U
5358:14:Call -> U
5358:14:Attribute -> U
5358:14:Name -> U
5358:31:Name -> U
5359:11:Call -> U
5359:11:Name -> Func:typing.cast
5359:28:Name -> U
5362:12:Call -> Const:NoneType:None | Const:NoneType:None | U | Inst:pandas.core.dtypes.dtypes.DatetimeTZDtype
5362:12:Name -> Func:pandas.core.arrays.datetimes.tz_to_dtype | Func:pandas.core.arrays.datetimes.tz_to_dtype | Func:pandas.core.arrays.datetimes.tz_to_dtype
5362:27:Name -> U
5362:36:Name -> U
5363:10:Call -> U
5363:10:Attribute -> BM:pandas.core.arrays.datetimes.DatetimeArray._from_sequence
5363:10:Name -> Class:pandas.core.arrays.datetimes.DatetimeArray
5363:39:Name -> U
5363:53:Name -> Const:NoneType:None | Const:NoneType:None | U | Inst:pandas.core.dtypes.dtypes.DatetimeTZDtype
5364:11:Name -> U
5367:25:Name -> Class:builtins.str
5367:37:Name -> Class:pandas.core.indexes.base.Index
5367:54:Name -> Class:builtins.str
5367:67:Name -> Class:builtins.str
5367:75:Name -> Class:pandas.io.pytables.IndexCol
5368:11:Call -> ERR
5368:11:Name -> Func:builtins.isinstance
5368:22:Name -> U
5368:28:Name -> Class:builtins.str
5370:17:Attribute -> U
5370:17:Name -> U
5380:8:Call -> ERR
5380:8:Name -> Func:builtins.isinstance
5380:19:Attribute -> U
5380:19:Name -> U
5380:32:Name -> Class:pandas.core.dtypes.base.ExtensionDtype
5381:16:Call -> U
5381:16:Name -> Func:pandas.core.dtypes.common.needs_i8_conversion
5381:36:Attribute -> U
5381:36:Name -> U
5382:16:Call -> Const:bool:False | Const:bool:False | Const:bool:True | Const:bool:False | U
5382:16:Name -> Func:pandas.core.dtypes.common.is_bool_dtype
5382:30:Attribute -> U
5382:30:Name -> U
5383:16:Call -> ERR
5383:16:Name -> Func:builtins.isinstance
5383:27:Attribute -> U
5383:27:Name -> U
5383:41:Name -> Class:pandas.core.arrays.string_.StringDtype
5383:54:Name -> Class:pandas.core.dtypes.dtypes.CategoricalDtype
5385:14:Call -> ExcInst:builtins.NotImplementedError
5385:14:Name -> Class:builtins.NotImplementedError
5386:48:Attribute -> U
5386:48:Name -> U
5392:28:Call -> Tuple:2
5392:28:Name -> Func:pandas.io.pytables._get_data_and_dtype_name
5392:53:Name -> U
5393:11:Call -> Const:str:'string' | Const:str:'float' | Const:str:'complex' | Const:str:'integer' | Const:str:'datetime64[Uninferable]' | U | Const:str:'bool' | Const:str:'category' | Const:str:'integer' | Const:str:'object' | Const:str:'str'
5393:11:Name -> Func:pandas.io.pytables._dtype_to_kind
5393:26:Name -> Const:str:'datetime64[Uninferable]' | U
5394:11:Call -> U
5394:11:Attribute -> BM:pandas.io.pytables.DataCol._get_atom
5394:11:Name -> Class:pandas.io.pytables.DataIndexableCol
5394:38:Name -> U
5397:8:Call -> Const:NoneType:None
5397:8:Attribute -> Func:pandas._libs.lib.is_np_dtype
5397:8:Name -> Module:pandas._libs.lib
5397:24:Attribute -> U
5397:24:Name -> U
5398:11:Call -> U
5398:11:Name -> Func:pandas.core.dtypes.common.needs_i8_conversion
5398:31:Attribute -> U
5398:31:Name -> U
5399:11:Call -> Const:bool:False | Const:bool:False | Const:bool:True | Const:bool:False | U
5399:11:Name -> Func:pandas.core.dtypes.common.is_bool_dtype
5399:25:Attribute -> U
5399:25:Name -> U
5404:15:Call -> Inst:pandas.io.pytables.IndexCol
5404:15:Name -> Class:pandas.io.pytables.IndexCol
5405:12:Name -> U
5406:19:Name -> U
5407:17:Name -> Const:str:'string' | Const:str:'float' | Const:str:'complex' | Const:str:'integer' | Const:str:'datetime64[Uninferable]' | U | Const:str:'bool' | Const:str:'category' | Const:str:'integer' | Const:str:'object' | Const:str:'str'
5408:16:Name -> U
5409:17:Call -> U
5409:17:Name -> Func:builtins.getattr
5409:25:Name -> U
5410:15:Call -> U
5410:15:Name -> Func:builtins.getattr
5410:23:Name -> U
5411:23:Name -> U
5414:7:Call -> ERR
5414:7:Name -> Func:builtins.isinstance
5414:18:Name -> U
5414:25:Name -> Class:pandas.core.indexes.multi.MultiIndex
5415:14:Call -> ExcInst:builtins.TypeError
5415:14:Name -> Class:builtins.TypeError
5417:20:Call -> Const:NoneType:None
5417:20:Attribute -> Func:pandas._libs.lib.infer_dtype
5417:20:Name -> Module:pandas._libs.lib
5417:36:Name -> U
5421:13:Call -> U
5421:13:Attribute -> U
5421:13:Name -> U
5421:24:Name -> U
5423:7:Name -> Const:NoneType:None
5424:20:Call -> U
5424:20:Attribute -> U
5424:20:Name -> U
5424:32:Call -> U
5424:32:Attribute -> U
5424:32:Name -> U
5424:55:Name -> U
5424:70:Attribute -> U
5424:70:Name -> U
5425:15:Call -> Inst:pandas.io.pytables.IndexCol
5425:15:Name -> Class:pandas.io.pytables.IndexCol
5426:12:Name -> U
5426:18:Name -> U
5426:37:Call -> U
5426:37:Attribute -> U
5426:37:Call -> Const:NoneType:None | U
5426:37:Name -> Func:pandas.io.pytables._tables
5426:71:Name -> U
5428:9:Name -> Const:NoneType:None
5429:20:Call -> U
5429:20:Name -> Func:pandas.io.pytables._convert_string_array
5429:42:Name -> U
5429:50:Name -> U
5429:60:Name -> U
5430:19:Attribute -> U
5430:19:Attribute -> U
5430:19:Name -> U
5431:15:Call -> Inst:pandas.io.pytables.IndexCol
5431:15:Name -> Class:pandas.io.pytables.IndexCol
5432:12:Name -> U
5433:12:Name -> U
5435:12:Call -> U
5435:12:Attribute -> U
5435:12:Call -> Const:NoneType:None | U
5435:12:Name -> Func:pandas.io.pytables._tables
5435:32:Name -> U
5436:23:Name -> U
5439:9:Name -> Const:NoneType:None
5440:15:Call -> Inst:pandas.io.pytables.IndexCol
5440:15:Name -> Class:pandas.io.pytables.IndexCol
5441:12:Name -> U
5441:25:Name -> U
5441:41:Name -> Const:str:'string' | Const:str:'float' | Const:str:'complex' | Const:str:'integer' | Const:str:'datetime64[Uninferable]' | U | Const:str:'bool' | Const:str:'category' | Const:str:'integer' | Const:str:'object' | Const:str:'str'
5441:51:Name -> U
5441:68:Name -> U
5444:15:Call -> ERR
5444:15:Name -> Func:builtins.isinstance
5444:26:Name -> U
5444:37:Attribute -> Class:.ndarray
5444:37:Name -> U
5444:53:Attribute -> U
5444:53:Name -> U
5444:72:Name -> Class:builtins.object
5445:15:Name -> Const:str:'string' | Const:str:'float' | Const:str:'complex' | Const:str:'integer' | Const:str:'datetime64[Uninferable]' | U | Const:str:'bool' | Const:str:'category' | Const:str:'integer' | Const:str:'object' | Const:str:'str'
5445:33:Name -> Const:str:'string' | Const:str:'float' | Const:str:'complex' | Const:str:'integer' | Const:str:'datetime64[Uninferable]' | U | Const:str:'bool' | Const:str:'category' | Const:str:'integer' | Const:str:'object' | Const:str:'str'
5446:15:Call -> U
5446:15:Attribute -> U
5446:15:Call -> Const:NoneType:None | U
5446:15:Name -> Func:pandas.io.pytables._tables
5447:15:Call -> Inst:pandas.io.pytables.IndexCol
5447:15:Name -> Class:pandas.io.pytables.IndexCol
5447:24:Name -> U
5447:30:Name -> U
5447:41:Name -> Const:str:'string' | Const:str:'float' | Const:str:'complex' | Const:str:'integer' | Const:str:'datetime64[Uninferable]' | U | Const:str:'bool' | Const:str:'category' | Const:str:'integer' | Const:str:'object' | Const:str:'str'
5447:47:Name -> U
5447:64:Name -> U
5450:33:Name -> Class:builtins.str
5450:48:Name -> Class:builtins.str
5450:61:Name -> Class:builtins.str
5450:69:Attribute -> Class:.ndarray
5450:69:Name -> U
5450:82:Name -> Class:pandas.core.indexes.base.Index
5451:11:Name -> Class:pandas.core.indexes.base.Index
5451:19:Attribute -> Class:.ndarray
5451:19:Name -> U
5453:7:Call -> U
5453:7:Attribute -> U
5453:7:Name -> U
5454:11:Name -> U
5456:20:Call -> Inst:pandas.core.indexes.datetimes.DatetimeIndex
5456:20:Name -> Class:pandas.core.indexes.datetimes.DatetimeIndex
5456:34:Name -> U
5458:20:Call -> Inst:pandas.core.indexes.datetimes.DatetimeIndex
5458:20:Name -> Class:pandas.core.indexes.datetimes.DatetimeIndex
5458:34:Call -> U
5458:34:Attribute -> U
5458:34:Name -> U
5458:44:Name -> U
5459:9:Call -> U
5459:9:Attribute -> U
5459:9:Name -> U
5460:11:Name -> U
5462:20:Call -> Inst:pandas.core.indexes.timedeltas.TimedeltaIndex
5462:20:Name -> Class:pandas.core.indexes.timedeltas.TimedeltaIndex
5462:35:Name -> U
5464:20:Call -> Inst:pandas.core.indexes.timedeltas.TimedeltaIndex
5464:20:Name -> Class:pandas.core.indexes.timedeltas.TimedeltaIndex
5464:35:Call -> U
5464:35:Attribute -> U
5464:35:Name -> U
5464:45:Name -> U
5465:9:Name -> U
5467:20:Call -> U
5467:20:Attribute -> U
5467:20:Name -> U
5467:32:Call -> Inst:_pydatetime.date
5467:32:Attribute -> BM:_pydatetime.date.fromordinal
5467:32:Name -> Class:_pydatetime.date
5467:49:Name -> U
5467:61:Name -> U
5467:74:Name -> Class:builtins.object
5468:15:Name -> Class:builtins.ValueError
5469:20:Call -> U
5469:20:Attribute -> U
5469:20:Name -> U
5469:32:Call -> Inst:_pydatetime.date
5469:32:Attribute -> BM:_pydatetime.date.fromtimestamp
5469:32:Name -> Class:_pydatetime.date
5469:51:Name -> U
5469:63:Name -> U
5469:76:Name -> Class:builtins.object
5470:9:Name -> U
5471:16:Call -> U
5471:16:Attribute -> U
5471:16:Name -> U
5471:27:Name -> U
5472:9:Name -> U
5473:16:Call -> U
5473:16:Name -> Func:pandas.io.pytables._unconvert_string_array
5474:12:Name -> U
5474:41:Name -> U
5474:58:Name -> U
5476:9:Name -> U
5477:16:Call -> U
5477:16:Attribute -> U
5477:16:Name -> U
5477:27:Name -> U
5479:14:Call -> ExcInst:builtins.ValueError
5479:14:Name -> Class:builtins.ValueError
5479:52:Name -> U
5480:11:Name -> U | Inst:pandas.core.indexes.datetimes.DatetimeIndex | Inst:pandas.core.indexes.timedeltas.TimedeltaIndex
5484:10:Name -> Class:builtins.str
5485:13:Name -> Class:.Union
5491:13:Name -> Class:builtins.list
5491:18:Name -> Class:builtins.str
5493:7:Call -> ERR
5493:7:Name -> Func:builtins.isinstance
5493:18:Attribute -> U
5493:18:Name -> U
5493:33:Name -> Class:pandas.core.arrays.string_.StringDtype
5494:18:Call -> U
5494:18:Attribute -> U
5494:18:Name -> U
5495:7:Attribute -> U
5495:7:Name -> U
5495:24:Name -> Class:builtins.object
5496:15:Name -> U
5498:14:Call -> U
5498:14:Name -> Func:typing.cast
5498:33:Name -> U
5500:17:Attribute -> U
5500:17:Attribute -> U
5500:17:Name -> U
5501:20:Call -> Const:NoneType:None
5501:20:Attribute -> Func:pandas._libs.lib.infer_dtype
5501:20:Name -> Module:pandas._libs.lib
5501:36:Name -> U
5503:7:Name -> Const:NoneType:None
5504:14:Call -> ExcInst:builtins.TypeError
5504:14:Name -> Class:builtins.TypeError
5505:7:Name -> Const:NoneType:None
5508:14:Call -> ExcInst:builtins.TypeError
5508:14:Name -> Class:builtins.TypeError
5512:12:Name -> Const:NoneType:None
5512:41:Name -> U
5513:15:Name -> U
5515:11:Call -> Const:NoneType:None | Const:NoneType:None | Const:NoneType:None | Const:NoneType:None | Const:NoneType:None | Const:NoneType:None | Const:bool:False | U | Inst:.ndarray | Inst:.ndarray | Const:NoneType:None | Const:NoneType:None
5515:11:Name -> Func:pandas.core.dtypes.missing.isna | Func:pandas.core.dtypes.missing.isna | Func:pandas.core.dtypes.missing.isna | Func:pandas.core.dtypes.missing.isna | Func:pandas.core.dtypes.missing.isna | Func:pandas.core.dtypes.missing.isna
5515:16:Name -> U
5516:11:Call -> U
5516:11:Attribute -> U
5516:11:Name -> U
5517:4:Name -> U
5517:9:Name -> Const:NoneType:None | Const:NoneType:None | Const:NoneType:None | Const:NoneType:None | Const:NoneType:None | Const:NoneType:None | Const:bool:False | U | Inst:.ndarray | Inst:.ndarray | Const:NoneType:None | Const:NoneType:None
5517:17:Name -> U
5519:7:Name -> U
5519:24:Call -> U | Inst:.ndarray | Inst:.ndarray
5519:24:Attribute -> U | BM:.ndarray.any | BM:.ndarray.any
5519:24:Name -> Const:NoneType:None | Const:NoneType:None | Const:NoneType:None | Const:NoneType:None | Const:NoneType:None | Const:NoneType:None | Const:bool:False | U | Inst:.ndarray | Inst:.ndarray | Const:NoneType:None | Const:NoneType:None
5519:39:Call -> ERR
5519:39:Name -> Func:builtins.len
5519:43:Name -> U
5519:54:Attribute -> U
5519:54:Name -> U
5520:14:Call -> ExcInst:builtins.ValueError
5520:14:Name -> Class:builtins.ValueError
5523:20:Call -> Const:NoneType:None
5523:20:Attribute -> Func:pandas._libs.lib.infer_dtype
5523:20:Name -> Module:pandas._libs.lib
5523:36:Name -> U
5524:7:Name -> Const:NoneType:None
5530:17:Call -> Inst:builtins.range
5530:17:Name -> Class:builtins.range
5530:23:Attribute -> U
5530:23:Name -> U
5531:18:Name -> U
5531:23:Name -> U
5532:28:Call -> Const:NoneType:None
5532:28:Attribute -> Func:pandas._libs.lib.infer_dtype
5532:28:Name -> Module:pandas._libs.lib
5532:44:Name -> U
5533:15:Name -> Const:NoneType:None
5534:51:Call -> ERR
5534:51:Name -> Func:builtins.len
5534:55:Name -> U
5534:66:Name -> U
5534:37:Name -> U
5534:45:Name -> U
5534:79:Name -> U
5535:22:Call -> ExcInst:builtins.TypeError
5535:22:Name -> Class:builtins.TypeError
5536:52:Name -> U | Const:str:'No.Uninferable'
5538:24:Name -> Const:NoneType:None | Const:NoneType:None
5543:21:Call -> U
5543:21:Attribute -> U
5543:21:Call -> U
5543:21:Name -> Func:pandas.io.pytables._convert_string_array
5543:43:Name -> U
5543:49:Name -> U
5543:59:Name -> U
5543:75:Attribute -> U
5543:75:Name -> U
5544:15:Attribute -> U
5544:15:Name -> U
5547:7:Call -> ERR
5547:7:Name -> Func:builtins.isinstance
5547:18:Name -> U
5547:32:Name -> Class:builtins.dict
5548:23:Call -> Inst:builtins.int
5548:23:Name -> Class:builtins.int
5548:27:Call -> U
5548:27:Attribute -> U
5548:27:Name -> U
5548:44:Name -> U
5548:53:Call -> U
5548:53:Attribute -> U
5548:53:Name -> U
5549:15:Call -> ERR
5549:15:Name -> Func:builtins.max
5549:19:Name -> U | Inst:builtins.int
5549:38:Name -> U
5552:7:Name -> U
5553:14:Call -> U
5553:14:Attribute -> U
5553:14:Name -> U
5553:40:Name -> U
5554:11:Name -> U
5554:31:Name -> U
5554:37:Name -> U
5555:23:Name -> U
5557:21:Call -> U
5557:21:Attribute -> U
5557:21:Name -> U
5557:48:Name -> U
5558:11:Name -> U
5561:32:Attribute -> Class:.ndarray
5561:32:Name -> U
5561:54:Name -> Class:builtins.str
5561:67:Name -> Class:builtins.str
5561:75:Attribute -> Class:.ndarray
5561:75:Name -> U
5577:7:Call -> ERR
5577:7:Name -> Func:builtins.len
5577:11:Name -> U
5579:12:Call -> U
5579:12:Attribute -> U
5579:12:Attribute -> U
5579:12:Call -> U
5579:12:Attribute -> U
5579:12:Attribute -> U
5579:12:Call -> Inst:pandas.core.series.Series
5579:12:Name -> Class:pandas.core.series.Series
5579:19:Call -> U
5579:19:Attribute -> U
5579:19:Name -> U
5580:24:Name -> U
5580:34:Name -> U
5581:29:Attribute -> U
5581:29:Name -> U
5585:14:Call -> Const:NoneType:None
5585:14:Name -> Func:pandas._libs.algos.ensure_object
5585:28:Call -> U
5585:28:Attribute -> U
5585:28:Name -> U
5586:15:Call -> ERR
5586:15:Name -> Func:builtins.max
5586:22:Call -> Const:NoneType:None
5586:22:Attribute -> Func:pandas._libs.writers.max_len_string_array
5586:22:Name -> Module:pandas._libs.writers
5586:54:Name -> Const:NoneType:None
5588:11:Call -> U
5588:11:Attribute -> U
5588:11:Name -> U
5588:22:Name -> U
5588:38:Name -> U
5589:11:Name -> U
5593:10:Attribute -> Class:.ndarray
5593:10:Name -> U
5593:41:Name -> Class:builtins.str
5593:54:Name -> Class:builtins.str
5594:5:Attribute -> Class:.ndarray
5594:5:Name -> U
5614:12:Attribute -> U
5614:12:Name -> U
5615:11:Call -> U
5615:11:Attribute -> U
5615:11:Name -> U
5615:22:Call -> U
5615:22:Attribute -> U
5615:22:Name -> U
5615:42:Name -> Class:builtins.object
5617:7:Call -> ERR
5617:7:Name -> Func:builtins.len
5617:11:Name -> U
5618:19:Call -> Const:NoneType:None
5618:19:Attribute -> Func:pandas._libs.writers.max_len_string_array
5618:19:Name -> Module:pandas._libs.writers
5618:51:Call -> Const:NoneType:None
5618:51:Name -> Func:pandas._libs.algos.ensure_object
5618:65:Name -> U
5619:20:Name -> Const:NoneType:None
5621:11:Call -> ERR
5621:11:Name -> Func:builtins.isinstance
5621:22:Name -> U
5621:31:Name -> Class:builtins.bytes
5622:18:Call -> U
5622:18:Attribute -> U
5622:18:Attribute -> U
5622:18:Call -> Inst:pandas.core.series.Series
5622:18:Name -> Class:pandas.core.series.Series
5622:25:Name -> U
5623:16:Name -> U
5623:33:Name -> U
5625:19:Call -> U
5625:19:Attribute -> U
5625:19:Name -> U
5626:12:Attribute -> U
5626:12:Name -> U
5628:19:Call -> U
5628:19:Attribute -> U
5628:19:Call -> U
5628:19:Attribute -> U
5628:19:Name -> U
5628:31:Name -> Const:str:'UNone'
5628:57:Name -> Class:builtins.object
5630:7:Name -> U
5631:8:Call -> Const:NoneType:None
5631:8:Attribute -> Func:pandas._libs.writers.string_array_replace_from_nan_rep
5631:8:Name -> Module:pandas._libs.writers
5631:53:Name -> U
5631:59:Name -> U
5632:11:Call -> U
5632:11:Attribute -> U
5632:11:Name -> U
5632:24:Name -> U
5635:27:Attribute -> Class:.ndarray
5635:27:Name -> U
5635:49:Name -> Class:builtins.str
5635:64:Name -> Class:builtins.str
5635:77:Name -> Class:builtins.str
5636:11:Call -> ERR
5636:11:Name -> Func:builtins.isinstance
5636:22:Name -> U
5636:32:Name -> Class:builtins.str
5636:38:Call -> U
5636:38:Name -> Class:builtins.type
5636:43:Name -> U
5637:7:Call -> Const:bool:True | Const:bool:False
5637:7:Name -> Func:pandas.io.pytables._need_convert
5637:21:Name -> U
5638:15:Call -> Lambda:pandas.io.pytables:5645 | Lambda:pandas.io.pytables:5647 | Lambda:pandas.io.pytables:5649
5638:15:Name -> Func:pandas.io.pytables._get_converter
5638:30:Name -> U
5638:40:Name -> U
5638:50:Name -> U
5639:17:Call -> U
5639:17:Name -> Lambda:pandas.io.pytables:5645 | Lambda:pandas.io.pytables:5647 | Lambda:pandas.io.pytables:5649
5639:22:Name -> U
5640:11:Name -> U
5643:25:Name -> Class:builtins.str
5643:40:Name -> Class:builtins.str
5643:53:Name -> Class:builtins.str
5644:7:Name -> U
5645:25:Call -> U
5645:25:Attribute -> U
5645:25:Name -> U
5645:36:Name -> U
5646:25:Name -> U
5647:25:Call -> U
5647:25:Attribute -> U
5647:25:Name -> U
5647:36:Name -> U
5647:45:Name -> U
5648:9:Name -> U
5649:25:Call -> U
5649:25:Name -> Func:pandas.io.pytables._unconvert_string_array
5650:12:Name -> U
5650:38:Name -> U
5650:55:Name -> U
5653:14:Call -> ExcInst:builtins.ValueError
5653:14:Name -> Class:builtins.ValueError
5653:41:Name -> U
5656:24:Name -> Class:builtins.str
5656:32:Name -> Class:builtins.bool
5657:7:Name -> U
5657:59:Name -> U
5662:30:Name -> Class:builtins.str
5662:38:Name -> Class:builtins.str
5666:7:Call -> U
5666:7:Attribute -> U
5666:7:Name -> U
5668:9:Call -> U
5668:9:Attribute -> U
5668:9:Name -> U
5670:9:Call -> U
5670:9:Attribute -> U
5670:9:Name -> U
5672:9:Call -> U
5672:9:Attribute -> U
5672:9:Name -> U
5674:9:Call -> U
5674:9:Attribute -> U
5674:9:Name -> U
5675:15:Name -> U
5676:9:Call -> U
5676:9:Attribute -> U
5676:9:Name -> U
5677:15:Name -> U
5678:9:Call -> U
5678:9:Attribute -> U
5678:9:Name -> U
5680:9:Call -> U
5680:9:Attribute -> U
5680:9:Name -> U
5682:9:Call -> U
5682:9:Attribute -> U
5682:9:Name -> U
5685:9:Name -> U
5687:9:Name -> U
5690:14:Call -> ExcInst:builtins.ValueError
5690:14:Name -> Class:builtins.ValueError
5690:55:Name -> U
5692:11:Name -> Const:str:'string' | Const:str:'float' | Const:str:'complex' | Const:str:'integer' | U | Const:str:'bool' | Const:str:'category' | Const:str:'integer' | Const:str:'object' | Const:str:'str'
5695:35:Name -> Class:.Union
5699:7:Call -> ERR
5699:7:Name -> Func:builtins.isinstance
5699:18:Name -> U
5699:24:Name -> Class:pandas.core.arrays.categorical.Categorical
5700:15:Attribute -> U
5700:15:Name -> U
5702:7:Call -> ERR
5702:7:Name -> Func:builtins.isinstance
5702:18:Attribute -> U
5702:18:Name -> U
5702:30:Name -> Class:pandas.core.dtypes.dtypes.DatetimeTZDtype
5704:35:Attribute -> U
5704:35:Attribute -> U
5704:35:Name -> U
5706:21:Attribute -> U
5706:21:Attribute -> U
5706:21:Name -> U
5708:7:Attribute -> U
5708:7:Attribute -> U
5708:7:Name -> U
5709:15:Call -> U
5709:15:Attribute -> U
5709:15:Name -> U
5709:26:Call -> U
5709:26:Attribute -> U
5709:26:Name -> U
5713:9:Call -> ERR
5713:9:Name -> Func:builtins.isinstance
5713:20:Name -> U
5713:27:Name -> Class:pandas.core.indexes.period.PeriodIndex
5713:40:Name -> Class:pandas.core.arrays.period.PeriodArray
5714:15:Attribute -> U
5714:15:Name -> U
5716:11:Call -> U
5716:11:Attribute -> U
5716:11:Name -> U
5716:22:Name -> U
5717:11:Name -> U
5717:17:Name -> Const:str:'datetime64[Uninferable]' | U
5734:15:Name -> Class:pandas.io.pytables.Table
5736:15:Name -> Class:builtins.int
5737:14:Name -> Class:builtins.int
5739:8:Name -> Inst:pandas.io.pytables.Selection
5739:21:Name -> U
5740:8:Name -> Inst:pandas.io.pytables.Selection
5740:21:Name -> Const:NoneType:None | U
5741:8:Name -> Inst:pandas.io.pytables.Selection
5741:21:Name -> Const:NoneType:None | U
5742:8:Name -> Inst:pandas.io.pytables.Selection
5742:20:Name -> Const:NoneType:None | U
5743:8:Name -> Inst:pandas.io.pytables.Selection
5744:8:Name -> Inst:pandas.io.pytables.Selection
5745:8:Name -> Inst:pandas.io.pytables.Selection
5746:8:Name -> Inst:pandas.io.pytables.Selection
5748:11:Call -> Const:NoneType:None
5748:11:Name -> Func:pandas._libs.lib.is_list_like
5748:24:Name -> Const:NoneType:None | U
5750:17:Call -> Inst:contextlib.suppress
5750:17:Name -> Class:contextlib.suppress
5750:26:Name -> Class:builtins.ValueError
5751:27:Call -> Const:NoneType:None
5751:27:Attribute -> Func:pandas._libs.lib.infer_dtype
5751:27:Name -> Module:pandas._libs.lib
5751:43:Name -> Const:NoneType:None | U
5752:19:Name -> Const:NoneType:None
5753:28:Call -> U
5753:28:Attribute -> U
5753:28:Name -> U
5753:39:Name -> Const:NoneType:None | U
5754:23:Attribute -> U
5754:23:Name -> U
5754:38:Attribute -> U
5754:38:Name -> U
5755:38:Attribute -> Const:NoneType:None | U
5755:38:Name -> Inst:pandas.io.pytables.Selection
5755:50:Attribute -> Const:NoneType:None | U
5755:50:Name -> Inst:pandas.io.pytables.Selection
5756:27:Name -> Const:NoneType:None | U
5758:27:Name -> Const:NoneType:None | U
5759:35:Attribute -> U
5759:35:Attribute -> U
5759:35:Name -> Inst:pandas.io.pytables.Selection
5760:24:Name -> Inst:pandas.io.pytables.Selection
5760:43:Call -> U
5760:43:Attribute -> U
5760:43:Name -> U
5760:53:Name -> Const:NoneType:None | U | Const:int:0
5760:60:Name -> Const:NoneType:None | U
5760:66:Name -> Const:NoneType:None | U
5761:25:Call -> ERR
5761:25:Name -> Func:builtins.issubclass
5761:36:Attribute -> U
5761:36:Attribute -> U
5761:36:Name -> Const:NoneType:None | U
5761:54:Attribute -> U
5761:54:Name -> U
5762:28:Attribute -> Const:NoneType:None | U
5762:28:Name -> Inst:pandas.io.pytables.Selection
5762:55:Call -> U
5762:55:Attribute -> U
5762:56:Name -> Const:NoneType:None | U
5762:64:Attribute -> Const:NoneType:None | U
5762:64:Name -> Inst:pandas.io.pytables.Selection
5763:28:Attribute -> Const:NoneType:None | U
5763:28:Name -> Inst:pandas.io.pytables.Selection
5763:54:Call -> U
5763:54:Attribute -> U
5763:55:Name -> Const:NoneType:None | U
5763:64:Attribute -> Const:NoneType:None | U
5763:64:Name -> Inst:pandas.io.pytables.Selection
5765:34:Call -> ExcInst:builtins.ValueError
5765:34:Name -> Class:builtins.ValueError
5768:24:Name -> Inst:pandas.io.pytables.Selection
5768:43:Name -> Const:NoneType:None | U
5770:11:Attribute -> Const:NoneType:None | U | Const:NoneType:None
5770:11:Name -> Inst:pandas.io.pytables.Selection
5771:12:Name -> Inst:pandas.io.pytables.Selection
5771:25:Call -> Const:NoneType:None | Inst:pandas.core.computation.pytables.PyTablesExpr
5771:25:Attribute -> BM:pandas.io.pytables.Selection.generate
5771:25:Name -> Inst:pandas.io.pytables.Selection
5771:39:Name -> Const:NoneType:None | U
5774:15:Attribute -> Const:NoneType:None | Const:NoneType:None | Inst:pandas.core.computation.pytables.PyTablesExpr
5774:15:Name -> Inst:pandas.io.pytables.Selection
5775:16:Name -> Inst:pandas.io.pytables.Selection
5775:32:Name -> Inst:pandas.io.pytables.Selection
5775:46:Call -> Tuple:2
5775:46:Attribute -> BM:pandas.core.computation.pytables.PyTablesExpr.evaluate
5775:46:Attribute -> Inst:pandas.core.computation.pytables.PyTablesExpr
5775:46:Name -> Inst:pandas.io.pytables.Selection
5777:5:Name -> Func:typing.overload
5778:30:Name -> Class:builtins.dict
5778:37:Name -> Class:builtins.list
5778:44:Name -> Class:builtins.tuple
5778:52:Name -> Class:builtins.str
5778:60:Name -> Class:pandas.core.computation.pytables.PyTablesExpr
5780:5:Name -> Func:typing.overload
5783:30:Name -> Class:builtins.dict
5783:37:Name -> Class:builtins.list
5783:44:Name -> Class:builtins.tuple
5783:52:Name -> Class:builtins.str
5783:67:Name -> Class:pandas.core.computation.pytables.PyTablesExpr
5785:11:Name -> U
5788:12:Call -> U
5788:12:Attribute -> U
5788:12:Attribute -> U
5788:12:Name -> Inst:pandas.io.pytables.Selection
5790:19:Call -> Inst:pandas.core.computation.pytables.PyTablesExpr
5790:19:Name -> Class:pandas.core.computation.pytables.PyTablesExpr
5790:32:Name -> U
5790:50:Name -> U
5790:62:Attribute -> U
5790:62:Attribute -> U
5790:62:Name -> Inst:pandas.io.pytables.Selection
5791:15:Name -> Class:builtins.NameError
5794:20:Call -> Const:str:''
5794:20:Attribute -> BM:builtins.str.join
5794:29:Call -> U
5794:29:Attribute -> U
5794:29:Name -> U
5795:18:Call -> U
5795:18:Name -> Func:textwrap.dedent
5797:46:Name -> U
5801:67:Name -> Const:str:''
5804:18:Call -> ExcInst:builtins.ValueError
5804:18:Name -> Class:builtins.ValueError
5804:29:Name -> U
5804:39:Name -> ExcInst:builtins.NameError
5810:11:Attribute -> Const:NoneType:None | U
5810:11:Name -> Inst:pandas.io.pytables.Selection
5812:23:Call -> U
5812:23:Attribute -> U
5812:23:Attribute -> U
5812:23:Attribute -> U
5812:23:Name -> Inst:pandas.io.pytables.Selection
5813:20:Call -> U
5813:20:Attribute -> U
5813:20:Attribute -> U
5813:20:Name -> Inst:pandas.io.pytables.Selection
5813:51:Attribute -> Const:NoneType:None | U
5813:51:Name -> Inst:pandas.io.pytables.Selection
5813:68:Attribute -> Const:NoneType:None | U
5813:68:Name -> Inst:pandas.io.pytables.Selection
5815:19:Name -> Class:builtins.ValueError
5821:44:Call -> Const:str:''
5821:44:Name -> Class:builtins.str
5821:48:Name -> ExcInst:builtins.ValueError
5823:22:Call -> ExcInst:builtins.ValueError
5823:22:Name -> Class:builtins.ValueError
5830:23:Name -> ExcInst:builtins.ValueError
5831:13:Attribute -> Const:NoneType:None | U | Const:NoneType:None
5831:13:Name -> Inst:pandas.io.pytables.Selection
5832:19:Call -> U
5832:19:Attribute -> U
5832:19:Attribute -> U
5832:19:Attribute -> U
5832:19:Name -> Inst:pandas.io.pytables.Selection
5832:53:Attribute -> U
5832:53:Name -> Inst:pandas.io.pytables.Selection
5833:15:Call -> U
5833:15:Attribute -> U
5833:15:Attribute -> U
5833:15:Attribute -> U
5833:15:Name -> Inst:pandas.io.pytables.Selection
5833:43:Attribute -> Const:NoneType:None | U
5833:43:Name -> Inst:pandas.io.pytables.Selection
5833:60:Attribute -> Const:NoneType:None | U
5833:60:Name -> Inst:pandas.io.pytables.Selection
5839:22:Attribute -> Const:NoneType:None | U
5839:22:Name -> Inst:pandas.io.pytables.Selection
5839:34:Attribute -> Const:NoneType:None | U
5839:34:Name -> Inst:pandas.io.pytables.Selection
5840:16:Attribute -> U
5840:16:Attribute -> U
5840:16:Name -> Inst:pandas.io.pytables.Selection
5841:11:Name -> Const:NoneType:None | U
5843:13:Name -> U
5844:21:Name -> U
5845:11:Name -> Const:NoneType:None | U
5846:19:Name -> U
5847:13:Name -> U
5848:20:Name -> U
5850:11:Attribute -> Const:NoneType:None | U
5850:11:Name -> Inst:pandas.io.pytables.Selection
5851:19:Call -> U
5851:19:Attribute -> U
5851:19:Attribute -> U
5851:19:Attribute -> U
5851:19:Name -> Inst:pandas.io.pytables.Selection
5852:16:Call -> U
5852:16:Attribute -> U
5852:16:Attribute -> U
5852:16:Name -> Inst:pandas.io.pytables.Selection
5852:47:Name -> Const:NoneType:None | U | Const:int:0
5852:59:Name -> Const:NoneType:None | U
5854:13:Attribute -> Const:NoneType:None | U | Const:NoneType:None
5854:13:Name -> Inst:pandas.io.pytables.Selection
5855:19:Attribute -> U
5855:19:Name -> Inst:pandas.io.pytables.Selection
5857:17:Call -> U
5857:17:Attribute -> U
5857:17:Name -> U
5857:27:Name -> Const:NoneType:None | U | Const:int:0
5857:34:Name -> Const:NoneType:None | U
5858:11:Attribute -> Const:NoneType:None | U
5858:11:Name -> Inst:pandas.io.pytables.Selection
5858:39:Call -> ERR
5858:39:Name -> Func:builtins.len
5858:43:Name -> U
5862:35:Call -> U
5862:35:Attribute -> U
5862:35:Attribute -> Const:NoneType:None | U
5862:35:Name -> Inst:pandas.io.pytables.Selection
5863:23:Call -> U
5863:23:Attribute -> U
5863:23:Attribute -> U
5863:23:Name -> Inst:pandas.io.pytables.Selection
5864:20:Name -> U
5864:33:Call -> U
5864:33:Attribute -> U
5864:33:Name -> U
5864:52:Call -> U
5864:52:Attribute -> U
5864:52:Name -> U
5866:25:Name -> U
5866:32:Attribute -> U
5866:32:Call -> U
5866:32:Name -> U
5866:35:Attribute -> U
5866:35:Name -> U
5866:45:Name -> U
5866:54:Call -> U
5866:54:Attribute -> U
5866:54:Name -> U
5866:69:Name -> U
5867:15:Name -> U
