90:3:Name -> Const:bool:False
111:30:Name -> Class:builtins.list
111:35:Name -> Class:.Union
111:49:Name -> Class:.Union
124:11:Call -> ERR
124:11:Name -> Func:builtins.len
124:15:Name -> U
127:11:Call -> Const:NoneType:None | Const:NoneType:None | Const:NoneType:None | U
127:11:Name -> Func:pandas.core.dtypes.cast.find_common_type | Func:pandas.core.dtypes.cast.find_common_type | Func:pandas.core.dtypes.cast.find_common_type | Func:pandas.core.dtypes.cast.find_common_type
127:28:Name -> U
130:27:Name -> Class:.Union
130:40:Attribute -> U
130:40:Name -> U
133:7:Call -> ERR
133:7:Name -> Func:builtins.isinstance
133:18:Name -> U
133:25:Name -> Class:pandas.core.dtypes.dtypes.SparseDtype
134:16:Attribute -> U
134:16:Name -> U
135:16:Call -> U
135:16:Name -> Func:typing.cast
135:33:Name -> U
136:9:Call -> ERR
136:9:Name -> Func:builtins.isinstance
136:20:Name -> U
136:27:Name -> Class:pandas.core.dtypes.base.ExtensionDtype
137:16:Call -> U
137:16:Attribute -> U
137:16:Name -> U
138:9:Name -> U
138:18:Call -> U
138:18:Attribute -> U
138:18:Name -> U
138:27:Name -> Class:builtins.str
139:16:Call -> U
139:16:Attribute -> U
139:16:Name -> U
140:11:Name -> U
143:23:Name -> Class:pandas.core.base.PandasObject
196:13:Attribute -> U
196:13:Name -> U
196:25:Attribute -> U
196:25:Name -> U
197:14:Attribute -> U
197:14:Name -> U
197:26:Attribute -> U
197:26:Name -> U
198:12:Name -> Class:builtins.tuple
198:18:Name -> Class:pandas.core.internals.blocks.Block
199:10:Name -> Class:builtins.list
199:15:Name -> Class:pandas.core.indexes.base.Index
201:5:Name -> Class:builtins.property
202:22:Name -> Class:builtins.int
203:14:Name -> Class:builtins.NotImplementedError
205:25:Name -> Class:builtins.bool
206:22:Name -> Class:builtins.bool
208:55:Name -> Class:builtins.bool
209:14:Name -> Class:builtins.NotImplementedError
211:5:Name -> Func:typing.final
212:25:Name -> Class:builtins.int
213:15:Call -> ERR
213:15:Name -> Func:builtins.len
213:19:Attribute -> U
213:19:Name -> Inst:pandas.core.internals.managers.BaseBlockManager
215:5:Name -> Class:builtins.property
216:23:Name -> Class:builtins.tuple
217:15:Call -> Inst:builtins.tuple
217:15:Name -> Class:builtins.tuple
217:21:Call -> ERR
217:21:Name -> Func:builtins.len
217:25:Name -> U
217:39:Attribute -> ERR
217:39:Name -> Inst:pandas.core.internals.managers.BaseBlockManager
219:5:Name -> Class:builtins.classmethod
220:33:Name -> Class:builtins.list
220:38:Name -> Class:pandas.core.internals.blocks.Block
220:52:Name -> Class:builtins.list
220:57:Name -> Class:pandas.core.indexes.base.Index
220:68:Name -> Func:typing.Self
221:14:Name -> Class:builtins.NotImplementedError
223:5:Name -> Class:builtins.property
224:24:Attribute -> U
224:24:Name -> U
224:36:Attribute -> U
224:36:Name -> U
233:11:Attribute -> ERR
233:11:Name -> Inst:pandas.core.internals.managers.BaseBlockManager
235:12:Call -> ERR
235:12:Attribute -> ERR
235:12:Name -> Inst:pandas.core.internals.managers.BaseBlockManager
237:15:Attribute -> ERR
237:15:Name -> Inst:pandas.core.internals.managers.BaseBlockManager
239:5:Name -> Class:builtins.property
240:25:Attribute -> U
240:25:Name -> U
240:37:Attribute -> U
240:37:Name -> U
244:11:Attribute -> ERR
244:11:Name -> Inst:pandas.core.internals.managers.BaseBlockManager
246:12:Call -> ERR
246:12:Attribute -> ERR
246:12:Name -> Inst:pandas.core.internals.managers.BaseBlockManager
248:15:Attribute -> ERR
248:15:Name -> Inst:pandas.core.internals.managers.BaseBlockManager
250:39:Name -> Func:typing.Self
252:11:Name -> Const:NoneType:None | U
254:20:Call -> Inst:pandas.core.indexes.range.RangeIndex
254:20:Name -> Func:pandas.core.indexes.api.default_index
254:39:Attribute -> ERR
254:39:Name -> Inst:pandas.core.internals.managers.BaseBlockManager
257:11:Attribute -> U
257:11:Name -> Inst:pandas.core.internals.managers.BaseBlockManager
258:19:Call -> Const:bool:False
258:19:Name -> Func:builtins.isinstance
258:30:Name -> Inst:pandas.core.internals.managers.BaseBlockManager
258:36:Name -> Class:pandas.core.internals.managers.SingleBlockManager
259:18:Attribute -> ERR
259:18:Name -> Inst:pandas.core.internals.managers.BaseBlockManager
260:18:Attribute -> U
260:18:Name -> U
261:17:Call -> Inst:pandas._libs.internals.BlockPlacement
261:17:Name -> Class:pandas._libs.internals.BlockPlacement
261:32:Call -> Slice
261:32:Name -> Class:builtins.slice
262:17:Call -> U
262:17:Attribute -> U
262:17:Name -> U
262:43:Name -> U
262:58:Name -> Inst:pandas._libs.internals.BlockPlacement
263:22:Name -> U
266:15:Call -> U
266:15:Attribute -> BM:pandas.core.internals.managers.BaseBlockManager.from_blocks
266:15:Call -> Class:pandas.core.internals.managers.BaseBlockManager
266:15:Name -> Class:builtins.type
266:20:Name -> Inst:pandas.core.internals.managers.BaseBlockManager
266:38:Name -> List:1 | List:0
266:46:Name -> Const:NoneType:None | U
268:26:Name -> Class:builtins.bool
271:29:Name -> Class:builtins.int
271:50:Name -> Class:pandas.core.indexes.base.Index
273:8:Call -> Const:NoneType:None
273:8:Attribute -> BM:pandas.core.internals.managers.BaseBlockManager._validate_set_axis
273:8:Name -> Inst:pandas.core.internals.managers.BaseBlockManager
273:32:Name -> U
273:38:Name -> U
274:8:Attribute -> ERR
274:8:Name -> Inst:pandas.core.internals.managers.BaseBlockManager
274:18:Name -> U
274:26:Name -> U
276:5:Name -> Func:typing.final
277:39:Name -> Class:builtins.int
277:60:Name -> Class:pandas.core.indexes.base.Index
279:18:Call -> ERR
279:18:Name -> Func:builtins.len
279:22:Attribute -> ERR
279:22:Name -> Inst:pandas.core.internals.managers.BaseBlockManager
279:32:Name -> U
280:18:Call -> ERR
280:18:Name -> Func:builtins.len
280:22:Name -> U
282:11:Name -> U
282:25:Call -> ERR
282:25:Name -> Func:builtins.len
282:29:Attribute -> U
282:29:Name -> Inst:pandas.core.internals.managers.BaseBlockManager
287:13:Name -> U
287:24:Name -> U
288:18:Call -> ExcInst:builtins.ValueError
288:18:Name -> Class:builtins.ValueError
289:54:Name -> U
290:31:Name -> U
293:5:Name -> Class:builtins.property
294:33:Name -> Class:builtins.bool
296:15:Call -> ERR
296:15:Name -> Func:builtins.len
296:19:Attribute -> ERR
296:19:Name -> Inst:pandas.core.internals.managers.BaseBlockManager
298:5:Name -> Class:builtins.property
299:23:Name -> Class:pandas.core.indexes.base.Index
300:15:Attribute -> ERR
300:15:Name -> Inst:pandas.core.internals.managers.BaseBlockManager
302:35:Name -> Class:builtins.int
302:43:Name -> Class:builtins.bool
308:16:Attribute -> U
308:16:Name -> Inst:pandas.core.internals.managers.BaseBlockManager
308:28:Name -> U
309:15:Call -> U
309:15:Attribute -> BM:pandas.core.internals.managers.BaseBlockManager._has_no_reference_block
309:15:Name -> Inst:pandas.core.internals.managers.BaseBlockManager
309:44:Name -> U
311:45:Name -> Class:builtins.int
311:53:Name -> Class:builtins.bool
317:19:Call -> ERR
317:19:Attribute -> ERR
317:19:Attribute -> ERR
317:19:Attribute -> ERR
317:19:Name -> Inst:pandas.core.internals.managers.BaseBlockManager
317:31:Name -> U
319:34:Name -> Class:pandas.core.internals.managers.BaseBlockManager
324:11:Call -> ERR
324:11:Name -> Func:builtins.len
324:15:Attribute -> ERR
324:15:Name -> Inst:pandas.core.internals.managers.BaseBlockManager
324:31:Call -> ERR
324:31:Name -> Func:builtins.len
324:35:Attribute -> U
324:35:Name -> U
327:22:Call -> Inst:builtins.enumerate
327:22:Name -> Class:builtins.enumerate
327:32:Attribute -> ERR
327:32:Name -> Inst:pandas.core.internals.managers.BaseBlockManager
328:12:Name -> U
328:23:Attribute -> U
328:23:Attribute -> U
328:23:Name -> U
328:34:Name -> U
329:12:Call -> U
329:12:Attribute -> U
329:12:Attribute -> U
329:12:Name -> U
329:35:Name -> U
331:42:Name -> Class:pandas.core.internals.managers.BaseBlockManager
331:67:Name -> Class:builtins.int
331:75:Name -> Class:builtins.bool
336:14:Attribute -> ERR
336:14:Name -> Inst:pandas.core.internals.managers.BaseBlockManager
336:26:Name -> U
337:15:Call -> ERR
337:15:Name -> Func:builtins.any
337:19:Name -> U
337:26:Call -> U
337:26:Name -> U
337:43:Attribute -> U
337:43:Attribute -> U
337:43:Attribute -> U
337:43:Name -> U
337:54:Name -> U
339:35:Attribute -> U
339:35:Name -> U
339:47:Attribute -> U
339:47:Name -> U
340:15:Call -> Const:NoneType:None | Const:NoneType:None | U
340:15:Attribute -> Func:pandas.core.algorithms.unique | Func:pandas.core.algorithms.unique | Func:pandas.core.algorithms.unique
340:15:Name -> Module:pandas.core.algorithms
340:28:Call -> Inst:.ndarray
340:28:Attribute -> Func:.array
340:28:Name -> U
340:38:Attribute -> U
340:38:Name -> U
340:59:Attribute -> ERR
340:59:Name -> Inst:pandas.core.internals.managers.BaseBlockManager
340:79:Name -> Class:builtins.object
342:28:Attribute -> U
342:28:Name -> U
342:40:Attribute -> U
342:40:Name -> U
343:17:Call -> Inst:.ndarray
343:17:Attribute -> Func:.array
343:17:Name -> U
343:27:Attribute -> U
343:27:Name -> U
343:48:Attribute -> ERR
343:48:Name -> Inst:pandas.core.internals.managers.BaseBlockManager
343:68:Name -> Class:builtins.object
344:15:Call -> Inst:.ndarray
344:15:Attribute -> BM:.ndarray.take
344:15:Name -> Inst:.ndarray
344:27:Attribute -> U
344:27:Name -> Inst:pandas.core.internals.managers.BaseBlockManager
346:5:Name -> Class:builtins.property
347:24:Name -> Class:builtins.list
347:29:Name -> Class:.Union
360:16:Attribute -> U
360:16:Name -> U
360:38:Attribute -> ERR
360:38:Name -> Inst:pandas.core.internals.managers.BaseBlockManager
362:26:Name -> Class:builtins.str
363:17:Attribute -> Const:str:'BaseBlockManager'
363:17:Call -> Class:pandas.core.internals.managers.BaseBlockManager
363:17:Name -> Class:builtins.type
363:22:Name -> Inst:pandas.core.internals.managers.BaseBlockManager
364:21:Call -> Inst:builtins.enumerate
364:21:Name -> Class:builtins.enumerate
364:31:Attribute -> ERR
364:31:Name -> Inst:pandas.core.internals.managers.BaseBlockManager
365:15:Name -> U
366:38:Name -> U
368:36:Name -> U
368:41:Name -> U
370:21:Attribute -> ERR
370:21:Name -> Inst:pandas.core.internals.managers.BaseBlockManager
371:27:Name -> U
372:15:Name -> Const:str:'BaseBlockManager' | Const:str:'BaseBlockManager\nItems: Uninferable' | Const:str:'BaseBlockManager\nAxis Uninferable: Uni | Const:str:'BaseBlockManager\nUninferable' | Const:str:'BaseBlockManager\nItems: Uninferable\nU | Const:str:'BaseBlockManager\nAxis Uninferable: Uni
374:35:Name -> Func:typing.Self
374:44:Name -> Class:builtins.bool
379:14:Call -> ExcInst:pandas.errors.AbstractMethodError
379:14:Name -> Class:pandas.errors.AbstractMethodError
379:34:Name -> Inst:pandas.core.internals.managers.BaseBlockManager
381:5:Name -> Func:typing.final
382:28:Name -> Class:builtins.object
382:39:Name -> Class:builtins.bool
386:15:Call -> ERR
386:15:Name -> Func:builtins.isinstance
386:26:Name -> U
386:33:Call -> Class:pandas.core.internals.managers.BaseBlockManager
386:33:Name -> Class:builtins.type
386:38:Name -> Inst:pandas.core.internals.managers.BaseBlockManager
389:32:Attribute -> ERR
389:32:Name -> Inst:pandas.core.internals.managers.BaseBlockManager
389:43:Attribute -> U
389:43:Name -> U
390:11:Call -> ERR
390:11:Name -> Func:builtins.len
390:15:Name -> U
390:29:Call -> ERR
390:29:Name -> Func:builtins.len
390:33:Name -> U
392:15:Call -> ERR
392:15:Name -> Func:builtins.all
393:12:Call -> U
393:12:Attribute -> U
393:12:Name -> U
393:23:Name -> U
393:44:Call -> Inst:builtins.zip
393:44:Name -> Class:builtins.zip
393:48:Name -> U
393:59:Name -> U
397:15:Call -> U
397:15:Attribute -> BM:pandas.core.internals.managers.BaseBlockManager._equal_values
397:15:Name -> Inst:pandas.core.internals.managers.BaseBlockManager
397:34:Name -> U
402:20:Name -> Class:builtins.list
402:25:Name -> Class:builtins.str
404:9:Name -> Func:typing.Self
420:31:Name -> Dict:0
422:21:Name -> Const:NoneType:None | U
423:23:Name -> Class:builtins.list
423:28:Name -> Class:pandas.core.internals.blocks.Block
426:24:Name -> U
426:27:Name -> Dict:0
426:34:Name -> U
426:46:Name -> List:0 | U
428:17:Attribute -> ERR
428:17:Name -> Inst:pandas.core.internals.managers.BaseBlockManager
429:15:Name -> U
430:30:Call -> U
430:30:Attribute -> U
430:30:Name -> U
431:23:Call -> ERR
431:23:Name -> Func:builtins.isinstance
431:34:Name -> U
431:40:Name -> Class:pandas.core.dtypes.generic.create_pandas_abc_type.ABCSeries
431:51:Name -> Class:pandas.core.dtypes.generic.create_pandas_abc_type.ABCDataFrame
434:27:Attribute -> U
434:27:Name -> U
435:28:Name -> Dict:0
435:35:Name -> U
435:40:Attribute -> U
435:40:Attribute -> U
435:40:Name -> U
435:49:Attribute -> U
435:49:Attribute -> U
435:49:Name -> U
437:28:Name -> Dict:0
437:35:Name -> U
437:40:Attribute -> U
437:40:Attribute -> U
437:40:Name -> U
437:52:Attribute -> U
437:52:Attribute -> U
437:52:Name -> U
440:24:Name -> Dict:0
440:31:Name -> U
440:36:Name -> U
440:40:Attribute -> U
440:40:Attribute -> U
440:40:Name -> U
442:15:Call -> U
442:15:Name -> Func:builtins.callable
442:24:Name -> U
443:26:Call -> U
443:26:Attribute -> U
443:26:Name -> U
443:34:Name -> U
443:39:Name -> Dict:0
445:26:Call -> U
445:26:Call -> U
445:26:Name -> Func:builtins.getattr
445:34:Name -> U
445:37:Name -> U
445:42:Name -> Dict:0
446:28:Call -> List:0 | List:0
446:28:Name -> Func:pandas.core.internals.blocks.extend_blocks
446:42:Name -> U
446:51:Name -> List:0
448:14:Call -> U
448:14:Attribute -> BM:pandas.core.internals.managers.BaseBlockManager.from_blocks
448:14:Call -> Class:pandas.core.internals.managers.BaseBlockManager
448:14:Name -> Class:builtins.type
448:19:Name -> Inst:pandas.core.internals.managers.BaseBlockManager
448:37:Name -> List:0 | List:0
448:53:Call -> U
448:53:Attribute -> U
448:53:Name -> U
448:73:Attribute -> ERR
448:73:Name -> Inst:pandas.core.internals.managers.BaseBlockManager
449:15:Name -> U
451:5:Name -> Func:typing.final
452:28:Name -> Func:typing.Self
453:15:Call -> U
453:15:Attribute -> BM:pandas.core.internals.managers.BaseBlockManager.apply
453:15:Name -> Inst:pandas.core.internals.managers.BaseBlockManager
453:40:Name -> U
455:5:Name -> Func:typing.final
456:35:Name -> Class:builtins.int
456:56:Name -> Class:builtins.bool
456:65:Name -> Func:typing.Self
457:11:Name -> U
459:20:Call -> Const:NoneType:None
459:20:Attribute -> Func:pandas._libs.algos.validate_limit
459:20:Name -> Module:pandas._libs.algos
459:56:Name -> U
461:15:Call -> U
461:15:Attribute -> BM:pandas.core.internals.managers.BaseBlockManager.apply
461:15:Name -> Inst:pandas.core.internals.managers.BaseBlockManager
463:18:Name -> U
464:18:Name -> U | Const:NoneType:None
465:20:Name -> U
468:5:Name -> Func:typing.final
469:40:Name -> Class:builtins.bool
469:49:Name -> Func:typing.Self
470:11:Name -> U
474:20:Call -> Const:NoneType:None | Const:NoneType:None | U
474:20:Name -> Func:pandas.core.construction.extract_array | Func:pandas.core.construction.extract_array | Func:pandas.core.construction.extract_array
474:34:Name -> U
476:15:Call -> U
476:15:Attribute -> BM:pandas.core.internals.managers.BaseBlockManager.apply
476:15:Name -> Inst:pandas.core.internals.managers.BaseBlockManager
478:23:Name -> List:2 | List:1
479:18:Name -> U | Const:NoneType:None | Const:NoneType:None
480:17:Name -> U
483:5:Name -> Func:typing.final
484:40:Name -> Class:builtins.bool
484:56:Name -> Func:typing.Self
485:11:Name -> Const:bool:True | U
489:18:Call -> Const:NoneType:None | Const:NoneType:None | U
489:18:Name -> Func:pandas.core.construction.extract_array | Func:pandas.core.construction.extract_array | Func:pandas.core.construction.extract_array
489:32:Name -> U
491:15:Call -> U
491:15:Attribute -> BM:pandas.core.internals.managers.BaseBlockManager.apply
491:15:Name -> Inst:pandas.core.internals.managers.BaseBlockManager
493:23:Name -> List:2 | List:1
494:17:Name -> U
495:16:Name -> U | Const:NoneType:None | Const:NoneType:None
498:5:Name -> Func:typing.final
499:30:Name -> Class:builtins.int
499:38:Name -> Func:typing.Self
500:15:Call -> U
500:15:Attribute -> BM:pandas.core.internals.managers.BaseBlockManager.apply
500:15:Name -> Inst:pandas.core.internals.managers.BaseBlockManager
500:44:Name -> U
502:5:Name -> Func:typing.final
503:50:Name -> Class:builtins.bool
503:59:Name -> Func:typing.Self
504:18:Call -> U
504:18:Name -> Func:pandas.util._validators.validate_bool_kwarg
504:38:Name -> U
506:19:Call -> Const:NoneType:None
506:19:Attribute -> Func:pandas._libs.lib.is_list_like
506:19:Name -> Module:pandas._libs.lib
506:36:Name -> U
507:19:Call -> Const:NoneType:None
507:19:Attribute -> Func:pandas._libs.lib.is_list_like
507:19:Name -> Module:pandas._libs.lib
507:36:Name -> U
508:15:Call -> U
508:15:Attribute -> BM:pandas.core.internals.managers.BaseBlockManager.apply
508:15:Name -> Inst:pandas.core.internals.managers.BaseBlockManager
510:23:Name -> U
511:18:Name -> U
512:20:Name -> U
515:5:Name -> Func:typing.final
516:41:Name -> Func:typing.Self
517:15:Call -> U
517:15:Attribute -> BM:pandas.core.internals.managers.BaseBlockManager.apply
517:15:Name -> Inst:pandas.core.internals.managers.BaseBlockManager
517:46:Name -> Dict:0
519:5:Name -> Func:typing.final
522:18:Name -> Class:builtins.list
522:23:Name -> Class:typing.Any
523:19:Name -> Class:builtins.list
523:24:Name -> Class:typing.Any
524:17:Name -> Class:builtins.bool
525:15:Name -> Class:builtins.bool
526:9:Name -> Func:typing.Self
528:18:Call -> Const:bool:False | U
528:18:Name -> Func:pandas.util._validators.validate_bool_kwarg
528:38:Name -> Const:bool:False | U
530:13:Call -> U
530:13:Attribute -> BM:pandas.core.internals.managers.BaseBlockManager.apply
530:13:Name -> Inst:pandas.core.internals.managers.BaseBlockManager
532:21:Name -> U
533:22:Name -> U
534:20:Name -> Const:bool:False | U
535:18:Name -> Const:bool:False | U
537:8:Call -> U
537:8:Attribute -> U
537:8:Name -> U
538:15:Name -> U
540:35:Name -> Class:builtins.bool
540:54:Name -> Func:typing.Self
541:15:Call -> U
541:15:Attribute -> BM:pandas.core.internals.managers.BaseBlockManager.apply
541:15:Name -> Inst:pandas.core.internals.managers.BaseBlockManager
541:49:Name -> U
541:60:Name -> Dict:0
543:39:Name -> Class:builtins.bool
543:58:Name -> Func:typing.Self
544:15:Call -> U
544:15:Attribute -> BM:pandas.core.internals.managers.BaseBlockManager.apply
544:15:Name -> Inst:pandas.core.internals.managers.BaseBlockManager
544:53:Name -> U
544:64:Name -> Dict:0
546:29:Name -> Class:builtins.int
546:49:Name -> Func:typing.Self
547:11:Name -> U
547:25:Attribute -> Inst:pandas._libs.lib._NoDefault.no_default
547:25:Name -> Module:pandas._libs.lib
550:15:Call -> U
550:15:Attribute -> BM:pandas.core.internals.managers.BaseBlockManager.apply
550:15:Name -> Inst:pandas.core.internals.managers.BaseBlockManager
550:43:Name -> U
550:63:Name -> U | Const:NoneType:None
552:41:Name -> Func:typing.Self
558:11:Call -> ERR
558:11:Name -> Func:builtins.isinstance
558:22:Name -> U
558:31:Attribute -> Class:.ndarray
558:31:Name -> U
558:47:Attribute -> U
558:47:Name -> U
558:62:Attribute -> U
558:62:Name -> Inst:pandas.core.internals.managers.BaseBlockManager
559:18:Call -> ExcInst:builtins.ValueError
559:18:Name -> Class:builtins.ValueError
559:62:Attribute -> U
559:62:Name -> Inst:pandas.core.internals.managers.BaseBlockManager
561:15:Call -> U
561:15:Attribute -> BM:pandas.core.internals.managers.BaseBlockManager._has_no_reference
561:15:Name -> Inst:pandas.core.internals.managers.BaseBlockManager
564:15:Attribute -> U
564:15:Name -> Inst:pandas.core.internals.managers.BaseBlockManager
564:34:Call -> ERR
564:34:Name -> Func:builtins.isinstance
564:45:Name -> U
564:54:Name -> Class:builtins.tuple
565:26:Attribute -> U
565:26:Name -> Inst:pandas.core.internals.managers.BaseBlockManager
565:39:Name -> U
566:19:Call -> Const:NoneType:None
566:19:Name -> Func:pandas._libs.lib.is_list_like
566:32:Name -> U
566:45:Attribute -> U
566:45:Name -> U
567:30:Call -> U
567:30:Attribute -> U
567:30:Name -> U
567:41:Name -> U
568:25:Call -> Const:NoneType:None
568:25:Name -> Func:pandas._libs.lib.is_list_like
568:38:Name -> U
570:31:Name -> U
571:19:Call -> ERR
571:19:Name -> Func:builtins.len
571:23:Name -> U | List:1
572:27:Call -> U
572:27:Attribute -> BM:pandas.core.internals.managers.BaseBlockManager.copy
572:27:Name -> Inst:pandas.core.internals.managers.BaseBlockManager
574:25:Attribute -> ERR
574:25:Attribute -> ERR
574:25:Name -> Inst:pandas.core.internals.managers.BaseBlockManager
575:19:Attribute -> U
575:19:Name -> U
576:29:Name -> U
576:36:Name -> U | List:1
578:20:Call -> ERR
578:20:Attribute -> ERR
578:20:Name -> Inst:pandas.core.internals.managers.BaseBlockManager
579:27:Name -> U | List:1
579:36:Name -> U
582:30:Call -> Inst:builtins.list
582:30:Name -> Class:builtins.list
582:35:Name -> U
584:23:Call -> Const:NoneType:None
584:23:Attribute -> Func:pandas._libs.lib.is_integer
584:23:Name -> Module:pandas._libs.lib
584:38:Name -> Inst:builtins.list
586:25:Call -> ERR
586:25:Name -> Func:builtins.len
586:29:Name -> U | List:1
587:38:Call -> Slice
587:38:Name -> Class:builtins.slice
589:38:Call -> U
589:38:Attribute -> U
589:38:Name -> U
589:48:Call -> ERR
589:48:Name -> Func:builtins.len
589:52:Name -> U | List:1
590:20:Name -> Inst:builtins.list
590:33:Name -> Const:int:0 | Slice | U
592:34:Name -> Inst:builtins.list
593:23:Call -> ERR
593:23:Name -> Func:builtins.isinstance
593:34:Name -> U
593:47:Attribute -> Class:.ndarray
593:47:Name -> U
593:63:Attribute -> U
593:63:Name -> U
595:38:Call -> U
595:38:Attribute -> U
595:38:Name -> U
595:49:Name -> U
596:23:Call -> ERR
596:23:Name -> Func:builtins.isinstance
596:34:Name -> U
596:47:Attribute -> Class:.ndarray
596:47:Name -> U
596:63:Call -> ERR
596:63:Name -> Func:builtins.len
596:67:Name -> U
599:31:Name -> Inst:pandas.core.internals.managers.BaseBlockManager
600:20:Name -> Inst:builtins.list
600:33:Name -> U
601:20:Call -> ERR
601:20:Attribute -> ERR
601:20:Attribute -> ERR
601:20:Name -> Inst:pandas.core.internals.managers.BaseBlockManager
601:43:Call -> Inst:builtins.tuple
601:43:Name -> Class:builtins.tuple
601:49:Name -> Inst:builtins.list
601:59:Name -> U
602:27:Name -> Inst:pandas.core.internals.managers.BaseBlockManager
605:19:Call -> U
605:19:Attribute -> BM:pandas.core.internals.managers.BaseBlockManager.copy
605:19:Name -> Inst:pandas.core.internals.managers.BaseBlockManager
607:15:Call -> U
607:15:Attribute -> BM:pandas.core.internals.managers.BaseBlockManager.apply | U
607:15:Name -> Inst:pandas.core.internals.managers.BaseBlockManager | U
607:45:Name -> U | Inst:builtins.list
607:60:Name -> U
609:22:Name -> Class:builtins.int
609:30:Name -> Func:typing.Self
611:15:Call -> U
611:15:Attribute -> BM:pandas.core.internals.managers.BaseBlockManager.apply
611:15:Name -> Inst:pandas.core.internals.managers.BaseBlockManager
611:36:Name -> U
613:36:Name -> Class:builtins.str
613:54:Name -> Func:typing.Self
614:15:Call -> U
614:15:Attribute -> BM:pandas.core.internals.managers.BaseBlockManager.apply
614:15:Name -> Inst:pandas.core.internals.managers.BaseBlockManager
614:42:Name -> U
614:56:Name -> Const:str:'raise' | U
616:25:Name -> Func:typing.Self
617:15:Call -> U
617:15:Attribute -> BM:pandas.core.internals.managers.BaseBlockManager.apply
617:15:Name -> Inst:pandas.core.internals.managers.BaseBlockManager
620:15:Call -> U
620:15:Attribute -> BM:pandas.core.internals.managers.BaseBlockManager.apply
620:15:Name -> Inst:pandas.core.internals.managers.BaseBlockManager
620:46:Name -> Dict:0
623:61:Name -> Class:builtins.str
624:9:Name -> Func:typing.Self
629:15:Call -> U
629:15:Attribute -> BM:pandas.core.internals.managers.BaseBlockManager.apply
629:15:Name -> Inst:pandas.core.internals.managers.BaseBlockManager
631:19:Name -> Const:str:'nan' | U
632:20:Name -> Const:NoneType:None | U
633:25:Name -> U
634:24:Name -> U
635:20:Name -> U
638:5:Name -> Class:builtins.property
639:37:Name -> Class:builtins.bool
641:15:Call -> ERR
641:15:Name -> Func:builtins.any
641:19:Attribute -> U
641:19:Name -> U
641:51:Attribute -> ERR
641:51:Name -> Inst:pandas.core.internals.managers.BaseBlockManager
643:5:Name -> Class:builtins.property
644:25:Name -> Class:builtins.bool
646:11:Call -> ERR
646:11:Name -> Func:builtins.len
646:15:Attribute -> ERR
646:15:Name -> Inst:pandas.core.internals.managers.BaseBlockManager
647:19:Attribute -> ERR
647:19:Attribute -> ERR
647:19:Name -> Inst:pandas.core.internals.managers.BaseBlockManager
658:42:Name -> Class:_collections_abc.Callable
658:55:Name -> Func:typing.Self
659:18:Name -> U
659:33:Attribute -> ERR
659:33:Name -> Inst:pandas.core.internals.managers.BaseBlockManager
659:48:Call -> U
659:48:Name -> U
659:58:Attribute -> U
659:58:Name -> U
660:15:Call -> U
660:15:Attribute -> BM:pandas.core.internals.managers.BaseBlockManager._combine
660:15:Name -> Inst:pandas.core.internals.managers.BaseBlockManager
660:29:Name -> U
662:50:Name -> Class:_collections_abc.Callable
662:63:Attribute -> Class:.ndarray
662:63:Name -> U
663:18:Name -> U
663:33:Attribute -> ERR
663:33:Name -> Inst:pandas.core.internals.managers.BaseBlockManager
663:48:Call -> U
663:48:Name -> U
663:58:Attribute -> U
663:58:Name -> U
664:18:Call -> U
664:18:Attribute -> U
664:18:Name -> U
664:26:Call -> Inst:.ndarray
664:26:Attribute -> Func:.concatenate
664:26:Name -> U
664:42:Attribute -> U
664:42:Attribute -> U
664:42:Name -> U
664:71:Name -> U
665:15:Name -> U
667:31:Name -> Func:typing.Self
675:19:Attribute -> ERR
675:19:Name -> Inst:pandas.core.internals.managers.BaseBlockManager
676:15:Attribute -> U
676:15:Name -> U
676:28:Name -> Class:builtins.bool
677:16:Call -> ERR
677:16:Attribute -> BM:builtins.list.append
677:16:Name -> List:0
677:34:Name -> U
679:17:Attribute -> U
679:17:Name -> U
680:16:Call -> ERR
680:16:Attribute -> BM:builtins.list.extend
680:16:Name -> List:0
680:34:Name -> U
680:47:Call -> U
680:47:Attribute -> U
680:47:Name -> U
680:63:Attribute -> U
680:63:Name -> U
682:15:Call -> U
682:15:Attribute -> BM:pandas.core.internals.managers.BaseBlockManager._combine
682:15:Name -> Inst:pandas.core.internals.managers.BaseBlockManager
682:29:Name -> List:0
684:34:Name -> Func:typing.Self
685:26:Name -> U
685:41:Attribute -> ERR
685:41:Name -> Inst:pandas.core.internals.managers.BaseBlockManager
685:56:Attribute -> U
685:56:Name -> U
686:11:Call -> ERR
686:11:Name -> Func:builtins.len
686:15:Name -> U
686:34:Call -> ERR
686:34:Name -> Func:builtins.len
686:38:Attribute -> ERR
686:38:Name -> Inst:pandas.core.internals.managers.BaseBlockManager
689:19:Name -> Inst:pandas.core.internals.managers.BaseBlockManager
690:15:Call -> U
690:15:Attribute -> BM:pandas.core.internals.managers.BaseBlockManager._combine
690:15:Name -> Inst:pandas.core.internals.managers.BaseBlockManager
690:29:Name -> U
692:31:Name -> Class:builtins.list
692:36:Name -> Class:pandas.core.internals.blocks.Block
692:51:Name -> Class:pandas.core.indexes.base.Index
692:75:Name -> Func:typing.Self
694:11:Call -> ERR
694:11:Name -> Func:builtins.len
694:15:Name -> U
695:15:Attribute -> U
695:15:Name -> Inst:pandas.core.internals.managers.BaseBlockManager
697:19:Name -> Const:NoneType:None | U
698:28:Attribute -> U
698:28:Name -> Inst:pandas.core.internals.managers.BaseBlockManager
698:44:Name -> U
700:28:Attribute -> U
700:28:Name -> Inst:pandas.core.internals.managers.BaseBlockManager
700:45:Attribute -> ERR
700:45:Name -> Inst:pandas.core.internals.managers.BaseBlockManager
701:23:Call -> U
701:23:Attribute -> BM:pandas.core.internals.managers.BaseBlockManager.make_empty
701:23:Name -> Inst:pandas.core.internals.managers.BaseBlockManager
701:39:Name -> List:2 | U
702:19:Call -> U
702:19:Attribute -> BM:pandas.core.internals.managers.BaseBlockManager.make_empty
702:19:Name -> Inst:pandas.core.internals.managers.BaseBlockManager
704:18:Call -> U
704:18:Attribute -> U
704:18:Name -> U
704:26:Call -> Inst:.ndarray
704:26:Attribute -> Func:.concatenate
704:26:Name -> U
704:42:Attribute -> U
704:42:Attribute -> U
704:42:Name -> U
704:71:Name -> U
705:22:Call -> Const:NoneType:None
705:22:Attribute -> Func:pandas._libs.lib.get_reverse_indexer
705:22:Name -> Module:pandas._libs.lib
705:46:Name -> U
705:55:Attribute -> Inst:builtins.tuple
705:55:Name -> Inst:pandas.core.internals.managers.BaseBlockManager
707:20:Name -> Class:builtins.list
707:25:Name -> Class:pandas.core.internals.blocks.Block
708:17:Name -> U
709:17:Call -> U
709:17:Attribute -> U
709:17:Name -> U
710:12:Name -> U
710:26:Call -> Inst:pandas._libs.internals.BlockPlacement
710:26:Name -> Class:pandas._libs.internals.BlockPlacement
710:41:Name -> Const:NoneType:None
710:53:Attribute -> U
710:53:Attribute -> U
710:53:Name -> U
711:12:Call -> ERR
711:12:Attribute -> BM:builtins.list.append
711:12:Name -> List:0
711:30:Name -> U
713:15:Call -> Inst:builtins.list
713:15:Name -> Class:builtins.list
713:20:Attribute -> ERR
713:20:Name -> Inst:pandas.core.internals.managers.BaseBlockManager
715:11:Name -> Const:NoneType:None | U
716:12:Name -> List:2 | U | Inst:builtins.list
716:23:Name -> U
717:8:Name -> Inst:builtins.list
717:18:Call -> U
717:18:Attribute -> U
717:18:Attribute -> U
717:18:Name -> Inst:pandas.core.internals.managers.BaseBlockManager
717:34:Name -> U
719:15:Call -> U
719:15:Attribute -> BM:pandas.core.internals.managers.BaseBlockManager.from_blocks
719:15:Call -> Class:pandas.core.internals.managers.BaseBlockManager
719:15:Name -> Class:builtins.type
719:20:Name -> Inst:pandas.core.internals.managers.BaseBlockManager
719:38:Name -> List:0
719:50:Name -> Inst:builtins.list
721:5:Name -> Class:builtins.property
722:25:Name -> Class:builtins.int
723:15:Call -> ERR
723:15:Name -> Func:builtins.len
723:19:Attribute -> ERR
723:19:Name -> Inst:pandas.core.internals.managers.BaseBlockManager
725:28:Name -> Class:builtins.bool
725:37:Name -> Func:typing.Self
739:20:Call -> U
739:20:Attribute -> U
739:20:Name -> U
739:40:Attribute -> ERR
739:40:Name -> Inst:pandas.core.internals.managers.BaseBlockManager
741:14:Call -> U
741:14:Attribute -> BM:pandas.core.internals.managers.BaseBlockManager.apply
741:14:Name -> Inst:pandas.core.internals.managers.BaseBlockManager
741:38:Name -> U
742:8:Name -> U
742:19:Name -> U
744:11:Attribute -> U
744:11:Name -> Inst:pandas.core.internals.managers.BaseBlockManager
746:21:Attribute -> ERR
746:21:Name -> Inst:pandas.core.internals.managers.BaseBlockManager
747:15:Name -> U
748:16:Name -> U
748:30:Call -> U
748:30:Attribute -> U
748:30:Name -> U
749:16:Name -> U
749:31:Call -> ERR
749:31:Attribute -> ERR
749:31:Attribute -> ERR
749:31:Name -> Inst:pandas.core.internals.managers.BaseBlockManager
751:11:Name -> U
752:12:Call -> U
752:12:Attribute -> U
752:12:Name -> U
753:15:Name -> U
755:33:Name -> Class:builtins.bool
758:29:Name -> Func:typing.Self
766:11:Call -> Const:bool:True
766:11:Attribute -> BM:pandas.core.internals.managers.BaseBlockManager.is_consolidated
766:11:Name -> Inst:pandas.core.internals.managers.BaseBlockManager
767:19:Name -> Inst:pandas.core.internals.managers.BaseBlockManager
770:13:Call -> Inst:pandas.core.internals.managers.BaseBlockManager
770:13:Call -> Class:pandas.core.internals.managers.BaseBlockManager
770:13:Name -> Class:builtins.type
770:18:Name -> Inst:pandas.core.internals.managers.BaseBlockManager
770:24:Attribute -> ERR
770:24:Name -> Inst:pandas.core.internals.managers.BaseBlockManager
770:37:Attribute -> ERR
770:37:Name -> Inst:pandas.core.internals.managers.BaseBlockManager
771:8:Name -> Inst:pandas.core.internals.managers.BaseBlockManager
772:8:Call -> Const:NoneType:None
772:8:Attribute -> BM:pandas.core.internals.managers.BaseBlockManager._consolidate_inplace
772:8:Name -> Inst:pandas.core.internals.managers.BaseBlockManager
773:15:Name -> Inst:pandas.core.internals.managers.BaseBlockManager
778:5:Name -> Func:typing.final
781:19:Name -> Class:pandas.core.indexes.base.Index
782:14:Name -> Class:builtins.int
784:20:Name -> Class:builtins.bool
785:9:Name -> Func:typing.Self
789:29:Call -> ERR
789:29:Attribute -> ERR
789:29:Attribute -> ERR
789:29:Name -> Inst:pandas.core.internals.managers.BaseBlockManager
789:39:Name -> U
789:53:Name -> U
791:15:Call -> Inst:pandas.core.internals.managers.BaseBlockManager | U
791:15:Attribute -> BM:pandas.core.internals.managers.BaseBlockManager.reindex_indexer
791:15:Name -> Inst:pandas.core.internals.managers.BaseBlockManager
792:12:Name -> U
793:12:Name -> U
794:17:Name -> U
795:23:Name -> Const:NoneType:None | U
796:23:Name -> Const:bool:False | U
801:18:Name -> Class:pandas.core.indexes.base.Index
802:17:Attribute -> U
802:17:Name -> U
802:29:Attribute -> U
802:29:Name -> U
803:14:Name -> Class:builtins.int
805:20:Name -> Class:builtins.bool
806:20:Name -> Class:builtins.bool
808:22:Name -> Class:builtins.bool
809:9:Name -> Func:typing.Self
825:11:Name -> U
826:15:Name -> U
826:27:Attribute -> ERR
826:27:Name -> Inst:pandas.core.internals.managers.BaseBlockManager
826:37:Name -> U
828:23:Name -> Inst:pandas.core.internals.managers.BaseBlockManager
830:21:Call -> U
830:21:Attribute -> BM:pandas.core.internals.managers.BaseBlockManager.copy
830:21:Name -> Inst:pandas.core.internals.managers.BaseBlockManager
831:12:Name -> U
831:26:Call -> Inst:builtins.list
831:26:Name -> Class:builtins.list
831:31:Attribute -> ERR
831:31:Name -> Inst:pandas.core.internals.managers.BaseBlockManager
832:12:Attribute -> U
832:12:Name -> U
832:24:Name -> U
832:32:Name -> U
833:19:Name -> U
836:15:Call -> ERR
836:15:Name -> Func:builtins.isinstance
836:26:Name -> U
836:35:Attribute -> Class:.ndarray
836:35:Name -> U
839:15:Name -> Const:bool:False | U
840:12:Call -> ERR
840:12:Attribute -> ERR
840:12:Attribute -> ERR
840:12:Name -> Inst:pandas.core.internals.managers.BaseBlockManager
840:22:Name -> U
840:50:Name -> U
842:11:Name -> U
842:19:Attribute -> U
842:19:Name -> Inst:pandas.core.internals.managers.BaseBlockManager
843:18:Call -> ExcInst:builtins.IndexError
843:18:Name -> Class:builtins.IndexError
845:11:Name -> U
846:25:Call -> Inst:builtins.list
846:25:Name -> Class:builtins.list
847:16:Call -> Gen:pandas.core.internals.managers.BaseBlockManager._slice_take_blocks_ax0
847:16:Attribute -> BM:pandas.core.internals.managers.BaseBlockManager._slice_take_blocks_ax0
847:16:Name -> Inst:pandas.core.internals.managers.BaseBlockManager
848:20:Name -> U
849:31:Name -> Const:NoneType:None | U
850:31:Name -> Const:bool:False | U
851:33:Name -> Const:bool:False | U
856:23:Attribute -> ERR
856:23:Name -> Inst:pandas.core.internals.managers.BaseBlockManager
857:19:Attribute -> U
857:19:Name -> U
857:32:Attribute -> U
857:32:Name -> U
861:27:Call -> Inst:.ndarray
861:27:Attribute -> Func:.empty
861:27:Name -> U
861:37:Attribute -> U
861:37:Attribute -> U
861:37:Name -> U
861:58:Call -> ERR
861:58:Name -> Func:builtins.len
861:62:Name -> U
861:79:Attribute -> U
861:79:Name -> U
862:20:Call -> ERR
862:20:Attribute -> BM:builtins.list.append
862:20:Name -> List:0
862:38:Call -> Inst:pandas.core.internals.blocks.NumpyBlock
862:38:Name -> Class:pandas.core.internals.blocks.NumpyBlock
862:49:Name -> Inst:.ndarray
862:55:Attribute -> U
862:55:Name -> U
864:20:Call -> ERR
864:20:Attribute -> BM:builtins.list.append
864:20:Name -> List:0
865:24:Call -> U
865:24:Attribute -> U
865:24:Name -> U
866:28:Name -> U
869:46:Name -> Const:NoneType:None | U
869:32:Name -> U
869:74:Attribute -> U
869:74:Name -> U
874:19:Call -> Inst:builtins.list
874:19:Name -> Class:builtins.list
874:24:Attribute -> ERR
874:24:Name -> Inst:pandas.core.internals.managers.BaseBlockManager
875:8:Name -> Inst:builtins.list
875:17:Name -> U
875:25:Name -> U
876:11:Attribute -> U
876:11:Name -> Inst:pandas.core.internals.managers.BaseBlockManager
877:12:Name -> Inst:builtins.list
877:25:Name -> U
877:33:Call -> ERR
877:33:Attribute -> ERR
877:33:Attribute -> ERR
877:33:Name -> Inst:pandas.core.internals.managers.BaseBlockManager
877:47:Name -> U
879:18:Call -> U
879:18:Attribute -> BM:pandas.core.internals.managers.BaseBlockManager.from_blocks
879:18:Call -> Class:pandas.core.internals.managers.BaseBlockManager
879:18:Name -> Class:builtins.type
879:23:Name -> Inst:pandas.core.internals.managers.BaseBlockManager
879:41:Name -> Inst:builtins.list | List:0
879:53:Name -> Inst:builtins.list
880:11:Name -> U
882:12:Name -> U
882:30:Call -> U
882:30:Attribute -> U
882:30:Attribute -> U
882:30:Name -> Inst:pandas.core.internals.managers.BaseBlockManager
883:12:Name -> U
883:31:Call -> U
883:31:Attribute -> U
883:31:Attribute -> U
883:31:Name -> Inst:pandas.core.internals.managers.BaseBlockManager
884:15:Name -> U
889:19:Attribute -> Inst:pandas._libs.lib._NoDefault.no_default
889:19:Name -> Module:pandas._libs.lib
888:26:Name -> Class:builtins.slice
888:34:Attribute -> Class:.ndarray
888:34:Name -> U
890:20:Name -> Class:builtins.bool
892:22:Name -> Class:builtins.bool
893:24:Name -> Class:builtins.bool
894:9:Name -> Class:_collections_abc.Generator
894:19:Name -> Class:pandas.core.internals.blocks.Block
916:21:Name -> Inst:pandas._libs.lib._NoDefault.no_default | U
916:39:Attribute -> Inst:pandas._libs.lib._NoDefault.no_default
916:39:Name -> Module:pandas._libs.lib
918:32:Call -> Tuple:3 | Tuple:3
918:32:Name -> Func:pandas.core.internals.managers._preprocess_slice_or_indexer
919:12:Name -> U
919:30:Attribute -> Inst:builtins.tuple
919:30:Name -> Inst:pandas.core.internals.managers.BaseBlockManager
919:56:Name -> U
922:11:Attribute -> U
922:11:Name -> Inst:pandas.core.internals.managers.BaseBlockManager
923:18:Attribute -> ERR
923:18:Name -> Inst:pandas.core.internals.managers.BaseBlockManager
925:15:Name -> Const:str:'slice' | Const:str:'fancy'
928:19:Name -> Const:NoneType:None | U
930:21:Call -> Inst:pandas._libs.internals.BlockPlacement
930:21:Name -> Class:pandas._libs.internals.BlockPlacement
930:36:Call -> Inst:builtins.slice
930:36:Name -> Class:builtins.slice
930:45:Name -> Const:NoneType:None | U
931:22:Call -> U
931:22:Attribute -> U
931:22:Name -> U
931:48:Name -> U | Const:NoneType:None | Inst:.ndarray | Inst:.ndarray
931:68:Name -> Inst:pandas._libs.internals.BlockPlacement
933:21:Name -> U
933:35:Attribute -> U
933:35:Name -> Inst:pandas.core.internals.managers.BaseBlockManager
934:19:Name -> U
934:34:Name -> Inst:pandas._libs.lib._NoDefault.no_default | U
935:33:Attribute -> U
935:33:Name -> U
937:23:Name -> U
937:38:Name -> Const:bool:False | U
940:33:Call -> Inst:builtins.enumerate
940:33:Name -> Class:builtins.enumerate
940:43:Name -> U | Const:NoneType:None | Inst:.ndarray | Inst:.ndarray
941:30:Call -> U
941:30:Attribute -> U
941:30:Name -> U
942:28:Call -> Inst:builtins.slice
942:28:Name -> Class:builtins.slice
942:34:Name -> U
942:38:Name -> U
943:41:Call -> Inst:pandas._libs.internals.BlockPlacement
943:41:Name -> Class:pandas._libs.internals.BlockPlacement
943:56:Name -> U
944:43:Name -> Const:bool:False | U
947:25:Call -> Inst:pandas._libs.internals.BlockPlacement
947:25:Name -> Class:pandas._libs.internals.BlockPlacement
947:40:Call -> Inst:builtins.slice
947:40:Name -> Class:builtins.slice
947:49:Name -> Const:NoneType:None | U
948:26:Call -> U
948:26:Attribute -> U
948:26:Name -> U
949:24:Name -> U | Const:NoneType:None | Inst:.ndarray | Inst:.ndarray
951:37:Name -> Inst:pandas._libs.internals.BlockPlacement
952:35:Name -> Inst:pandas._libs.lib._NoDefault.no_default | U
956:11:Name -> Const:str:'slice' | Const:str:'fancy'
957:21:Attribute -> U
957:21:Name -> Inst:pandas.core.internals.managers.BaseBlockManager
957:33:Name -> U | Const:NoneType:None | Inst:.ndarray | Inst:.ndarray
958:22:Attribute -> U
958:22:Name -> Inst:pandas.core.internals.managers.BaseBlockManager
958:35:Name -> U | Const:NoneType:None | Inst:.ndarray | Inst:.ndarray
960:21:Call -> Const:NoneType:None | Const:NoneType:None | U | Inst:.ndarray | Inst:.ndarray | Inst:.ndarray
960:21:Attribute -> Func:pandas.core.array_algos.take.take_nd | Func:pandas.core.array_algos.take.take_nd | Func:pandas.core.array_algos.take.take_nd
960:21:Name -> Module:pandas.core.algorithms
961:16:Attribute -> U
961:16:Name -> Inst:pandas.core.internals.managers.BaseBlockManager
961:29:Name -> U | Const:NoneType:None | Inst:.ndarray | Inst:.ndarray
961:62:Name -> U
963:22:Call -> Const:NoneType:None | Const:NoneType:None | U | Inst:.ndarray | Inst:.ndarray | Inst:.ndarray
963:22:Attribute -> Func:pandas.core.array_algos.take.take_nd | Func:pandas.core.array_algos.take.take_nd | Func:pandas.core.array_algos.take.take_nd
963:22:Name -> Module:pandas.core.algorithms
964:16:Attribute -> U
964:16:Name -> Inst:pandas.core.internals.managers.BaseBlockManager
964:30:Name -> U | Const:NoneType:None | Inst:.ndarray | Inst:.ndarray
964:63:Name -> U
969:20:Name -> Const:bool:False | U
970:31:Call -> Const:NoneType:None
970:31:Attribute -> Func:pandas._libs.internals.get_blkno_placements
970:31:Name -> Module:pandas._libs.internals
970:65:Name -> U | Const:NoneType:None | Const:NoneType:None | Inst:.ndarray | Inst:.ndarray
970:79:Name -> Const:bool:True | U
971:15:Name -> U
974:27:Call -> Tuple:2 | Tuple:2
974:27:Name -> Func:pandas.core.dtypes.cast.infer_dtype_from_scalar
974:51:Name -> Inst:pandas._libs.lib._NoDefault.no_default | U
975:19:Call -> U
975:19:Name -> Func:pandas.core.dtypes.common.is_1d_only_ea_dtype
975:39:Name -> U | Inst:pandas.core.arrays.string_.StringDtype | Inst:pandas.core.dtypes.dtypes.DatetimeTZDtype
975:50:Call -> ERR
975:50:Name -> Func:builtins.len
975:54:Name -> U
978:34:Call -> Inst:pandas._libs.internals.BlockPlacement
978:34:Name -> Class:pandas._libs.internals.BlockPlacement
978:49:Name -> U
978:73:Name -> U
980:34:Name -> U
982:33:Name -> U | List:1
983:26:Call -> Inst:pandas.core.internals.blocks.NumpyBlock | Inst:pandas.core.internals.blocks.DatetimeLikeBlock | Inst:pandas.core.internals.blocks.NDArrayBackedExtensionBlock | Inst:pandas.core.internals.blocks.ExtensionBlock | U
983:26:Attribute -> BM:pandas.core.internals.managers.BaseBlockManager._make_na_block
983:26:Name -> Inst:pandas.core.internals.managers.BaseBlockManager
984:34:Name -> U
985:35:Name -> Inst:pandas._libs.lib._NoDefault.no_default | U
986:37:Name -> Const:bool:False | U
989:22:Attribute -> ERR
989:22:Name -> Inst:pandas.core.internals.managers.BaseBlockManager
989:34:Name -> U
992:23:Attribute -> U
992:23:Name -> U
992:52:Attribute -> U
992:52:Name -> U
998:35:Name -> U
999:33:Call -> U
999:33:Attribute -> U
999:33:Name -> U
999:47:Name -> Const:bool:False
1000:24:Name -> U
1000:42:Call -> Inst:pandas._libs.internals.BlockPlacement
1000:42:Name -> Class:pandas._libs.internals.BlockPlacement
1000:57:Call -> Inst:builtins.slice
1000:57:Name -> Class:builtins.slice
1000:63:Name -> U
1000:72:Name -> U
1001:30:Name -> U
1006:28:Name -> U | Const:NoneType:None | Const:NoneType:None | Inst:.ndarray | Inst:.ndarray
1006:36:Attribute -> U
1006:36:Name -> U
1007:30:Call -> ERR
1007:30:Name -> Func:builtins.max
1007:34:Call -> ERR
1007:34:Name -> Func:builtins.len
1007:38:Name -> U
1007:49:Call -> U
1007:49:Attribute -> U
1007:49:Name -> U
1008:28:Call -> Const:NoneType:None
1008:28:Attribute -> Func:pandas._libs.lib.maybe_indices_to_slice
1008:28:Name -> Module:pandas._libs.lib
1008:55:Name -> U
1008:62:Name -> U
1010:23:Call -> Const:bool:False
1010:23:Name -> Func:builtins.isinstance
1010:34:Name -> Const:NoneType:None
1010:41:Name -> Class:builtins.slice
1011:29:Call -> U
1011:29:Attribute -> U
1011:29:Name -> U
1011:55:Name -> Const:NoneType:None
1011:75:Name -> U
1012:30:Name -> U
1013:25:Name -> Const:bool:False | U
1016:37:Call -> Inst:builtins.zip
1016:37:Name -> Class:builtins.zip
1016:41:Name -> Const:NoneType:None
1016:48:Name -> U
1017:34:Call -> Inst:builtins.slice
1017:34:Name -> Class:builtins.slice
1017:40:Name -> U
1017:43:Name -> U
1018:33:Call -> Inst:pandas._libs.internals.BlockPlacement
1018:33:Name -> Class:pandas._libs.internals.BlockPlacement
1018:48:Name -> U
1019:33:Call -> U
1019:33:Attribute -> U
1019:33:Name -> U
1019:59:Name -> Inst:builtins.slice
1019:77:Name -> Inst:pandas._libs.internals.BlockPlacement
1021:34:Name -> U
1023:29:Call -> U
1023:29:Attribute -> U
1023:29:Name -> U
1023:41:Name -> Const:NoneType:None
1023:69:Name -> U
1024:30:Name -> U
1027:25:Name -> Class:pandas._libs.internals.BlockPlacement
1027:72:Name -> Class:builtins.bool
1028:9:Name -> Class:pandas.core.internals.blocks.Block
1031:11:Name -> Const:bool:False | U
1032:19:Name -> Const:NoneType:None | U
1033:21:Call -> ERR
1033:21:Name -> Func:builtins.len
1033:25:Name -> U
1033:37:Attribute -> Inst:builtins.tuple
1033:37:Name -> Inst:pandas.core.internals.managers.BaseBlockManager
1034:19:Call -> Inst:.ndarray
1034:19:Attribute -> Func:.empty
1034:19:Name -> U
1034:28:Name -> Tuple:2
1034:41:Attribute -> U
1034:41:Name -> U
1035:17:Call -> Inst:pandas.core.internals.blocks.NumpyBlock
1035:17:Name -> Class:pandas.core.internals.blocks.NumpyBlock
1035:28:Name -> Inst:.ndarray
1035:34:Name -> U
1036:19:Name -> Inst:pandas.core.internals.blocks.NumpyBlock
1038:11:Name -> Const:NoneType:None | U
1038:33:Name -> Const:NoneType:None | U
1038:47:Attribute -> U
1038:47:Name -> U
1039:25:Attribute -> U
1039:25:Name -> U
1041:20:Call -> Const:NoneType:None | Const:NoneType:None | Const:NoneType:None | Const:NoneType:None | U
1041:20:Name -> Func:pandas.core.internals.managers.interleaved_dtype
1041:39:Attribute -> U
1041:39:Name -> U
1041:60:Attribute -> ERR
1041:60:Name -> Inst:pandas.core.internals.managers.BaseBlockManager
1042:15:Name -> Const:NoneType:None | Const:NoneType:None | Const:NoneType:None | Const:NoneType:None | U
1042:37:Call -> U
1042:37:Attribute -> U
1042:37:Name -> U
1042:51:Attribute -> U
1042:51:Name -> Const:NoneType:None | Const:NoneType:None | Const:NoneType:None | Const:NoneType:None | U
1042:63:Attribute -> U
1042:63:Name -> U
1043:29:Call -> U
1043:29:Attribute -> U
1043:29:Name -> Const:NoneType:None | Const:NoneType:None | Const:NoneType:None | Const:NoneType:None | U
1043:40:Name -> Const:NoneType:None | U
1045:17:Call -> ERR
1045:17:Name -> Func:builtins.len
1045:21:Name -> U
1045:33:Attribute -> Inst:builtins.tuple
1045:33:Name -> Inst:pandas.core.internals.managers.BaseBlockManager
1047:28:Call -> Tuple:2 | Tuple:2
1047:28:Name -> Func:pandas.core.dtypes.cast.infer_dtype_from_scalar
1047:52:Name -> Const:NoneType:None | U
1048:23:Call -> Const:NoneType:None | U
1048:23:Name -> Func:pandas.core.internals.managers.make_na_array
1048:37:Name -> U | Inst:pandas.core.arrays.string_.StringDtype
1048:44:Name -> Tuple:2
1048:51:Name -> U | Const:NoneType:None | Inst:pandas._libs.tslibs.timestamps.Timestamp | Const:NoneType:None | Inst:pandas._libs.tslibs.timedeltas.Timedelta | Const:NoneType:None
1049:15:Call -> Inst:pandas.core.internals.blocks.DatetimeLikeBlock | Inst:pandas.core.internals.blocks.NDArrayBackedExtensionBlock | Inst:pandas.core.internals.blocks.ExtensionBlock | Inst:pandas.core.internals.blocks.NumpyBlock
1049:15:Name -> Func:pandas.core.internals.blocks.new_block_2d
1049:28:Name -> Const:NoneType:None | U
1049:52:Name -> U
1053:17:Attribute -> U
1053:17:Name -> U
1053:29:Attribute -> U
1053:29:Name -> U
1054:14:Name -> Class:builtins.int
1055:16:Name -> Class:builtins.bool
1056:9:Name -> Func:typing.Self
1072:12:Attribute -> Inst:builtins.tuple
1072:12:Name -> Inst:pandas.core.internals.managers.BaseBlockManager
1072:23:Name -> Const:int:1 | U
1073:18:Call -> Inst:.ndarray | U | Inst:.ndarray
1073:18:Name -> Func:pandas.core.indexers.utils.maybe_convert_indices
1073:40:Name -> U
1073:49:Name -> U
1073:59:Name -> Const:bool:True | U
1075:21:Call -> ERR
1075:21:Attribute -> ERR
1075:21:Attribute -> ERR
1075:21:Name -> Inst:pandas.core.internals.managers.BaseBlockManager
1075:31:Name -> Const:int:1 | U
1075:42:Name -> Inst:.ndarray | U | Inst:.ndarray
1076:15:Call -> Inst:pandas.core.internals.managers.BaseBlockManager | U
1076:15:Attribute -> BM:pandas.core.internals.managers.BaseBlockManager.reindex_indexer
1076:15:Name -> Inst:pandas.core.internals.managers.BaseBlockManager
1077:21:Name -> U
1078:20:Name -> Inst:.ndarray | U | Inst:.ndarray
1079:17:Name -> Const:int:1 | U
1084:19:Attribute -> Class:pandas._libs.internals.BlockManager
1084:19:Name -> Module:pandas._libs.internals
1084:46:Name -> Class:pandas.core.internals.managers.BaseBlockManager
1096:16:Name -> Class:_collections_abc.Sequence
1096:25:Name -> Class:pandas.core.internals.blocks.Block
1097:14:Name -> Class:_collections_abc.Sequence
1097:23:Name -> Class:pandas.core.indexes.base.Index
1098:26:Name -> Class:builtins.bool
1100:11:Name -> Const:bool:True | U
1104:25:Name -> U
1105:19:Attribute -> Const:int:2
1105:19:Name -> Inst:pandas.core.internals.managers.BlockManager
1105:32:Attribute -> U
1105:32:Name -> U
1106:26:Call -> ExcInst:builtins.AssertionError
1106:26:Name -> Class:builtins.AssertionError
1107:55:Attribute -> U
1107:55:Name -> U
1108:43:Attribute -> Const:int:2
1108:43:Name -> Inst:pandas.core.internals.managers.BlockManager
1114:12:Call -> Const:NoneType:None
1114:12:Attribute -> BM:pandas.core.internals.managers.BlockManager._verify_integrity
1114:12:Name -> Inst:pandas.core.internals.managers.BlockManager
1117:20:Attribute -> Inst:builtins.tuple
1117:20:Name -> Inst:pandas.core.internals.managers.BlockManager
1118:20:Call -> ERR
1118:20:Name -> Func:builtins.sum
1118:24:Call -> ERR
1118:24:Name -> Func:builtins.len
1118:28:Attribute -> U
1118:28:Name -> U
1118:49:Attribute -> Inst:builtins.tuple | U | Tuple:0
1118:49:Name -> Inst:pandas.core.internals.managers.BlockManager
1119:21:Attribute -> Inst:builtins.tuple | U | Tuple:0
1119:21:Name -> Inst:pandas.core.internals.managers.BlockManager
1120:15:Attribute -> U
1120:15:Name -> U
1120:34:Name -> Inst:builtins.tuple
1121:16:Call -> Const:NoneType:None
1121:16:Name -> Func:pandas.core.internals.managers.raise_construction_error
1121:41:Name -> U
1121:52:Attribute -> U
1121:52:Name -> U
1121:69:Attribute -> ERR
1121:69:Name -> Inst:pandas.core.internals.managers.BlockManager
1122:11:Call -> ERR
1122:11:Name -> Func:builtins.len
1122:15:Attribute -> U
1122:15:Name -> Inst:pandas.core.internals.managers.BlockManager
1122:30:Name -> U
1123:18:Call -> ExcInst:builtins.AssertionError
1123:18:Name -> Class:builtins.AssertionError
1125:49:Call -> ERR
1125:49:Name -> Func:builtins.len
1125:53:Attribute -> U
1125:53:Name -> Inst:pandas.core.internals.managers.BlockManager
1126:30:Name -> U
1129:5:Name -> Class:builtins.classmethod
1130:33:Name -> Class:builtins.list
1130:38:Name -> Class:pandas.core.internals.blocks.Block
1130:52:Name -> Class:builtins.list
1130:57:Name -> Class:pandas.core.indexes.base.Index
1130:68:Name -> Func:typing.Self
1134:15:Call -> Inst:pandas.core.internals.managers.BlockManager
1134:15:Name -> Class:pandas.core.internals.managers.BlockManager
1134:19:Name -> U
1134:27:Name -> U
1139:27:Name -> Class:builtins.int
1139:35:Name -> Class:pandas.core.internals.managers.SingleBlockManager
1151:11:Call -> ERR
1151:11:Name -> Func:builtins.len
1151:15:Attribute -> Inst:builtins.tuple | U | Tuple:0
1151:15:Name -> Inst:pandas.core.internals.managers.BlockManager
1154:20:Attribute -> Class:.ndarray
1154:20:Name -> U
1154:33:Name -> Class:pandas.core.arrays.base.ExtensionArray
1154:50:Call -> ERR
1154:50:Attribute -> ERR
1154:50:Attribute -> Inst:builtins.tuple | U | Tuple:0
1154:50:Name -> Inst:pandas.core.internals.managers.BlockManager
1155:17:Call -> Slice
1155:17:Name -> Class:builtins.slice
1155:30:Name -> U
1158:17:Call -> Inst:pandas._libs.internals.BlockPlacement
1158:17:Name -> Class:pandas._libs.internals.BlockPlacement
1158:32:Call -> Inst:builtins.slice
1158:32:Name -> Class:builtins.slice
1158:41:Call -> ERR
1158:41:Name -> Func:builtins.len
1158:45:Name -> U
1159:20:Call -> Inst:pandas.core.internals.blocks.DatetimeLikeBlock | Inst:pandas.core.internals.blocks.NDArrayBackedExtensionBlock | Inst:pandas.core.internals.blocks.ExtensionBlock | Inst:pandas.core.internals.blocks.NumpyBlock
1159:20:Name -> Func:pandas.core.internals.blocks.new_block
1160:16:Name -> U
1161:26:Name -> Inst:pandas._libs.internals.BlockPlacement
1163:21:Attribute -> ERR
1163:21:Attribute -> Inst:builtins.tuple | U | Tuple:0
1163:21:Name -> Inst:pandas.core.internals.managers.BlockManager
1165:19:Call -> Inst:pandas.core.internals.managers.SingleBlockManager
1165:19:Name -> Class:pandas.core.internals.managers.SingleBlockManager
1165:38:Name -> Inst:pandas.core.internals.blocks.DatetimeLikeBlock | Inst:pandas.core.internals.blocks.NDArrayBackedExtensionBlock | Inst:pandas.core.internals.blocks.ExtensionBlock | Inst:pandas.core.internals.blocks.NumpyBlock
1165:45:Call -> ERR
1165:45:Attribute -> ERR
1165:45:Attribute -> ERR
1165:45:Name -> Inst:pandas.core.internals.managers.BlockManager
1169:16:Attribute -> Const:NoneType:None | Const:NoneType:None | Const:NoneType:None | Const:NoneType:None | U | Const:NoneType:None | Const:NoneType:None | Const:NoneType:None
1169:16:Name -> Inst:pandas.core.internals.managers.BlockManager
1170:11:Name -> Const:NoneType:None | Const:NoneType:None | Const:NoneType:None | Const:NoneType:None | U | Const:NoneType:None | Const:NoneType:None | Const:NoneType:None
1171:20:Call -> Const:NoneType:None | Const:NoneType:None | Const:NoneType:None | Const:NoneType:None | U
1171:20:Name -> Func:pandas.core.internals.managers.interleaved_dtype
1171:39:Attribute -> U
1171:39:Name -> U
1171:60:Attribute -> Inst:builtins.tuple | U | Tuple:0
1171:60:Name -> Inst:pandas.core.internals.managers.BlockManager
1172:12:Name -> Inst:pandas.core.internals.managers.BlockManager
1172:38:Name -> Const:NoneType:None | Const:NoneType:None | Const:NoneType:None | Const:NoneType:None | U
1174:12:Call -> ERR
1174:12:Name -> Func:builtins.len
1174:16:Name -> Inst:pandas.core.internals.managers.BlockManager
1176:11:Call -> ERR
1176:11:Name -> Func:builtins.isinstance
1176:22:Name -> Const:NoneType:None | Const:NoneType:None | Const:NoneType:None | Const:NoneType:None | U | Const:NoneType:None | Const:NoneType:None | Const:NoneType:None | Const:NoneType:None | Const:NoneType:None | Const:NoneType:None
1176:29:Name -> Class:pandas.core.dtypes.base.ExtensionDtype
1181:21:Call -> Inst:.ndarray
1181:21:Attribute -> Func:.empty
1181:21:Name -> U
1181:30:Name -> U
1181:39:Name -> Class:builtins.object
1183:21:Call -> Inst:.ndarray
1183:21:Attribute -> Func:.empty
1183:21:Name -> U
1183:30:Name -> U
1183:39:Name -> Const:NoneType:None | Const:NoneType:None | Const:NoneType:None | Const:NoneType:None | U
1184:21:Call -> U
1184:21:Name -> Func:pandas.core.construction.ensure_wrapped_if_datetimelike
1184:52:Name -> Inst:.ndarray
1186:19:Attribute -> Inst:builtins.tuple | U | Tuple:0
1186:19:Name -> Inst:pandas.core.internals.managers.BlockManager
1189:25:Call -> Inst:builtins.enumerate
1189:25:Name -> Class:builtins.enumerate
1189:35:Attribute -> U
1189:35:Name -> U
1190:23:Call -> U
1190:23:Attribute -> U
1190:23:Name -> U
1190:33:Name -> U
1190:36:Name -> U
1192:20:Attribute -> U
1192:20:Attribute -> U | Const:NoneType:None | Const:NoneType:None
1192:20:Name -> U | Inst:.ndarray | Inst:.ndarray
1193:24:Call -> Const:NoneType:None
1193:24:Attribute -> Func:pandas._libs.lib.is_float
1193:24:Name -> Module:pandas._libs.lib
1193:37:Name -> U
1194:24:Call -> Const:NoneType:None | Const:NoneType:None | Const:NoneType:None | Const:NoneType:None | Const:NoneType:None | Const:NoneType:None | Const:bool:False | U | Inst:.ndarray | Inst:.ndarray | Const:NoneType:None | Const:NoneType:None
1194:24:Name -> Func:pandas.core.dtypes.missing.isna | Func:pandas.core.dtypes.missing.isna | Func:pandas.core.dtypes.missing.isna | Func:pandas.core.dtypes.missing.isna | Func:pandas.core.dtypes.missing.isna | Func:pandas.core.dtypes.missing.isna
1194:29:Name -> U
1195:24:Call -> ERR
1195:24:Name -> Func:builtins.isinstance
1195:35:Attribute -> U
1195:35:Name -> U
1195:46:Name -> Class:pandas.core.dtypes.dtypes.CategoricalDtype
1202:23:Attribute -> U
1202:23:Attribute -> U | Const:NoneType:None | Const:NoneType:None
1202:23:Name -> U | Inst:.ndarray | Inst:.ndarray
1203:36:Name -> Class:builtins.object
1205:36:Attribute -> U
1205:36:Name -> U
1206:29:Call -> U | Inst:.ndarray | Inst:.ndarray
1206:29:Attribute -> U | BM:.ndarray.astype | BM:.ndarray.astype
1206:29:Name -> U | Inst:.ndarray | Inst:.ndarray
1206:43:Name -> Class:builtins.object | U
1207:16:Name -> U | Inst:.ndarray | Inst:.ndarray
1207:23:Name -> U
1207:29:Name -> U
1209:11:Call -> ERR
1209:11:Name -> Func:builtins.isinstance
1209:22:Name -> Const:NoneType:None | Const:NoneType:None | Const:NoneType:None | Const:NoneType:None | U
1209:29:Name -> Class:pandas.core.dtypes.base.ExtensionDtype
1210:18:Call -> U
1210:18:Attribute -> U
1210:18:Name -> Const:NoneType:None | Const:NoneType:None | Const:NoneType:None | Const:NoneType:None | U
1211:21:Call -> U
1211:21:Attribute -> U
1211:21:Name -> U
1211:40:Name -> U | Inst:.ndarray | Inst:.ndarray
1211:54:Name -> Const:NoneType:None | Const:NoneType:None | Const:NoneType:None | Const:NoneType:None | U
1213:13:Call -> Inst:pandas._libs.internals.BlockPlacement
1213:13:Name -> Class:pandas._libs.internals.BlockPlacement
1213:28:Call -> Inst:builtins.slice
1213:28:Name -> Class:builtins.slice
1213:37:Call -> ERR
1213:37:Name -> Func:builtins.len
1213:41:Name -> U | Inst:.ndarray | Inst:.ndarray
1214:16:Call -> Inst:pandas.core.internals.blocks.DatetimeLikeBlock | Inst:pandas.core.internals.blocks.NDArrayBackedExtensionBlock | Inst:pandas.core.internals.blocks.ExtensionBlock | Inst:pandas.core.internals.blocks.NumpyBlock
1214:16:Name -> Func:pandas.core.internals.blocks.new_block
1214:26:Name -> U | Inst:.ndarray | Inst:.ndarray
1214:44:Name -> Inst:pandas._libs.internals.BlockPlacement
1215:15:Call -> Inst:pandas.core.internals.managers.SingleBlockManager
1215:15:Name -> Class:pandas.core.internals.managers.SingleBlockManager
1215:34:Name -> Inst:pandas.core.internals.blocks.DatetimeLikeBlock | Inst:pandas.core.internals.blocks.NDArrayBackedExtensionBlock | Inst:pandas.core.internals.blocks.ExtensionBlock | Inst:pandas.core.internals.blocks.NumpyBlock
1215:41:Call -> ERR
1215:41:Attribute -> ERR
1215:41:Attribute -> ERR
1215:41:Name -> Inst:pandas.core.internals.managers.BlockManager
1217:22:Name -> Class:builtins.int
1217:38:Name -> Class:builtins.bool
1217:54:Name -> Class:pandas.core.internals.managers.SingleBlockManager
1221:16:Attribute -> Inst:builtins.tuple | U | Tuple:0
1221:16:Name -> Inst:pandas.core.internals.managers.BlockManager
1221:28:Attribute -> U | Inst:.ndarray | Inst:.ndarray
1221:28:Name -> Inst:pandas.core.internals.managers.BlockManager
1221:40:Name -> U
1222:17:Call -> U
1222:17:Attribute -> U
1222:17:Name -> U
1222:28:Attribute -> Inst:.ndarray | U | Inst:.ndarray
1222:28:Name -> Inst:pandas.core.internals.managers.BlockManager
1222:41:Name -> U
1225:13:Call -> Inst:pandas._libs.internals.BlockPlacement
1225:13:Name -> Class:pandas._libs.internals.BlockPlacement
1225:28:Call -> Inst:builtins.slice
1225:28:Name -> Class:builtins.slice
1225:37:Call -> ERR
1225:37:Name -> Func:builtins.len
1225:41:Name -> U
1226:13:Call -> U
1226:13:Call -> U
1226:13:Name -> Class:builtins.type
1226:18:Name -> U
1227:12:Name -> U
1227:30:Name -> Inst:pandas._libs.internals.BlockPlacement
1227:61:Name -> Const:bool:True | U
1227:47:Attribute -> U
1227:47:Name -> U
1229:15:Call -> Inst:pandas.core.internals.managers.SingleBlockManager
1229:15:Name -> Class:pandas.core.internals.managers.SingleBlockManager
1229:34:Name -> U
1229:38:Call -> ERR
1229:38:Attribute -> ERR
1229:38:Attribute -> ERR
1229:38:Name -> Inst:pandas.core.internals.managers.BlockManager
1231:29:Name -> Class:builtins.int
1231:37:Name -> Class:.Union
1239:16:Attribute -> Inst:builtins.tuple | U | Tuple:0
1239:16:Name -> Inst:pandas.core.internals.managers.BlockManager
1239:28:Attribute -> U | Inst:.ndarray | Inst:.ndarray
1239:28:Name -> Inst:pandas.core.internals.managers.BlockManager
1239:40:Name -> U
1240:17:Call -> U
1240:17:Attribute -> U
1240:17:Name -> U
1240:28:Attribute -> Inst:.ndarray | U | Inst:.ndarray
1240:28:Name -> Inst:pandas.core.internals.managers.BlockManager
1240:41:Name -> U
1241:15:Name -> U
1243:5:Name -> Class:builtins.property
1244:31:Name -> Class:builtins.list
1244:36:Attribute -> Class:.ndarray
1244:36:Name -> U
1254:16:Name -> Class:builtins.list
1254:21:Attribute -> Class:.ndarray
1254:21:Name -> U
1254:51:Call -> ERR
1254:51:Name -> Func:builtins.len
1254:55:Attribute -> U
1254:55:Name -> Inst:pandas.core.internals.managers.BlockManager
1256:19:Attribute -> Inst:builtins.tuple | U | Tuple:0
1256:19:Name -> Inst:pandas.core.internals.managers.BlockManager
1257:23:Attribute -> U
1257:23:Name -> U
1258:21:Call -> U
1258:21:Attribute -> U
1258:21:Attribute -> U
1258:21:Name -> U
1259:15:Attribute -> U
1259:15:Name -> U
1261:16:Name -> U
1261:23:Name -> U
1261:38:Name -> U
1264:30:Call -> Inst:builtins.enumerate
1264:30:Name -> Class:builtins.enumerate
1264:40:Name -> U
1265:20:Name -> U
1265:27:Name -> U
1265:34:Name -> U
1265:41:Name -> U
1269:15:Name -> U
1273:13:Name -> Class:builtins.int
1273:19:Name -> Class:builtins.slice
1273:27:Attribute -> Class:.ndarray
1273:27:Name -> U
1274:15:Name -> Class:.Union
1275:17:Name -> Class:builtins.bool
1276:14:Name -> Class:pandas._libs.internals.BlockValuesRefs
1282:11:Attribute -> Inst:.ndarray | U | Inst:.ndarray
1282:11:Name -> Inst:pandas.core.internals.managers.BlockManager
1282:37:Attribute -> Const:int:2
1282:37:Name -> Inst:pandas.core.internals.managers.BlockManager
1283:12:Call -> Const:NoneType:None
1283:12:Attribute -> BM:pandas._libs.internals.BlockManager._rebuild_blknos_and_blklocs
1283:12:Name -> Inst:pandas.core.internals.managers.BlockManager
1286:34:Call -> U
1286:34:Name -> Func:pandas.core.dtypes.common.is_1d_only_ea_dtype
1286:54:Attribute -> U
1286:54:Name -> U
1287:15:Name -> U
1288:15:Attribute -> U
1288:15:Name -> U
1289:24:Attribute -> U
1289:24:Name -> U
1291:24:Call -> U
1291:24:Name -> Func:pandas.core.internals.blocks.ensure_block_shape
1291:43:Name -> U
1293:15:Attribute -> U
1293:15:Name -> U
1293:34:Attribute -> Inst:builtins.tuple
1293:34:Name -> Inst:pandas.core.internals.managers.BlockManager
1294:22:Call -> ExcInst:builtins.AssertionError
1294:22:Name -> Class:builtins.AssertionError
1298:11:Call -> Const:NoneType:None
1298:11:Attribute -> Func:pandas._libs.lib.is_integer
1298:11:Name -> Module:pandas._libs.lib
1298:26:Name -> U
1304:18:Call -> U
1304:18:Name -> Func:typing.cast
1304:30:Name -> U
1305:20:Attribute -> U | Inst:.ndarray | Inst:.ndarray
1305:20:Name -> Inst:pandas.core.internals.managers.BlockManager
1305:32:Name -> U
1306:18:Attribute -> Inst:builtins.tuple | U | Tuple:0
1306:18:Name -> Inst:pandas.core.internals.managers.BlockManager
1306:30:Name -> U
1307:15:Call -> ERR
1307:15:Name -> Func:builtins.len
1307:19:Attribute -> U
1307:19:Name -> U
1308:23:Call -> Const:NoneType:None | Const:NoneType:None
1308:23:Attribute -> BM:pandas.core.internals.managers.BlockManager._iset_single
1308:23:Name -> Inst:pandas.core.internals.managers.BlockManager
1309:20:Name -> U
1310:20:Name -> U
1311:28:Name -> Const:bool:False | U
1312:26:Name -> U
1313:24:Name -> U
1314:25:Name -> Const:NoneType:None | U
1320:19:Name -> U
1323:11:Name -> U
1326:23:Name -> U
1331:23:Name -> U
1331:29:Attribute -> U
1331:29:Name -> U
1334:17:Attribute -> U | Inst:.ndarray | Inst:.ndarray
1334:17:Name -> Inst:pandas.core.internals.managers.BlockManager
1334:29:Name -> U | List:1
1335:18:Call -> U
1335:18:Attribute -> U
1335:18:Attribute -> Inst:.ndarray | U | Inst:.ndarray
1335:18:Name -> Inst:pandas.core.internals.managers.BlockManager
1335:31:Name -> U | List:1
1340:33:Call -> Const:NoneType:None
1340:33:Attribute -> Func:pandas._libs.internals.get_blkno_placements
1340:33:Name -> Module:pandas._libs.internals
1340:67:Name -> U
1341:18:Attribute -> Inst:builtins.tuple | U | Tuple:0
1341:18:Name -> Inst:pandas.core.internals.managers.BlockManager
1341:30:Name -> U
1342:23:Name -> U
1342:31:Attribute -> U
1342:31:Name -> U
1343:15:Name -> Const:bool:False | U
1343:27:Call -> U
1343:27:Attribute -> U
1343:27:Name -> U
1343:44:Name -> U
1345:23:Call -> U
1345:23:Attribute -> BM:pandas.core.internals.managers.BaseBlockManager._has_no_reference_block
1345:23:Name -> Inst:pandas.core.internals.managers.BlockManager
1345:52:Name -> U
1346:20:Call -> Const:NoneType:None
1346:20:Attribute -> BM:pandas.core.internals.managers.BlockManager._iset_split_block
1346:20:Name -> Inst:pandas.core.internals.managers.BlockManager
1347:24:Name -> U
1347:33:Name -> U
1347:43:Call -> U
1347:43:Name -> Func:pandas.core.internals.managers.BlockManager.iset.value_getitem | Func:pandas.core.internals.managers.BlockManager.iset.value_getitem
1347:57:Name -> U
1347:73:Name -> Const:NoneType:None | U
1350:20:Call -> U
1350:20:Attribute -> U
1350:20:Name -> U
1350:36:Name -> U
1350:46:Call -> U
1350:46:Name -> Func:pandas.core.internals.managers.BlockManager.iset.value_getitem | Func:pandas.core.internals.managers.BlockManager.iset.value_getitem
1350:60:Name -> U
1353:16:Call -> ERR
1353:16:Attribute -> BM:builtins.list.append
1353:16:Name -> List:0
1353:38:Attribute -> U
1353:38:Attribute -> U
1353:38:Name -> U
1353:60:Name -> U
1354:16:Call -> ERR
1354:16:Attribute -> BM:builtins.list.append
1354:16:Name -> List:0
1354:38:Name -> U
1357:19:Call -> ERR
1357:19:Name -> Func:builtins.len
1357:23:Name -> U
1357:36:Call -> ERR
1357:36:Name -> Func:builtins.len
1357:40:Attribute -> U
1357:40:Name -> U
1358:20:Call -> ERR
1358:20:Attribute -> BM:builtins.list.append
1358:20:Name -> List:0
1358:42:Name -> U
1362:20:Call -> Const:NoneType:None
1362:20:Attribute -> BM:pandas.core.internals.managers.BlockManager._iset_split_block
1362:20:Name -> Inst:pandas.core.internals.managers.BlockManager
1362:43:Name -> U
1362:52:Name -> U
1362:67:Name -> Const:NoneType:None | U
1364:11:Name -> List:0
1366:25:Call -> Inst:.ndarray
1366:25:Attribute -> Func:.zeros
1366:25:Name -> U
1366:34:Attribute -> U
1366:34:Name -> Inst:pandas.core.internals.managers.BlockManager
1366:54:Attribute -> U
1366:54:Name -> U
1367:12:Name -> Inst:.ndarray
1367:23:Name -> U
1369:25:Call -> Inst:.ndarray
1369:25:Attribute -> Func:.empty
1369:25:Name -> U
1369:34:Attribute -> U
1369:34:Name -> Inst:pandas.core.internals.managers.BlockManager
1369:54:Attribute -> U
1369:54:Name -> U
1370:12:Call -> Const:NoneType:None
1370:12:Attribute -> BM:.ndarray.fill
1370:12:Name -> Inst:.ndarray
1371:12:Name -> Inst:.ndarray
1371:24:Name -> Inst:.ndarray
1371:38:Call -> U
1371:38:Attribute -> U
1371:38:Name -> U
1371:48:Attribute -> U
1371:48:Name -> Inst:pandas.core.internals.managers.BlockManager
1371:63:Call -> ERR
1371:63:Name -> Func:builtins.len
1371:67:Name -> U
1372:12:Name -> Inst:pandas.core.internals.managers.BlockManager
1372:27:Name -> Inst:.ndarray
1372:38:Attribute -> U | Inst:.ndarray | Inst:.ndarray
1372:38:Name -> Inst:pandas.core.internals.managers.BlockManager
1373:12:Name -> Inst:pandas.core.internals.managers.BlockManager
1373:26:Call -> Inst:builtins.tuple
1373:26:Name -> Class:builtins.tuple
1374:16:Name -> U
1374:34:Call -> Inst:builtins.enumerate
1374:34:Name -> Class:builtins.enumerate
1374:44:Attribute -> Inst:builtins.tuple | U | Tuple:0
1374:44:Name -> Inst:pandas.core.internals.managers.BlockManager
1374:60:Name -> U
1374:69:Call -> Inst:builtins.set
1374:69:Name -> Class:builtins.set
1374:73:Name -> U
1377:11:Name -> List:0
1378:25:Call -> Inst:.ndarray
1378:25:Attribute -> Func:.concatenate
1378:25:Name -> U
1378:40:Name -> List:0
1379:26:Call -> Const:int:1
1379:26:Name -> Func:builtins.len
1379:30:Name -> Inst:.ndarray
1381:24:Name -> Class:builtins.list
1381:29:Name -> Class:pandas.core.internals.blocks.Block
1382:15:Name -> U
1386:16:Call -> ERR
1386:16:Attribute -> BM:builtins.list.extend
1386:16:Name -> List:0
1387:20:Call -> Inst:pandas.core.internals.blocks.DatetimeLikeBlock | Inst:pandas.core.internals.blocks.NDArrayBackedExtensionBlock | Inst:pandas.core.internals.blocks.ExtensionBlock | Inst:pandas.core.internals.blocks.NumpyBlock
1387:20:Name -> Func:pandas.core.internals.blocks.new_block_2d
1388:31:Name -> U
1389:34:Call -> Inst:pandas._libs.internals.BlockPlacement
1389:34:Name -> Class:pandas._libs.internals.BlockPlacement
1389:49:Call -> Inst:builtins.slice
1389:49:Name -> Class:builtins.slice
1389:55:Name -> U
1389:64:Name -> U
1390:29:Name -> Const:NoneType:None | U
1392:35:Name -> Inst:.ndarray
1395:16:Attribute -> U | Inst:.ndarray | Inst:.ndarray
1395:16:Name -> Inst:pandas.core.internals.managers.BlockManager
1395:29:Name -> Inst:.ndarray
1395:43:Call -> U
1395:43:Attribute -> U
1395:43:Name -> U
1395:53:Name -> Const:int:1
1395:68:Call -> ERR
1395:68:Name -> Func:builtins.len
1395:72:Attribute -> Inst:builtins.tuple | U | Tuple:0
1395:72:Name -> Inst:pandas.core.internals.managers.BlockManager
1396:16:Attribute -> Inst:.ndarray | U | Inst:.ndarray
1396:16:Name -> Inst:pandas.core.internals.managers.BlockManager
1396:30:Name -> Inst:.ndarray
1400:34:Call -> U
1400:34:Attribute -> U
1400:34:Name -> U
1400:59:Name -> U
1402:16:Call -> ERR
1402:16:Attribute -> BM:builtins.list.append
1402:16:Name -> List:0
1403:20:Call -> Inst:pandas.core.internals.blocks.DatetimeLikeBlock | Inst:pandas.core.internals.blocks.NDArrayBackedExtensionBlock | Inst:pandas.core.internals.blocks.ExtensionBlock | Inst:pandas.core.internals.blocks.NumpyBlock
1403:20:Name -> Func:pandas.core.internals.blocks.new_block_2d
1404:31:Call -> U
1404:31:Name -> Func:pandas.core.internals.managers.BlockManager.iset.value_getitem | Func:pandas.core.internals.managers.BlockManager.iset.value_getitem
1404:45:Name -> U
1405:34:Call -> Inst:pandas._libs.internals.BlockPlacement
1405:34:Name -> Class:pandas._libs.internals.BlockPlacement
1405:49:Name -> Inst:.ndarray
1406:29:Name -> Const:NoneType:None | U
1410:16:Attribute -> U | Inst:.ndarray | Inst:.ndarray
1410:16:Name -> Inst:pandas.core.internals.managers.BlockManager
1410:29:Name -> Inst:.ndarray
1410:43:Call -> ERR
1410:43:Name -> Func:builtins.len
1410:47:Attribute -> Inst:builtins.tuple | U | Tuple:0
1410:47:Name -> Inst:pandas.core.internals.managers.BlockManager
1411:16:Attribute -> Inst:.ndarray | U | Inst:.ndarray
1411:16:Name -> Inst:pandas.core.internals.managers.BlockManager
1411:30:Name -> Inst:.ndarray
1411:44:Call -> U
1411:44:Attribute -> U
1411:44:Name -> U
1411:54:Name -> Const:int:1
1415:12:Name -> Inst:pandas.core.internals.managers.BlockManager
1416:12:Name -> Inst:pandas.core.internals.managers.BlockManager
1418:12:Name -> Inst:pandas.core.internals.managers.BlockManager
1418:27:Call -> Tuple:0
1418:27:Name -> Class:builtins.tuple
1418:33:Name -> List:0
1422:17:Name -> Class:builtins.int
1423:18:Attribute -> Class:.ndarray
1423:18:Name -> U
1423:31:Name -> Class:builtins.list
1423:36:Name -> Class:builtins.int
1424:15:Name -> Class:.Union
1425:14:Name -> Class:pandas._libs.internals.BlockValuesRefs
1440:14:Attribute -> Inst:builtins.tuple | U | Tuple:0
1440:14:Name -> Inst:pandas.core.internals.managers.BlockManager
1440:26:Name -> U
1442:11:Attribute -> Inst:.ndarray | U | Inst:.ndarray
1442:11:Name -> Inst:pandas.core.internals.managers.BlockManager
1443:12:Call -> Const:NoneType:None
1443:12:Attribute -> BM:pandas._libs.internals.BlockManager._rebuild_blknos_and_blklocs
1443:12:Name -> Inst:pandas.core.internals.managers.BlockManager
1445:18:Call -> Inst:builtins.tuple
1445:18:Name -> Class:builtins.tuple
1445:24:Call -> U
1445:24:Attribute -> U
1445:24:Name -> U
1445:35:Name -> U
1446:11:Name -> Const:NoneType:None | U
1447:19:Attribute -> U
1447:19:Attribute -> U
1447:19:Name -> U
1447:41:Name -> U
1448:23:Call -> Inst:pandas.core.internals.blocks.DatetimeLikeBlock | Inst:pandas.core.internals.blocks.NDArrayBackedExtensionBlock | Inst:pandas.core.internals.blocks.ExtensionBlock | Inst:pandas.core.internals.blocks.NumpyBlock
1448:23:Name -> Func:pandas.core.internals.blocks.new_block_2d
1448:36:Name -> U
1448:43:Call -> Inst:pandas._libs.internals.BlockPlacement
1448:43:Name -> Class:pandas._libs.internals.BlockPlacement
1448:58:Name -> U
1448:70:Name -> Const:NoneType:None | U
1450:23:Name -> Inst:builtins.tuple
1451:22:Call -> Inst:builtins.tuple
1451:22:Name -> Class:builtins.tuple
1451:28:Name -> Inst:builtins.tuple
1453:20:Call -> ERR
1453:20:Name -> Func:builtins.len
1453:24:Attribute -> Inst:builtins.tuple | U | Tuple:0
1453:24:Name -> Inst:pandas.core.internals.managers.BlockManager
1455:13:Attribute -> Inst:builtins.tuple | U | Tuple:0
1455:13:Name -> Inst:pandas.core.internals.managers.BlockManager
1455:26:Name -> U
1456:12:Name -> Inst:pandas.core.internals.blocks.DatetimeLikeBlock | Inst:pandas.core.internals.blocks.NDArrayBackedExtensionBlock | Inst:pandas.core.internals.blocks.ExtensionBlock | Inst:pandas.core.internals.blocks.NumpyBlock | U
1457:13:Attribute -> Inst:builtins.tuple | U | Tuple:0
1457:13:Name -> Inst:pandas.core.internals.managers.BlockManager
1457:25:Name -> U
1458:13:Name -> Inst:builtins.tuple
1460:8:Name -> Inst:pandas.core.internals.managers.BlockManager
1460:22:Name -> U
1462:15:Name -> Inst:builtins.tuple
1462:27:Name -> Const:NoneType:None | U
1466:8:Attribute -> Inst:.ndarray | U | Inst:.ndarray
1466:8:Name -> Inst:pandas.core.internals.managers.BlockManager
1466:22:Attribute -> U
1466:22:Attribute -> U | BM:pandas.core.internals.blocks.Block.mgr_locs
1466:22:Name -> Inst:pandas.core.internals.blocks.DatetimeLikeBlock | Inst:pandas.core.internals.blocks.NDArrayBackedExtensionBlock | U
1466:51:Call -> U
1466:51:Attribute -> U
1466:51:Name -> U
1466:61:Call -> ERR
1466:61:Name -> Func:builtins.len
1466:65:Name -> Inst:pandas.core.internals.blocks.DatetimeLikeBlock | Inst:pandas.core.internals.blocks.NDArrayBackedExtensionBlock | Inst:pandas.core.internals.blocks.ExtensionBlock | Inst:pandas.core.internals.blocks.NumpyBlock | U
1468:21:Call -> Inst:builtins.enumerate
1468:21:Name -> Class:builtins.enumerate
1468:31:Name -> Inst:builtins.tuple
1469:12:Attribute -> Inst:.ndarray | U | Inst:.ndarray
1469:12:Name -> Inst:pandas.core.internals.managers.BlockManager
1469:26:Attribute -> U
1469:26:Attribute -> U
1469:26:Name -> U
1469:49:Call -> U
1469:49:Attribute -> U
1469:49:Name -> U
1469:59:Call -> ERR
1469:59:Name -> Func:builtins.len
1469:63:Name -> U
1470:12:Attribute -> U | Inst:.ndarray | Inst:.ndarray
1470:12:Name -> Inst:pandas.core.internals.managers.BlockManager
1470:25:Attribute -> U
1470:25:Attribute -> U
1470:25:Name -> U
1470:48:Name -> U
1470:52:Name -> U
1474:13:Name -> Class:builtins.int
1475:15:Name -> Class:.Union
1476:17:Name -> Class:builtins.bool
1477:15:Name -> Class:builtins.int
1478:13:Name -> Class:pandas.core.internals.blocks.Block
1479:14:Name -> Class:pandas._libs.internals.BlockValuesRefs
1490:11:Name -> U
1490:23:Call -> U
1490:23:Attribute -> U
1490:23:Name -> U
1490:40:Name -> U
1491:23:Call -> U
1491:23:Attribute -> BM:pandas.core.internals.managers.BaseBlockManager._has_no_reference_block
1491:23:Name -> Inst:pandas.core.internals.managers.BlockManager
1491:52:Name -> U
1492:19:Attribute -> Inst:.ndarray | U | Inst:.ndarray
1492:19:Name -> Inst:pandas.core.internals.managers.BlockManager
1492:32:Name -> U
1493:12:Call -> U
1493:12:Attribute -> U
1493:12:Name -> U
1493:28:Call -> Inst:builtins.slice
1493:28:Name -> Class:builtins.slice
1493:34:Name -> U
1493:40:Name -> U
1493:51:Name -> U
1493:63:Name -> U
1496:13:Call -> Inst:pandas.core.internals.blocks.DatetimeLikeBlock | Inst:pandas.core.internals.blocks.NDArrayBackedExtensionBlock | Inst:pandas.core.internals.blocks.ExtensionBlock | Inst:pandas.core.internals.blocks.NumpyBlock
1496:13:Name -> Func:pandas.core.internals.blocks.new_block_2d
1496:26:Name -> U
1496:43:Attribute -> U
1496:43:Name -> U
1496:63:Name -> Const:NoneType:None | U
1497:21:Attribute -> Inst:builtins.tuple | U | Tuple:0
1497:21:Name -> Inst:pandas.core.internals.managers.BlockManager
1498:23:Name -> Inst:builtins.tuple | U | Tuple:0
1498:35:Name -> U
1498:43:Name -> Inst:pandas.core.internals.blocks.DatetimeLikeBlock | Inst:pandas.core.internals.blocks.NDArrayBackedExtensionBlock | Inst:pandas.core.internals.blocks.ExtensionBlock | Inst:pandas.core.internals.blocks.NumpyBlock
1498:48:Name -> Inst:builtins.tuple | U | Tuple:0
1498:59:Name -> U
1501:8:Name -> Inst:pandas.core.internals.managers.BlockManager
1502:8:Name -> Inst:pandas.core.internals.managers.BlockManager
1502:22:Name -> U
1506:19:Name -> Class:builtins.int
1506:29:Name -> Class:builtins.int
1506:35:Name -> Class:builtins.slice
1506:43:Attribute -> Class:.ndarray
1506:43:Name -> U
1506:76:Name -> Class:builtins.bool
1514:15:Call -> U
1514:15:Attribute -> BM:pandas.core.internals.managers.BaseBlockManager._has_no_reference
1514:15:Name -> Inst:pandas.core.internals.managers.BlockManager
1514:38:Name -> U
1515:20:Attribute -> U | Inst:.ndarray | Inst:.ndarray
1515:20:Name -> Inst:pandas.core.internals.managers.BlockManager
1515:32:Name -> U
1517:22:Attribute -> Inst:.ndarray | U | Inst:.ndarray
1517:22:Name -> Inst:pandas.core.internals.managers.BlockManager
1517:35:Name -> U
1519:21:Attribute -> U
1519:21:Attribute -> Inst:builtins.tuple | U | Tuple:0
1519:21:Name -> Inst:pandas.core.internals.managers.BlockManager
1519:33:Name -> U
1520:15:Attribute -> U
1520:15:Name -> U
1521:25:Call -> U
1521:25:Attribute -> U
1521:25:Name -> U
1525:25:Name -> U
1525:33:Name -> U
1526:12:Call -> Const:NoneType:None
1526:12:Attribute -> BM:pandas.core.internals.managers.BlockManager._iset_split_block
1526:12:Name -> Inst:pandas.core.internals.managers.BlockManager
1526:35:Name -> U
1526:43:Name -> U
1526:53:Name -> U
1530:18:Call -> Inst:pandas.core.internals.managers.SingleBlockManager
1530:18:Attribute -> BM:pandas.core.internals.managers.BlockManager.iget
1530:18:Name -> Inst:pandas.core.internals.managers.BlockManager
1530:28:Name -> U
1531:11:Name -> Const:bool:False | U
1532:12:Call -> Const:NoneType:None
1532:12:Attribute -> BM:pandas.core.internals.managers.SingleBlockManager.setitem_inplace
1532:12:Name -> Inst:pandas.core.internals.managers.SingleBlockManager
1532:36:Name -> U
1532:41:Name -> U
1534:22:Call -> U | Inst:pandas.core.internals.managers.SingleBlockManager
1534:22:Attribute -> BM:pandas.core.internals.managers.BaseBlockManager.setitem
1534:22:Name -> Inst:pandas.core.internals.managers.SingleBlockManager
1534:39:Name -> U
1534:46:Name -> U
1535:12:Call -> Const:NoneType:None | Const:NoneType:None
1535:12:Attribute -> BM:pandas.core.internals.managers.BlockManager.iset
1535:12:Name -> Inst:pandas.core.internals.managers.BlockManager
1535:22:Name -> U
1535:27:Attribute -> U
1535:27:Attribute -> U
1535:27:Name -> U | Inst:pandas.core.internals.managers.SingleBlockManager
1537:26:Name -> Class:builtins.int
1537:37:Name -> Class:_collections_abc.Hashable
1537:54:Name -> Class:.Union
1548:19:Call -> U
1548:19:Attribute -> U
1548:19:Attribute -> U
1548:19:Name -> Inst:pandas.core.internals.managers.BlockManager
1548:37:Name -> U
1548:42:Name -> U
1550:11:Attribute -> U
1550:11:Name -> U
1551:20:Attribute -> U
1551:20:Name -> U
1552:15:Call -> ERR
1552:15:Name -> Func:builtins.len
1552:19:Name -> U
1553:22:Call -> ExcInst:builtins.ValueError
1553:22:Name -> Class:builtins.ValueError
1554:68:Attribute -> U
1554:68:Attribute -> U
1554:68:Name -> U
1557:20:Call -> U
1557:20:Name -> Func:pandas.core.internals.blocks.ensure_block_shape
1557:39:Name -> U
1557:51:Attribute -> Const:int:2
1557:51:Name -> Inst:pandas.core.internals.managers.BlockManager
1559:13:Call -> Inst:pandas._libs.internals.BlockPlacement
1559:13:Name -> Class:pandas._libs.internals.BlockPlacement
1559:28:Call -> Inst:builtins.slice
1559:28:Name -> Class:builtins.slice
1559:34:Name -> U
1559:39:Name -> U
1560:16:Call -> Inst:pandas.core.internals.blocks.DatetimeLikeBlock | Inst:pandas.core.internals.blocks.NDArrayBackedExtensionBlock | Inst:pandas.core.internals.blocks.ExtensionBlock | Inst:pandas.core.internals.blocks.NumpyBlock
1560:16:Name -> Func:pandas.core.internals.blocks.new_block_2d
1560:36:Name -> U
1560:53:Name -> Inst:pandas._libs.internals.BlockPlacement
1560:62:Name -> Const:NoneType:None | U
1562:15:Call -> ERR
1562:15:Name -> Func:builtins.len
1562:19:Attribute -> Inst:builtins.tuple | U | Tuple:0
1562:19:Name -> Inst:pandas.core.internals.managers.BlockManager
1564:12:Name -> Inst:pandas.core.internals.managers.BlockManager
1564:28:Call -> Inst:.ndarray
1564:28:Attribute -> Func:.array
1564:28:Name -> U
1564:48:Attribute -> U
1564:48:Name -> U
1565:12:Name -> Inst:pandas.core.internals.managers.BlockManager
1565:27:Call -> Inst:.ndarray
1565:27:Attribute -> Func:.array
1565:27:Name -> U
1565:47:Attribute -> U
1565:47:Name -> U
1567:12:Call -> Const:NoneType:None
1567:12:Attribute -> BM:pandas.core.internals.managers.BlockManager._insert_update_mgr_locs
1567:12:Name -> Inst:pandas.core.internals.managers.BlockManager
1567:41:Name -> U
1568:12:Call -> Const:NoneType:None
1568:12:Attribute -> BM:pandas.core.internals.managers.BlockManager._insert_update_blklocs_and_blknos
1568:12:Name -> Inst:pandas.core.internals.managers.BlockManager
1568:51:Name -> U
1570:8:Attribute -> ERR
1570:8:Name -> Inst:pandas.core.internals.managers.BlockManager
1570:23:Name -> U
1573:8:Name -> Inst:pandas.core.internals.managers.BlockManager
1574:8:Name -> Inst:pandas.core.internals.managers.BlockManager
1575:8:Name -> Inst:pandas.core.internals.managers.BlockManager
1575:24:Name -> Inst:pandas.core.internals.blocks.DatetimeLikeBlock | Inst:pandas.core.internals.blocks.NDArrayBackedExtensionBlock | Inst:pandas.core.internals.blocks.ExtensionBlock | Inst:pandas.core.internals.blocks.NumpyBlock
1581:12:Call -> ERR
1581:12:Name -> Func:builtins.len
1581:16:Attribute -> Inst:builtins.tuple | U | Tuple:0
1581:16:Name -> Inst:pandas.core.internals.managers.BlockManager
1581:31:Name -> Const:int:100
1582:16:Name -> Dict:0
1583:16:Call -> ERR
1583:16:Name -> Func:builtins.sum
1583:24:Attribute -> U
1583:24:Name -> U
1583:56:Attribute -> Inst:builtins.tuple | U | Tuple:0
1583:56:Name -> Inst:pandas.core.internals.managers.BlockManager
1583:71:Name -> Const:int:100
1585:12:Call -> Const:NoneType:None
1585:12:Attribute -> Func:warnings.warn | Func:_warnings.warn
1585:12:Name -> Module:warnings
1590:16:Name -> Class:pandas.errors.PerformanceWarning
1591:27:Call -> Const:int:0 | Const:int:1
1591:27:Name -> Func:pandas.util._exceptions.find_stack_level
1600:17:Call -> Tuple:1
1600:17:Attribute -> BM:.ndarray.nonzero
1600:17:Call -> Inst:.ndarray
1600:17:Attribute -> Func:.bincount
1600:17:Name -> U
1600:29:Attribute -> U | Inst:.ndarray | Inst:.ndarray
1600:29:Name -> Inst:pandas.core.internals.managers.BlockManager
1600:41:Name -> U
1601:21:Name -> Const:int:1
1603:18:Attribute -> Inst:builtins.tuple | U | Tuple:0
1603:18:Name -> Inst:pandas.core.internals.managers.BlockManager
1603:30:Name -> U
1604:12:Name -> U
1604:28:Call -> U
1604:28:Attribute -> U
1604:28:Attribute -> U
1604:28:Name -> U
1604:58:Name -> U
1613:11:Name -> U
1613:18:Attribute -> Inst:.ndarray | U | Inst:.ndarray
1613:18:Attribute -> Inst:.ndarray | U | Inst:.ndarray
1613:18:Name -> Inst:pandas.core.internals.managers.BlockManager
1615:12:Name -> Inst:pandas.core.internals.managers.BlockManager
1615:28:Call -> U
1615:28:Attribute -> U
1615:28:Name -> U
1615:38:Attribute -> Inst:.ndarray | U | Inst:.ndarray
1615:38:Name -> Inst:pandas.core.internals.managers.BlockManager
1616:12:Name -> Inst:pandas.core.internals.managers.BlockManager
1616:27:Call -> U
1616:27:Attribute -> U
1616:27:Name -> U
1616:37:Attribute -> U | Inst:.ndarray | Inst:.ndarray
1616:37:Name -> Inst:pandas.core.internals.managers.BlockManager
1616:51:Call -> ERR
1616:51:Name -> Func:builtins.len
1616:55:Attribute -> Inst:builtins.tuple | U | Tuple:0
1616:55:Name -> Inst:pandas.core.internals.managers.BlockManager
1617:13:Name -> U
1619:12:Name -> Inst:pandas.core.internals.managers.BlockManager
1619:28:Call -> Inst:.ndarray
1619:28:Attribute -> Func:.concatenate
1619:28:Name -> U
1619:49:Attribute -> Inst:.ndarray | U | Inst:.ndarray
1619:49:Name -> Inst:pandas.core.internals.managers.BlockManager
1620:12:Name -> Inst:pandas.core.internals.managers.BlockManager
1620:27:Call -> Inst:.ndarray
1620:27:Attribute -> Func:.concatenate
1620:27:Name -> U
1620:44:Call -> ERR
1620:44:Name -> Func:builtins.len
1620:48:Attribute -> Inst:builtins.tuple | U | Tuple:0
1620:48:Name -> Inst:pandas.core.internals.managers.BlockManager
1620:63:Attribute -> U | Inst:.ndarray | Inst:.ndarray
1620:63:Name -> Inst:pandas.core.internals.managers.BlockManager
1622:38:Call -> Const:NoneType:None
1622:38:Attribute -> Func:pandas._libs.internals.update_blklocs_and_blknos
1622:38:Name -> Module:pandas._libs.internals
1623:16:Attribute -> Inst:.ndarray | U | Inst:.ndarray
1623:16:Name -> Inst:pandas.core.internals.managers.BlockManager
1623:30:Attribute -> U | Inst:.ndarray | Inst:.ndarray
1623:30:Name -> Inst:pandas.core.internals.managers.BlockManager
1623:43:Name -> U
1623:48:Call -> ERR
1623:48:Name -> Func:builtins.len
1623:52:Attribute -> Inst:builtins.tuple | U | Tuple:0
1623:52:Name -> Inst:pandas.core.internals.managers.BlockManager
1625:12:Name -> Inst:pandas.core.internals.managers.BlockManager
1625:28:Name -> U
1626:12:Name -> Inst:pandas.core.internals.managers.BlockManager
1626:27:Name -> U
1628:34:Name -> Class:pandas.core.internals.managers.BlockManager
1632:21:Call -> Inst:.ndarray
1632:21:Attribute -> Func:.zeros
1632:21:Name -> U
1632:30:Attribute -> Inst:builtins.tuple
1632:30:Name -> Inst:pandas.core.internals.managers.BlockManager
1632:51:Attribute -> U
1632:51:Name -> U
1633:8:Name -> Inst:.ndarray
1633:19:Name -> U
1634:16:Call -> Tuple:1
1634:16:Attribute -> BM:.ndarray.nonzero
1634:18:Name -> Inst:.ndarray
1636:14:Call -> Gen:pandas.core.internals.managers.BaseBlockManager._slice_take_blocks_ax0
1636:14:Attribute -> BM:pandas.core.internals.managers.BaseBlockManager._slice_take_blocks_ax0
1636:14:Name -> Inst:pandas.core.internals.managers.BlockManager
1636:42:Name -> Const:int:1
1637:22:Attribute -> U
1637:22:Name -> Inst:pandas.core.internals.managers.BlockManager
1637:34:Name -> Inst:.ndarray
1638:16:Name -> U
1638:29:Attribute -> ERR
1638:29:Name -> Inst:pandas.core.internals.managers.BlockManager
1639:15:Call -> Inst:pandas.core.internals.managers.BlockManager
1639:15:Call -> Class:pandas.core.internals.managers.BlockManager
1639:15:Name -> Class:builtins.type
1639:20:Name -> Inst:pandas.core.internals.managers.BlockManager
1639:26:Call -> Inst:builtins.tuple
1639:26:Name -> Class:builtins.tuple
1639:32:Name -> Gen:pandas.core.internals.managers.BaseBlockManager._slice_take_blocks_ax0
1639:38:Name -> List:2
1644:35:Name -> Class:_collections_abc.Callable
1644:48:Name -> Func:typing.Self
1656:23:Name -> Class:builtins.list
1656:28:Name -> Class:pandas.core.internals.blocks.Block
1658:19:Attribute -> Inst:builtins.tuple | U | Tuple:0
1658:19:Name -> Inst:pandas.core.internals.managers.BlockManager
1659:15:Attribute -> U
1659:15:Name -> U
1662:26:Call -> U
1662:26:Attribute -> U
1662:26:Name -> U
1663:30:Call -> U
1663:30:Attribute -> U
1663:30:Name -> U
1663:39:Name -> U
1664:36:Call -> List:0 | List:0
1664:36:Name -> Func:pandas.core.internals.blocks.extend_blocks
1664:50:Name -> U
1664:59:Name -> List:0
1666:26:Call -> U
1666:26:Attribute -> U
1666:26:Name -> U
1666:36:Name -> U
1667:32:Call -> List:0 | List:0
1667:32:Name -> Func:pandas.core.internals.blocks.extend_blocks
1667:46:Name -> U
1667:55:Name -> List:0
1669:11:Call -> ERR
1669:11:Name -> Func:builtins.len
1669:15:Name -> List:0 | List:0
1672:20:Attribute -> ERR
1672:20:Attribute -> ERR
1672:20:Name -> List:0 | List:0
1673:16:Call -> Inst:pandas.core.indexes.range.RangeIndex
1673:16:Name -> Func:pandas.core.indexes.api.default_index
1673:30:Name -> Const:int:0 | U
1676:15:Call -> Inst:pandas.core.internals.managers.BlockManager
1676:15:Attribute -> BM:pandas.core.internals.managers.BlockManager.from_blocks
1676:15:Call -> Class:pandas.core.internals.managers.BlockManager
1676:15:Name -> Class:builtins.type
1676:20:Name -> Inst:pandas.core.internals.managers.BlockManager
1676:38:Name -> List:0 | List:0
1676:54:Call -> ERR
1676:54:Attribute -> ERR
1676:54:Attribute -> ERR
1676:54:Name -> Inst:pandas.core.internals.managers.BlockManager
1676:75:Name -> Inst:pandas.core.indexes.range.RangeIndex
1678:27:Name -> Class:_collections_abc.Callable
1678:40:Name -> Func:typing.Self
1691:15:Attribute -> Const:int:2
1691:15:Name -> Inst:pandas.core.internals.managers.BlockManager
1693:22:Call -> U
1693:22:Attribute -> U
1693:22:Name -> U
1693:33:Name -> U
1693:50:Attribute -> Inst:builtins.tuple | U | Tuple:0
1693:50:Name -> Inst:pandas.core.internals.managers.BlockManager
1694:16:Call -> Inst:pandas.core.indexes.range.RangeIndex
1694:16:Name -> Func:pandas.core.indexes.api.default_index
1696:18:Call -> Inst:pandas.core.internals.managers.BlockManager
1696:18:Attribute -> BM:pandas.core.internals.managers.BlockManager.from_blocks
1696:18:Call -> Class:pandas.core.internals.managers.BlockManager
1696:18:Name -> Class:builtins.type
1696:23:Name -> Inst:pandas.core.internals.managers.BlockManager
1696:41:Name -> U
1696:54:Attribute -> U
1696:54:Name -> Inst:pandas.core.internals.managers.BlockManager
1696:66:Name -> Inst:pandas.core.indexes.range.RangeIndex
1697:15:Name -> Inst:pandas.core.internals.managers.BlockManager
1699:39:Name -> Class:pandas.core.internals.managers.BlockManager
1699:66:Name -> Class:pandas.core.internals.managers.BlockManager
1703:15:Call -> U
1703:15:Name -> Func:pandas.core.internals.ops.operate_blockwise
1703:33:Name -> Inst:pandas.core.internals.managers.BlockManager
1703:39:Name -> U
1703:46:Name -> U
1705:28:Name -> Class:pandas.core.internals.managers.BlockManager
1705:49:Name -> Class:pandas.core.internals.managers.BlockManager
1705:66:Name -> Class:builtins.bool
1710:15:Call -> Const:bool:False | Const:bool:True
1710:15:Name -> Func:pandas.core.internals.ops.blockwise_all
1710:29:Name -> Inst:pandas.core.internals.managers.BlockManager
1710:35:Name -> U
1710:42:Name -> Func:pandas.core.dtypes.missing.array_equals
1715:12:Name -> Class:pandas.core.indexes.base.Index
1716:23:Name -> Class:.Literal
1717:9:Name -> Func:typing.Self
1734:15:Attribute -> Const:int:2
1734:15:Name -> Inst:pandas.core.internals.managers.BlockManager
1735:15:Call -> Const:NoneType:None
1735:15:Name -> Func:pandas._libs.lib.is_list_like
1735:28:Name -> U
1737:20:Call -> ERR
1737:20:Attribute -> ERR
1737:20:Attribute -> ERR
1737:20:Name -> Inst:pandas.core.internals.managers.BlockManager
1737:41:Call -> Inst:pandas.core.indexes.base.Index
1737:41:Name -> Class:pandas.core.indexes.base.Index
1737:47:Name -> U
1737:57:Attribute -> U
1737:57:Name -> U
1740:12:Call -> U
1740:12:Attribute -> U
1740:12:Name -> U
1740:28:Name -> U
1740:46:Name -> Const:str:'linear' | U
1740:72:Attribute -> Inst:builtins.tuple | U | Tuple:0
1740:72:Name -> Inst:pandas.core.internals.managers.BlockManager
1743:15:Call -> Inst:pandas.core.internals.managers.BlockManager
1743:15:Call -> Class:pandas.core.internals.managers.BlockManager
1743:15:Name -> Class:builtins.type
1743:20:Name -> Inst:pandas.core.internals.managers.BlockManager
1743:26:Name -> U
1743:34:Name -> List:2
1747:48:Name -> Class:pandas.core.internals.managers.BlockManager
1761:22:Call -> U
1761:22:Attribute -> U
1761:22:Name -> U
1761:48:Attribute -> U
1761:48:Name -> Inst:pandas.core.internals.managers.BlockManager
1762:20:Attribute -> U
1762:20:Name -> U
1764:15:Attribute -> U
1764:15:Name -> U
1768:25:Call -> U
1768:25:Attribute -> U
1768:27:Attribute -> U
1768:27:Name -> U
1768:52:Attribute -> U
1768:52:Name -> U
1769:28:Call -> U
1769:28:Attribute -> U
1769:28:Name -> U
1771:28:Call -> Inst:.ndarray
1771:28:Attribute -> Func:.zeros
1771:28:Name -> U
1771:37:Attribute -> U
1771:37:Name -> U
1771:68:Name -> Class:builtins.bool
1773:20:Name -> Class:builtins.list
1773:25:Name -> Class:pandas.core.internals.blocks.Block
1775:11:Call -> ERR
1775:11:Name -> Func:builtins.len
1775:15:Attribute -> U
1775:15:Name -> Inst:pandas.core.internals.managers.BlockManager
1778:18:Call -> ERR
1778:18:Name -> Func:builtins.len
1778:22:Name -> U
1778:37:Call -> ERR
1778:37:Name -> Func:builtins.len
1778:41:Attribute -> U
1778:41:Name -> Inst:pandas.core.internals.managers.BlockManager
1779:19:Name -> U
1779:26:Call -> Inst:builtins.int
1779:26:Name -> Class:builtins.int
1779:30:Name -> U
1780:21:Call -> Inst:builtins.int
1780:21:Name -> Class:builtins.int
1780:25:Name -> U
1782:19:Attribute -> Inst:builtins.tuple | U | Tuple:0
1782:19:Name -> Inst:pandas.core.internals.managers.BlockManager
1783:23:Attribute -> U
1783:23:Name -> U
1784:28:Call -> U
1784:28:Attribute -> U
1784:28:Name -> U
1784:54:Name -> Const:int:1 | Inst:builtins.int
1786:21:Call -> U
1786:21:Attribute -> U
1786:21:Name -> U
1787:16:Name -> U
1788:16:Name -> U
1789:30:Name -> U
1790:30:Name -> U | Inst:.ndarray
1793:12:Call -> ERR
1793:12:Attribute -> BM:builtins.list.extend
1793:12:Name -> List:0
1793:30:Name -> U
1795:13:Call -> Inst:pandas.core.internals.managers.BlockManager
1795:13:Name -> Class:pandas.core.internals.managers.BlockManager
1795:26:Name -> List:0
1795:39:Name -> U
1795:52:Name -> U
1796:15:Name -> Inst:pandas.core.internals.managers.BlockManager
1798:30:Name -> Class:_collections_abc.Generator
1798:40:Name -> Class:builtins.tuple
1798:46:Name -> Class:builtins.str
1798:51:Name -> Func:typing.Self
1806:28:Call -> Const:str:''
1806:28:Name -> Class:builtins.str
1806:32:Attribute -> U
1806:32:Name -> U
1807:29:Call -> Inst:itertools.groupby
1807:29:Attribute -> Class:itertools.groupby
1807:29:Name -> Module:itertools
1807:47:Call -> ERR
1807:47:Name -> Func:builtins.sorted
1807:54:Attribute -> Inst:builtins.tuple | U | Tuple:0
1807:54:Name -> Inst:pandas.core.internals.managers.BlockManager
1807:71:Name -> Lambda:pandas.core.internals.managers:1806
1807:81:Name -> Lambda:pandas.core.internals.managers:1806
1809:18:Name -> U
1809:25:Call -> Inst:pandas.core.internals.managers.BlockManager | U
1809:25:Attribute -> BM:pandas.core.internals.managers.BaseBlockManager._combine
1809:25:Name -> Inst:pandas.core.internals.managers.BlockManager
1809:39:Call -> Inst:builtins.list
1809:39:Name -> Class:builtins.list
1809:44:Name -> U
1815:27:Attribute -> Inst:pandas._libs.lib._NoDefault.no_default
1815:27:Name -> Module:pandas._libs.lib
1813:15:Attribute -> U
1813:15:Name -> U
1814:14:Name -> Class:builtins.bool
1815:18:Name -> Class:builtins.object
1816:9:Attribute -> Class:.ndarray
1816:9:Name -> U
1835:21:Call -> Const:NoneType:None
1835:21:Attribute -> Func:pandas._libs.lib.is_float
1835:21:Name -> Module:pandas._libs.lib
1835:34:Name -> Inst:pandas._libs.lib._NoDefault.no_default | U
1835:48:Call -> Const:NoneType:None | Const:NoneType:None | Const:NoneType:None | Const:NoneType:None | Const:NoneType:None | Const:NoneType:None | Const:bool:False | U | Inst:.ndarray | Inst:.ndarray | Const:NoneType:None | Const:NoneType:None
1835:48:Name -> Func:pandas.core.dtypes.missing.isna | Func:pandas.core.dtypes.missing.isna | Func:pandas.core.dtypes.missing.isna | Func:pandas.core.dtypes.missing.isna | Func:pandas.core.dtypes.missing.isna | Func:pandas.core.dtypes.missing.isna
1835:53:Name -> Inst:pandas._libs.lib._NoDefault.no_default | U
1837:11:Call -> ERR
1837:11:Name -> Func:builtins.len
1837:15:Attribute -> Inst:builtins.tuple | U | Tuple:0
1837:15:Name -> Inst:pandas.core.internals.managers.BlockManager
1838:18:Call -> Inst:.ndarray
1838:18:Attribute -> Func:.empty
1838:18:Name -> U
1838:27:Attribute -> Inst:builtins.tuple
1838:27:Name -> Inst:pandas.core.internals.managers.BlockManager
1838:45:Name -> Class:builtins.float
1839:19:Call -> Inst:.ndarray
1839:19:Attribute -> BM:.ndarray.transpose
1839:19:Name -> Inst:.ndarray
1841:11:Attribute -> U
1841:11:Name -> Inst:pandas.core.internals.managers.BlockManager
1842:18:Attribute -> Inst:builtins.tuple | U | Tuple:0
1842:18:Name -> Inst:pandas.core.internals.managers.BlockManager
1844:15:Name -> Inst:pandas._libs.lib._NoDefault.no_default | U
1844:31:Attribute -> Inst:pandas._libs.lib._NoDefault.no_default
1844:31:Name -> Module:pandas._libs.lib
1847:19:Call -> Const:NoneType:None
1847:19:Attribute -> Func:pandas._libs.lib.is_np_dtype
1847:19:Name -> Module:pandas._libs.lib
1847:35:Attribute -> U
1847:35:Name -> U
1847:55:Name -> U
1853:15:Attribute -> U
1853:15:Name -> U
1858:22:Call -> U
1858:22:Attribute -> U
1858:22:Call -> U
1858:22:Attribute -> U
1858:22:Attribute -> U
1858:22:Name -> U
1859:26:Name -> Const:NoneType:None | U
1860:29:Name -> Inst:pandas._libs.lib._NoDefault.no_default | U
1861:25:Name -> Const:bool:False | U | Const:bool:True
1862:26:Attribute -> U
1862:26:Name -> U
1863:21:Name -> Const:bool:False | U | Const:bool:True
1864:22:Call -> U
1864:22:Attribute -> U
1864:22:Name -> U
1864:33:Attribute -> U
1864:33:Name -> U
1864:51:Name -> Const:NoneType:None | U
1866:22:Call -> Inst:.ndarray
1866:22:Attribute -> Func:.array
1866:22:Name -> U
1866:31:Attribute -> U
1866:31:Name -> U
1866:49:Name -> Const:NoneType:None | U
1866:61:Name -> U | Const:bool:True
1867:15:Name -> U
1867:30:Attribute -> U
1867:30:Attribute -> U
1867:30:Name -> U
1868:16:Name -> Inst:.ndarray | U | Inst:.ndarray
1868:20:Call -> Const:NoneType:None | Const:NoneType:None | Const:NoneType:None | Const:NoneType:None | Const:NoneType:None | Const:NoneType:None | Const:bool:False | U | Inst:.ndarray | Inst:.ndarray | Const:NoneType:None | Const:NoneType:None
1868:20:Name -> Func:pandas.core.dtypes.missing.isna | Func:pandas.core.dtypes.missing.isna | Func:pandas.core.dtypes.missing.isna | Func:pandas.core.dtypes.missing.isna | Func:pandas.core.dtypes.missing.isna | Func:pandas.core.dtypes.missing.isna
1868:25:Attribute -> U
1868:25:Name -> U
1868:40:Name -> Inst:pandas._libs.lib._NoDefault.no_default | U
1870:19:Name -> Const:bool:False | U | Const:bool:True
1871:22:Call -> Inst:.ndarray | U | Inst:.ndarray
1871:22:Attribute -> BM:.ndarray.view | U | BM:.ndarray.view
1871:22:Name -> Inst:.ndarray | U | Inst:.ndarray
1872:16:Attribute -> Const:NoneType:None | U | Const:NoneType:None
1872:16:Name -> Inst:.ndarray | U | Inst:.ndarray
1874:18:Call -> Inst:.ndarray
1874:18:Attribute -> BM:pandas.core.internals.managers.BlockManager._interleave
1874:18:Name -> Inst:pandas.core.internals.managers.BlockManager
1874:41:Name -> Const:NoneType:None | U
1874:57:Name -> Inst:pandas._libs.lib._NoDefault.no_default | U
1878:11:Name -> Inst:pandas._libs.lib._NoDefault.no_default | U
1878:23:Attribute -> Inst:pandas._libs.lib._NoDefault.no_default
1878:23:Name -> Module:pandas._libs.lib
1880:13:Attribute -> U
1880:13:Attribute -> Const:NoneType:None | U | Const:NoneType:None | Const:NoneType:None
1880:13:Name -> Inst:.ndarray | U | Inst:.ndarray | Inst:.ndarray
1880:39:Name -> U
1883:12:Name -> Inst:.ndarray | U | Inst:.ndarray | Inst:.ndarray | Inst:.ndarray
1883:16:Call -> Const:NoneType:None | Const:NoneType:None | Const:NoneType:None | Const:NoneType:None | Const:NoneType:None | Const:NoneType:None | Const:bool:False | U | Inst:.ndarray | Inst:.ndarray | Const:NoneType:None | Const:NoneType:None
1883:16:Name -> Func:pandas.core.dtypes.missing.isna | Func:pandas.core.dtypes.missing.isna | Func:pandas.core.dtypes.missing.isna | Func:pandas.core.dtypes.missing.isna | Func:pandas.core.dtypes.missing.isna | Func:pandas.core.dtypes.missing.isna
1883:21:Name -> Inst:.ndarray | U | Inst:.ndarray | Inst:.ndarray | Inst:.ndarray
1883:29:Name -> Inst:pandas._libs.lib._NoDefault.no_default | U
1885:15:Call -> Inst:.ndarray | U | Inst:.ndarray | Inst:.ndarray
1885:15:Attribute -> BM:.ndarray.transpose | U | BM:.ndarray.transpose | BM:.ndarray.transpose
1885:15:Name -> Inst:.ndarray | U | Inst:.ndarray | Inst:.ndarray
1890:27:Attribute -> Inst:pandas._libs.lib._NoDefault.no_default
1890:27:Name -> Module:pandas._libs.lib
1889:15:Attribute -> U
1889:15:Name -> U
1890:18:Name -> Class:builtins.object
1891:9:Attribute -> Class:.ndarray
1891:9:Name -> U
1896:15:Name -> Const:NoneType:None | U
1901:20:Attribute -> Const:NoneType:None | Const:NoneType:None | Const:NoneType:None | Const:NoneType:None | U | Const:NoneType:None
1901:20:Name -> Inst:pandas.core.internals.managers.BlockManager
1902:15:Name -> Const:NoneType:None | Const:NoneType:None | Const:NoneType:None | Const:NoneType:None | U | Const:NoneType:None
1903:24:Call -> Const:NoneType:None | Const:NoneType:None | Const:NoneType:None | Const:NoneType:None | U
1903:24:Name -> Func:pandas.core.internals.managers.interleaved_dtype
1904:21:Attribute -> U
1904:21:Name -> U
1904:42:Attribute -> Inst:builtins.tuple | U | Tuple:0
1904:42:Name -> Inst:pandas.core.internals.managers.BlockManager
1906:16:Name -> Inst:pandas.core.internals.managers.BlockManager
1906:42:Name -> Const:NoneType:None | Const:NoneType:None | Const:NoneType:None | Const:NoneType:None | U
1910:16:Call -> Const:NoneType:None | U | Const:NoneType:None | Const:NoneType:None | Const:NoneType:None | Const:NoneType:None | Const:NoneType:None | Const:NoneType:None | Const:NoneType:None | Const:NoneType:None
1910:16:Name -> Func:pandas.core.internals.managers.ensure_np_dtype
1910:32:Name -> Const:NoneType:None | U | Const:NoneType:None | Const:NoneType:None | Const:NoneType:None | Const:NoneType:None | Const:NoneType:None | Const:NoneType:None | Const:NoneType:None | Const:NoneType:None
1911:17:Call -> Inst:.ndarray
1911:17:Attribute -> Func:.empty
1911:17:Name -> U
1911:26:Attribute -> Inst:builtins.tuple
1911:26:Name -> Inst:pandas.core.internals.managers.BlockManager
1911:44:Name -> U
1913:19:Call -> Inst:.ndarray
1913:19:Attribute -> Func:.zeros
1913:19:Name -> U
1913:28:Attribute -> Inst:builtins.tuple
1913:28:Name -> Inst:pandas.core.internals.managers.BlockManager
1915:11:Name -> U
1915:20:Call -> U
1915:20:Attribute -> U
1915:20:Name -> U
1915:43:Name -> Inst:pandas._libs.lib._NoDefault.no_default | U
1915:55:Attribute -> Inst:pandas._libs.lib._NoDefault.no_default
1915:55:Name -> Module:pandas._libs.lib
1917:23:Attribute -> Inst:builtins.tuple | U | Tuple:0
1917:23:Name -> Inst:pandas.core.internals.managers.BlockManager
1918:21:Attribute -> U
1918:21:Name -> U
1919:22:Call -> U
1919:22:Attribute -> U
1919:22:Name -> U
1919:37:Name -> Const:NoneType:None | Const:NoneType:None | Const:NoneType:None | Const:NoneType:None | U | Const:NoneType:None
1920:16:Name -> Inst:.ndarray
1920:23:Attribute -> U
1920:23:Name -> U
1920:37:Name -> U
1921:16:Name -> Inst:.ndarray
1921:25:Attribute -> U
1921:25:Name -> U
1922:19:Name -> Inst:.ndarray
1924:19:Attribute -> Inst:builtins.tuple | U | Tuple:0
1924:19:Name -> Inst:pandas.core.internals.managers.BlockManager
1925:17:Attribute -> U
1925:17:Name -> U
1926:15:Attribute -> U
1926:15:Name -> U
1931:22:Call -> U
1931:22:Attribute -> U
1931:22:Attribute -> U
1931:22:Name -> U
1932:26:Name -> Const:NoneType:None | Const:NoneType:None | Const:NoneType:None | Const:NoneType:None | U
1933:29:Name -> Inst:pandas._libs.lib._NoDefault.no_default | U
1936:22:Call -> U
1936:22:Attribute -> U
1936:22:Name -> U
1936:37:Name -> Const:NoneType:None | Const:NoneType:None | Const:NoneType:None | Const:NoneType:None | U
1937:12:Name -> Inst:.ndarray
1937:19:Attribute -> U
1937:19:Name -> U
1937:33:Name -> U
1938:15:Name -> Inst:pandas._libs.lib._NoDefault.no_default | U
1938:31:Attribute -> Inst:pandas._libs.lib._NoDefault.no_default
1938:31:Name -> Module:pandas._libs.lib
1938:50:Attribute -> U
1938:50:Attribute -> U
1938:50:Name -> U
1939:16:Name -> Inst:.ndarray
1939:23:Attribute -> U
1939:23:Name -> U
1939:35:Call -> Const:NoneType:None | Const:NoneType:None | Const:NoneType:None | Const:NoneType:None | Const:NoneType:None | Const:NoneType:None | Const:bool:False | U | Inst:.ndarray | Inst:.ndarray | Const:NoneType:None | Const:NoneType:None
1939:35:Name -> Func:pandas.core.dtypes.missing.isna | Func:pandas.core.dtypes.missing.isna | Func:pandas.core.dtypes.missing.isna | Func:pandas.core.dtypes.missing.isna | Func:pandas.core.dtypes.missing.isna | Func:pandas.core.dtypes.missing.isna
1939:40:Name -> U
1939:48:Name -> Inst:pandas._libs.lib._NoDefault.no_default | U
1940:12:Name -> Inst:.ndarray
1940:21:Attribute -> U
1940:21:Name -> U
1942:15:Call -> Inst:.ndarray
1942:15:Attribute -> BM:.ndarray.all
1942:15:Name -> Inst:.ndarray
1943:18:Call -> ExcInst:builtins.AssertionError
1943:18:Name -> Class:builtins.AssertionError
1945:15:Name -> Inst:.ndarray
1950:33:Name -> Class:builtins.bool
1954:15:Attribute -> Const:bool:False | Const:bool:False | Const:bool:True | Const:bool:True | Const:bool:True | Const:bool:True
1954:15:Name -> Inst:pandas.core.internals.managers.BlockManager
1955:12:Call -> Const:NoneType:None | Const:NoneType:None
1955:12:Attribute -> BM:pandas.core.internals.managers.BlockManager._consolidate_check
1955:12:Name -> Inst:pandas.core.internals.managers.BlockManager
1956:15:Attribute -> Const:bool:True | Const:bool:False | Const:bool:True | Const:bool:True
1956:15:Name -> Inst:pandas.core.internals.managers.BlockManager
1959:11:Call -> ERR
1959:11:Name -> Func:builtins.len
1959:15:Attribute -> Inst:builtins.tuple | U | Tuple:0
1959:15:Name -> Inst:pandas.core.internals.managers.BlockManager
1961:12:Name -> Inst:pandas.core.internals.managers.BlockManager
1962:12:Name -> Inst:pandas.core.internals.managers.BlockManager
1965:16:Name -> Class:builtins.set
1965:20:Name -> Class:.Union
1965:32:Call -> Set:0
1965:32:Name -> Class:builtins.set
1966:19:Attribute -> Inst:builtins.tuple | U | Tuple:0
1966:19:Name -> Inst:pandas.core.internals.managers.BlockManager
1967:15:Attribute -> U
1967:15:Name -> U
1968:24:Attribute -> U
1968:24:Name -> U
1969:19:Name -> U
1969:28:Name -> Set:0
1970:20:Name -> Inst:pandas.core.internals.managers.BlockManager
1971:20:Name -> Inst:pandas.core.internals.managers.BlockManager
1973:16:Call -> ERR
1973:16:Attribute -> BM:builtins.set.add
1973:16:Name -> Set:0
1973:27:Name -> U
1974:8:Name -> Inst:pandas.core.internals.managers.BlockManager
1975:8:Name -> Inst:pandas.core.internals.managers.BlockManager
1978:15:Call -> Const:bool:True | Const:bool:False | Const:bool:True | Const:bool:True
1978:15:Attribute -> BM:pandas.core.internals.managers.BlockManager.is_consolidated
1978:15:Name -> Inst:pandas.core.internals.managers.BlockManager
1979:12:Name -> Inst:pandas.core.internals.managers.BlockManager
1979:26:Call -> Tuple:0
1979:26:Name -> Func:pandas.core.internals.managers._consolidate
1979:39:Attribute -> Inst:builtins.tuple | U | Tuple:0
1979:39:Name -> Inst:pandas.core.internals.managers.BlockManager
1980:12:Name -> Inst:pandas.core.internals.managers.BlockManager
1981:12:Name -> Inst:pandas.core.internals.managers.BlockManager
1982:12:Call -> Const:NoneType:None
1982:12:Attribute -> BM:pandas._libs.internals.BlockManager._rebuild_blknos_and_blklocs
1982:12:Name -> Inst:pandas.core.internals.managers.BlockManager
1987:5:Name -> Class:builtins.classmethod
1988:37:Name -> Class:builtins.list
1988:42:Name -> Func:typing.Self
1988:55:Name -> Class:builtins.list
1988:60:Name -> Class:pandas.core.indexes.base.Index
1988:71:Name -> Func:typing.Self
1993:16:Name -> Class:builtins.list
1993:21:Name -> Class:pandas.core.internals.blocks.Block
1994:19:Name -> U
1995:23:Attribute -> U
1995:23:Name -> U
1999:21:Call -> U
1999:21:Attribute -> U
1999:21:Name -> U
1999:45:Call -> Slice
1999:45:Name -> Class:builtins.slice
2000:16:Name -> U
2000:31:Call -> U
2000:31:Attribute -> U
2000:31:Attribute -> U
2000:31:Name -> U
2000:48:Name -> Const:int:0
2001:16:Call -> ERR
2001:16:Attribute -> BM:builtins.list.append
2001:16:Name -> List:0
2001:30:Name -> U
2003:22:Call -> ERR
2003:22:Name -> Func:builtins.len
2003:26:Attribute -> U
2003:26:Name -> U
2006:18:Call -> Inst:pandas.core.internals.managers.BlockManager
2006:18:Name -> Class:pandas.core.internals.managers.BlockManager
2006:22:Call -> Tuple:0
2006:22:Name -> Class:builtins.tuple
2006:28:Name -> List:0
2006:37:Name -> U
2007:15:Name -> Inst:pandas.core.internals.managers.BlockManager
2009:5:Name -> Class:builtins.classmethod
2010:35:Name -> Class:builtins.list
2010:40:Name -> Func:typing.Self
2010:53:Name -> Class:builtins.list
2010:58:Name -> Class:pandas.core.indexes.base.Index
2010:69:Name -> Func:typing.Self
2014:14:Call -> ExcInst:builtins.NotImplementedError
2014:14:Name -> Class:builtins.NotImplementedError
2017:25:Name -> Class:pandas.core.internals.managers.BaseBlockManager
2020:5:Name -> Class:builtins.property
2021:22:Name -> Func:typing.Literal
2031:15:Name -> Class:pandas.core.internals.blocks.Block
2032:14:Name -> Class:pandas.core.indexes.base.Index
2033:26:Name -> Class:builtins.bool
2039:8:Name -> Inst:pandas.core.internals.managers.SingleBlockManager
2039:21:Name -> U
2040:8:Name -> Inst:pandas.core.internals.managers.SingleBlockManager
2040:23:Name -> U
2042:5:Name -> Class:builtins.classmethod
2045:16:Name -> Class:builtins.list
2045:21:Name -> Class:pandas.core.internals.blocks.Block
2046:14:Name -> Class:builtins.list
2046:19:Name -> Class:pandas.core.indexes.base.Index
2047:9:Name -> Func:typing.Self
2051:15:Call -> ERR
2051:15:Name -> Func:builtins.len
2051:19:Name -> U
2052:15:Call -> ERR
2052:15:Name -> Func:builtins.len
2052:19:Name -> U
2053:15:Call -> Inst:pandas.core.internals.managers.SingleBlockManager
2053:15:Name -> Class:pandas.core.internals.managers.SingleBlockManager
2053:19:Name -> U
2053:30:Name -> U
2055:5:Name -> Class:builtins.classmethod
2057:20:Name -> Class:.Union
2057:38:Name -> Class:pandas.core.indexes.base.Index
2057:51:Name -> Class:pandas._libs.internals.BlockValuesRefs
2058:9:Name -> Class:pandas.core.internals.managers.SingleBlockManager
2062:16:Call -> U
2062:16:Name -> Func:pandas.core.internals.blocks.maybe_coerce_values
2062:36:Name -> U
2063:13:Call -> Inst:pandas._libs.internals.BlockPlacement
2063:13:Name -> Class:pandas._libs.internals.BlockPlacement
2063:28:Call -> Inst:builtins.slice
2063:28:Name -> Class:builtins.slice
2063:37:Call -> ERR
2063:37:Name -> Func:builtins.len
2063:41:Name -> U
2064:16:Call -> Inst:pandas.core.internals.blocks.DatetimeLikeBlock | Inst:pandas.core.internals.blocks.NDArrayBackedExtensionBlock | Inst:pandas.core.internals.blocks.ExtensionBlock | Inst:pandas.core.internals.blocks.NumpyBlock
2064:16:Name -> Func:pandas.core.internals.blocks.new_block
2064:26:Name -> U
2064:43:Name -> Inst:pandas._libs.internals.BlockPlacement
2064:60:Name -> Const:NoneType:None | U
2065:15:Call -> Inst:pandas.core.internals.managers.SingleBlockManager
2065:15:Name -> Class:pandas.core.internals.managers.SingleBlockManager
2065:19:Name -> Inst:pandas.core.internals.blocks.DatetimeLikeBlock | Inst:pandas.core.internals.blocks.NDArrayBackedExtensionBlock | Inst:pandas.core.internals.blocks.ExtensionBlock | Inst:pandas.core.internals.blocks.NumpyBlock
2065:26:Name -> U
2067:33:Name -> Class:pandas.core.indexes.base.Index
2067:43:Name -> Class:pandas.core.internals.managers.BlockManager
2071:14:Attribute -> Tuple:1 | Inst:builtins.tuple | Tuple:1 | Tuple:1
2071:14:Name -> Inst:pandas.core.internals.managers.SingleBlockManager
2072:14:Call -> U
2072:14:Name -> Func:pandas.core.internals.blocks.ensure_block_shape
2072:33:Attribute -> U
2072:33:Name -> U
2073:13:Call -> Inst:pandas._libs.internals.BlockPlacement
2073:13:Name -> Class:pandas._libs.internals.BlockPlacement
2074:18:Call -> U
2074:18:Call -> U
2074:18:Name -> Class:builtins.type
2074:23:Name -> U
2074:28:Name -> U
2074:43:Name -> Inst:pandas._libs.internals.BlockPlacement
2074:60:Attribute -> U
2074:60:Name -> U
2075:16:Name -> U
2075:25:Call -> U
2075:25:Attribute -> U
2075:25:Attribute -> List:1 | U
2075:25:Name -> Inst:pandas.core.internals.managers.SingleBlockManager
2076:15:Call -> Inst:pandas.core.internals.managers.BlockManager
2076:15:Name -> Class:pandas.core.internals.managers.BlockManager
2076:29:Name -> U
2076:44:Name -> List:2
2078:35:Name -> Class:builtins.int
2078:47:Name -> Class:builtins.bool
2084:19:Call -> ERR
2084:19:Attribute -> ERR
2084:19:Attribute -> ERR
2084:19:Attribute -> Tuple:1 | Inst:builtins.tuple | Tuple:1 | Tuple:1
2084:19:Name -> Inst:pandas.core.internals.managers.SingleBlockManager
2087:24:Attribute -> U
2087:24:Name -> U
2087:42:Attribute -> Tuple:1 | Inst:builtins.tuple | Tuple:1 | Tuple:1
2087:42:Name -> Inst:pandas.core.internals.managers.SingleBlockManager
2088:23:Attribute -> U
2088:23:Name -> Inst:pandas.core.internals.managers.SingleBlockManager
2088:34:Attribute -> U
2088:34:Attribute -> U
2088:34:Name -> U
2088:63:Attribute -> Tuple:1 | Inst:builtins.tuple | Tuple:1 | Tuple:1
2088:63:Name -> Inst:pandas.core.internals.managers.SingleBlockManager
2089:21:Call -> List:1
2089:21:Name -> Class:builtins.list
2089:26:Attribute -> List:1 | U
2089:26:Name -> Inst:pandas.core.internals.managers.SingleBlockManager
2093:24:Name -> List:1
2095:31:Attribute -> U
2095:31:Name -> U
2095:53:Attribute -> U
2095:53:Attribute -> U
2095:53:Name -> U
2096:29:Attribute -> Tuple:1 | Inst:builtins.tuple | Tuple:1 | Tuple:1
2096:29:Name -> Inst:pandas.core.internals.managers.SingleBlockManager
2103:15:Name -> List:1
2103:27:Name -> U
2103:41:Name -> U
2103:54:Name -> Dict:1
2106:51:Name -> Class:builtins.int
2106:59:Name -> Class:pandas.core.internals.blocks.Block
2109:21:Call -> Const:NoneType:None | Const:NoneType:None | U
2109:21:Name -> Func:pandas.core.construction.extract_array | Func:pandas.core.construction.extract_array | Func:pandas.core.construction.extract_array
2109:35:Name -> U
2110:19:Call -> ERR
2110:19:Name -> Func:builtins.isinstance
2110:30:Name -> U
2110:40:Name -> Class:pandas._libs.internals.BlockPlacement
2111:27:Call -> Inst:pandas._libs.internals.BlockPlacement
2111:27:Name -> Class:pandas._libs.internals.BlockPlacement
2111:42:Name -> U
2113:21:Call -> Const:NoneType:None | Const:NoneType:None | U
2113:21:Name -> Func:pandas.core.internals.blocks.maybe_coerce_values
2113:41:Name -> Const:NoneType:None | Const:NoneType:None | U
2114:19:Call -> Inst:pandas.core.internals.blocks.DatetimeLikeBlock | Inst:pandas.core.internals.blocks.NDArrayBackedExtensionBlock | Inst:pandas.core.internals.blocks.ExtensionBlock | Inst:pandas.core.internals.blocks.NumpyBlock
2114:19:Name -> Func:pandas.core.internals.blocks.new_block
2114:29:Name -> Const:NoneType:None | Const:NoneType:None | U
2114:47:Name -> U | Inst:pandas._libs.internals.BlockPlacement
2114:62:Name -> U
2116:11:Call -> ERR
2116:11:Name -> Func:builtins.isinstance
2116:22:Name -> U
2116:29:Name -> Class:builtins.tuple
2116:40:Call -> ERR
2116:40:Name -> Func:builtins.len
2116:44:Name -> U
2116:72:Name -> U
2117:20:Name -> U
2118:12:Name -> Inst:pandas.core.internals.managers.SingleBlockManager
2118:25:Call -> U | Inst:pandas.core.indexes.base.Index | Inst:pandas.core.indexes.multi.MultiIndex
2118:25:Name -> Func:pandas.core.indexes.base.ensure_index
2118:38:Name -> U
2118:52:Name -> U
2119:19:Call -> ERR
2119:19:Name -> Func:builtins.len
2119:23:Attribute -> List:1 | U
2119:23:Name -> Inst:pandas.core.internals.managers.SingleBlockManager
2120:12:Name -> Inst:pandas.core.internals.managers.SingleBlockManager
2120:26:Call -> Inst:builtins.tuple
2120:26:Name -> Class:builtins.tuple
2121:16:Call -> Inst:pandas.core.internals.blocks.DatetimeLikeBlock | Inst:pandas.core.internals.blocks.NDArrayBackedExtensionBlock | Inst:pandas.core.internals.blocks.ExtensionBlock | Inst:pandas.core.internals.blocks.NumpyBlock
2121:16:Name -> Func:pandas.core.internals.managers.SingleBlockManager.__setstate__.unpickle_block
2121:31:Name -> U
2121:44:Name -> U
2121:64:Name -> U
2122:25:Name -> U
2125:18:Call -> ExcInst:builtins.NotImplementedError
2125:18:Name -> Class:builtins.NotImplementedError
2127:8:Call -> U
2127:8:Attribute -> BM:pandas.core.internals.managers.SingleBlockManager._post_setstate
2127:8:Name -> Inst:pandas.core.internals.managers.SingleBlockManager
2132:5:Name -> Class:builtins.property
2133:24:Name -> Class:pandas.core.internals.blocks.Block
2134:15:Attribute -> Tuple:1 | Inst:builtins.tuple | Tuple:1 | Tuple:1
2134:15:Name -> Inst:pandas.core.internals.managers.SingleBlockManager
2136:5:Name -> Func:typing.final
2137:5:Name -> Class:builtins.property
2138:23:Name -> Class:.Union
2142:15:Attribute -> ERR
2142:15:Attribute -> Tuple:1 | Inst:builtins.tuple | Tuple:1 | Tuple:1
2142:15:Name -> Inst:pandas.core.internals.managers.SingleBlockManager
2145:5:Name -> Class:builtins.property
2151:5:Name -> Class:builtins.property
2156:42:Attribute -> U
2156:42:Name -> U
2156:54:Attribute -> U
2156:54:Name -> U
2156:68:Name -> Func:typing.Self
2158:14:Attribute -> U
2158:14:Name -> Inst:pandas.core.internals.managers.SingleBlockManager
2159:11:Call -> ERR
2159:11:Name -> Func:builtins.len
2159:15:Name -> U
2159:32:Call -> U
2159:32:Attribute -> U
2159:32:Name -> U
2160:19:Call -> Inst:pandas.core.internals.managers.SingleBlockManager
2160:19:Call -> Class:pandas.core.internals.managers.SingleBlockManager
2160:19:Name -> Class:builtins.type
2160:24:Name -> Inst:pandas.core.internals.managers.SingleBlockManager
2160:30:Call -> U
2160:30:Attribute -> U
2160:30:Name -> U
2160:52:Attribute -> U
2160:52:Name -> Inst:pandas.core.internals.managers.SingleBlockManager
2161:16:Attribute -> U
2161:16:Name -> U
2161:27:Name -> U
2163:11:Call -> ERR
2163:11:Name -> Func:builtins.isinstance
2163:22:Name -> U
2163:31:Attribute -> Class:.ndarray
2163:31:Name -> U
2163:47:Attribute -> U
2163:47:Attribute -> U
2163:47:Name -> U
2168:19:Attribute -> U
2168:19:Name -> U
2170:13:Call -> Inst:pandas._libs.internals.BlockPlacement
2170:13:Name -> Class:pandas._libs.internals.BlockPlacement
2170:28:Call -> Inst:builtins.slice
2170:28:Name -> Class:builtins.slice
2170:37:Call -> ERR
2170:37:Name -> Func:builtins.len
2170:41:Name -> U
2171:16:Call -> U
2171:16:Call -> U
2171:16:Name -> Class:builtins.type
2171:21:Name -> U
2171:26:Name -> U
2171:43:Name -> Inst:pandas._libs.internals.BlockPlacement
2171:60:Name -> Const:NoneType:None | U
2173:18:Attribute -> U
2173:18:Name -> Inst:pandas.core.internals.managers.SingleBlockManager
2173:29:Name -> U
2174:15:Call -> Inst:pandas.core.internals.managers.SingleBlockManager
2174:15:Call -> Class:pandas.core.internals.managers.SingleBlockManager
2174:15:Name -> Class:builtins.type
2174:20:Name -> Inst:pandas.core.internals.managers.SingleBlockManager
2174:26:Name -> U
2174:33:Name -> U
2176:31:Name -> Class:builtins.slice
2176:44:Name -> Class:builtins.int
2176:60:Name -> Class:pandas.core.internals.managers.SingleBlockManager
2179:11:Name -> Const:int:0 | U
2179:19:Attribute -> Const:int:1
2179:19:Name -> Inst:pandas.core.internals.managers.SingleBlockManager
2180:18:Call -> ExcInst:builtins.IndexError
2180:18:Name -> Class:builtins.IndexError
2182:14:Attribute -> U
2182:14:Name -> Inst:pandas.core.internals.managers.SingleBlockManager
2183:16:Attribute -> U
2183:16:Name -> U
2183:27:Name -> U
2184:13:Call -> Inst:pandas._libs.internals.BlockPlacement
2184:13:Name -> Class:pandas._libs.internals.BlockPlacement
2184:28:Call -> Inst:builtins.slice
2184:28:Name -> Class:builtins.slice
2184:37:Call -> ERR
2184:37:Name -> Func:builtins.len
2184:41:Name -> U
2187:16:Call -> U
2187:16:Call -> U
2187:16:Name -> Class:builtins.type
2187:21:Name -> U
2187:26:Name -> U
2187:43:Name -> Inst:pandas._libs.internals.BlockPlacement
2187:60:Attribute -> U
2187:60:Name -> U
2188:20:Call -> U
2188:20:Attribute -> U
2188:20:Attribute -> U
2188:20:Name -> Inst:pandas.core.internals.managers.SingleBlockManager
2188:46:Name -> U
2189:15:Call -> Inst:pandas.core.internals.managers.SingleBlockManager
2189:15:Call -> Class:pandas.core.internals.managers.SingleBlockManager
2189:15:Name -> Class:builtins.type
2189:20:Name -> Inst:pandas.core.internals.managers.SingleBlockManager
2189:26:Name -> U
2189:33:Name -> U
2191:5:Name -> Class:builtins.property
2192:23:Name -> Class:pandas.core.indexes.base.Index
2193:15:Attribute -> List:1 | U
2193:15:Name -> Inst:pandas.core.internals.managers.SingleBlockManager
2195:5:Name -> Class:builtins.property
2196:23:Name -> Class:.Union
2197:15:Attribute -> U
2197:15:Attribute -> U
2197:15:Name -> Inst:pandas.core.internals.managers.SingleBlockManager
2199:28:Attribute -> U
2199:28:Name -> U
2199:40:Attribute -> U
2199:40:Name -> U
2200:15:Call -> Inst:.ndarray
2200:15:Attribute -> Func:.array
2200:15:Name -> U
2200:25:Attribute -> U
2200:25:Attribute -> U
2200:25:Name -> Inst:pandas.core.internals.managers.SingleBlockManager
2200:51:Name -> Class:builtins.object
2204:15:Call -> U
2204:15:Attribute -> U
2204:15:Attribute -> U
2204:15:Name -> Inst:pandas.core.internals.managers.SingleBlockManager
2208:15:Attribute -> U
2208:15:Attribute -> U
2208:15:Name -> Inst:pandas.core.internals.managers.SingleBlockManager
2210:30:Name -> Class:pandas.core.arrays.base.ExtensionArray
2212:15:Attribute -> U
2212:15:Attribute -> U
2212:15:Name -> Inst:pandas.core.internals.managers.SingleBlockManager
2214:34:Name -> Func:typing.Self
2215:11:Attribute -> U
2215:11:Attribute -> U
2215:11:Name -> Inst:pandas.core.internals.managers.SingleBlockManager
2216:19:Call -> Inst:pandas.core.internals.managers.SingleBlockManager
2216:19:Attribute -> BM:pandas.core.internals.managers.BaseBlockManager.copy
2216:19:Name -> Inst:pandas.core.internals.managers.SingleBlockManager
2217:15:Call -> Inst:pandas.core.internals.managers.SingleBlockManager
2217:15:Attribute -> BM:pandas.core.internals.managers.BaseBlockManager.make_empty
2217:15:Name -> Inst:pandas.core.internals.managers.SingleBlockManager
2219:5:Name -> Class:builtins.property
2220:30:Name -> Class:builtins.bool
2221:15:Attribute -> U
2221:15:Attribute -> U
2221:15:Name -> Inst:pandas.core.internals.managers.SingleBlockManager
2233:15:Call -> U
2233:15:Attribute -> BM:pandas.core.internals.managers.SingleBlockManager._has_no_reference
2233:15:Name -> Inst:pandas.core.internals.managers.SingleBlockManager
2234:12:Name -> Inst:pandas.core.internals.managers.SingleBlockManager
2234:27:Call -> U
2234:27:Attribute -> U
2234:27:Attribute -> U
2234:27:Name -> Inst:pandas.core.internals.managers.SingleBlockManager
2235:12:Call -> Const:NoneType:None
2235:12:Attribute -> BM:pandas.core.base.PandasObject._reset_cache
2235:12:Name -> Inst:pandas.core.internals.managers.SingleBlockManager
2237:14:Attribute -> U
2237:14:Name -> Inst:pandas.core.internals.managers.SingleBlockManager
2240:11:Call -> ERR
2240:11:Name -> Func:builtins.isinstance
2240:22:Name -> U
2240:27:Attribute -> Class:.ndarray
2240:27:Name -> U
2243:20:Call -> U
2243:20:Name -> Func:pandas.core.dtypes.cast.np_can_hold_element
2243:40:Attribute -> U
2243:40:Name -> U
2243:51:Name -> U
2245:11:Call -> ERR
2245:11:Name -> Func:builtins.isinstance
2245:22:Name -> U
2245:29:Attribute -> Class:.ndarray
2245:29:Name -> U
2245:45:Attribute -> U
2245:45:Name -> U
2245:65:Call -> ERR
2245:65:Name -> Func:builtins.len
2245:69:Name -> U
2247:20:Name -> U
2249:8:Name -> U
2249:12:Name -> U
2249:23:Name -> U
2251:34:Name -> Class:pandas.core.internals.managers.SingleBlockManager
2257:13:Call -> U
2257:13:Attribute -> U
2257:13:Attribute -> U
2257:13:Name -> Inst:pandas.core.internals.managers.SingleBlockManager
2257:32:Name -> U
2258:8:Name -> Inst:pandas.core.internals.managers.SingleBlockManager
2258:23:Name -> U
2259:8:Attribute -> List:1 | U
2259:8:Name -> Inst:pandas.core.internals.managers.SingleBlockManager
2259:23:Call -> U
2259:23:Attribute -> U
2259:23:Attribute -> List:1 | U
2259:23:Name -> Inst:pandas.core.internals.managers.SingleBlockManager
2259:43:Name -> U
2260:8:Call -> Const:NoneType:None
2260:8:Attribute -> BM:pandas.core.base.PandasObject._reset_cache
2260:8:Name -> Inst:pandas.core.internals.managers.SingleBlockManager
2261:15:Name -> Inst:pandas.core.internals.managers.SingleBlockManager
2268:14:Call -> ExcInst:builtins.NotImplementedError
2268:14:Name -> Class:builtins.NotImplementedError
2270:33:Name -> Class:.Union
2280:8:Attribute -> Tuple:1 | Inst:builtins.tuple | Tuple:1 | Tuple:1
2280:8:Name -> Inst:pandas.core.internals.managers.SingleBlockManager
2280:32:Name -> U
2281:8:Attribute -> Tuple:1 | Inst:builtins.tuple | Tuple:1 | Tuple:1
2281:8:Name -> Inst:pandas.core.internals.managers.SingleBlockManager
2281:35:Call -> Inst:pandas._libs.internals.BlockPlacement
2281:35:Name -> Class:pandas._libs.internals.BlockPlacement
2281:50:Call -> Inst:builtins.slice
2281:50:Name -> Class:builtins.slice
2281:56:Call -> ERR
2281:56:Name -> Func:builtins.len
2281:60:Name -> U
2283:35:Name -> Func:typing.Self
2283:44:Name -> Class:builtins.bool
2289:11:Attribute -> U
2289:11:Name -> U
2291:15:Attribute -> ERR
2291:15:Attribute -> Tuple:1 | Inst:builtins.tuple | Tuple:1 | Tuple:1
2291:15:Name -> Inst:pandas.core.internals.managers.SingleBlockManager
2292:16:Attribute -> U
2292:16:Attribute -> U
2292:16:Name -> U
2293:15:Call -> Const:bool:False | U | Const:bool:False | Const:NoneType:None | Const:NoneType:None | Const:NoneType:None | Const:bool:False | Const:bool:False
2293:15:Name -> Func:pandas.core.dtypes.missing.array_equals
2293:28:Name -> U
2293:34:Name -> U
2296:14:Attribute -> U
2296:14:Name -> Inst:pandas.core.internals.managers.SingleBlockManager
2297:14:Call -> U
2297:14:Name -> U
2297:19:Name -> U
2298:16:Call -> Inst:pandas.core.indexes.range.RangeIndex
2298:16:Name -> Func:pandas.core.indexes.api.default_index
2298:30:Call -> ERR
2298:30:Name -> Func:builtins.len
2298:34:Name -> U
2300:14:Call -> Inst:pandas.core.internals.managers.SingleBlockManager
2300:14:Attribute -> BM:pandas.core.internals.managers.SingleBlockManager.from_array
2300:14:Call -> Class:pandas.core.internals.managers.SingleBlockManager
2300:14:Name -> Class:builtins.type
2300:19:Name -> Inst:pandas.core.internals.managers.SingleBlockManager
2300:36:Name -> U
2300:41:Name -> Inst:pandas.core.indexes.range.RangeIndex
2301:15:Name -> Inst:pandas.core.internals.managers.SingleBlockManager
2309:12:Name -> Class:builtins.list
2309:17:Name -> Class:pandas.core.internals.blocks.Block
2310:10:Name -> Class:builtins.list
2310:15:Name -> Class:pandas.core.indexes.base.Index
2311:17:Name -> Class:builtins.bool
2312:22:Name -> Class:builtins.bool
2313:5:Name -> Class:pandas.core.internals.managers.BlockManager
2322:14:Call -> Inst:pandas.core.internals.managers.BlockManager
2322:14:Name -> Class:pandas.core.internals.managers.BlockManager
2322:27:Name -> U
2322:35:Name -> U
2322:58:Name -> Const:bool:True | U
2324:11:Name -> Class:builtins.ValueError
2325:18:Attribute -> U
2325:18:Name -> U
2325:40:Name -> U
2326:20:Call -> ERR
2326:20:Name -> Func:builtins.sum
2326:24:Attribute -> U
2326:24:Name -> U
2326:48:Name -> U
2327:8:Call -> Const:NoneType:None
2327:8:Name -> Func:pandas.core.internals.managers.raise_construction_error
2327:33:Name -> U
2327:44:Attribute -> U
2327:44:Name -> U
2327:65:Name -> U
2327:71:Name -> ExcInst:builtins.ValueError
2329:7:Name -> Const:bool:True | U
2330:8:Call -> Const:NoneType:None
2330:8:Attribute -> BM:pandas.core.internals.managers.BlockManager._consolidate_inplace
2330:8:Name -> Inst:pandas.core.internals.managers.BlockManager
2331:11:Name -> Inst:pandas.core.internals.managers.BlockManager
2335:12:Name -> Class:builtins.list
2335:17:Name -> Class:.Union
2336:10:Name -> Class:builtins.list
2336:15:Name -> Class:pandas.core.indexes.base.Index
2337:17:Name -> Class:builtins.bool
2338:10:Name -> Class:builtins.list
2339:5:Name -> Class:pandas.core.internals.managers.BlockManager
2352:17:Call -> U | List:0
2352:17:Name -> Func:pandas.core.internals.managers._form_blocks
2352:30:Name -> U
2352:38:Name -> U
2352:51:Name -> U
2353:14:Call -> Inst:pandas.core.internals.managers.BlockManager
2353:14:Name -> Class:pandas.core.internals.managers.BlockManager
2353:27:Name -> U | List:0
2353:35:Name -> U
2354:11:Name -> Class:builtins.ValueError
2355:8:Call -> Const:NoneType:None
2355:8:Name -> Func:pandas.core.internals.managers.raise_construction_error
2355:33:Call -> ERR
2355:33:Name -> Func:builtins.len
2355:37:Name -> U
2355:46:Attribute -> U
2355:46:Name -> U
2355:63:Name -> U
2355:69:Name -> ExcInst:builtins.ValueError
2356:7:Name -> U
2357:8:Call -> Const:NoneType:None
2357:8:Attribute -> BM:pandas.core.internals.managers.BlockManager._consolidate_inplace
2357:8:Name -> Inst:pandas.core.internals.managers.BlockManager
2358:11:Name -> Inst:pandas.core.internals.managers.BlockManager
2362:15:Name -> Class:builtins.int
2363:17:Name -> Class:builtins.tuple
2364:10:Name -> Class:builtins.list
2364:15:Name -> Class:pandas.core.indexes.base.Index
2365:7:Name -> Class:builtins.ValueError
2366:5:Name -> Func:typing.NoReturn
2368:13:Call -> Inst:builtins.tuple
2368:13:Name -> Class:builtins.tuple
2368:19:Call -> Inst:builtins.map
2368:19:Name -> Class:builtins.map
2368:23:Name -> Class:builtins.int
2368:29:Name -> U
2368:41:Name -> U
2370:7:Call -> ERR
2370:7:Name -> Func:builtins.len
2370:11:Name -> Inst:builtins.tuple
2371:17:Name -> Inst:builtins.tuple
2373:14:Call -> Inst:builtins.tuple
2373:14:Name -> Class:builtins.tuple
2373:20:Call -> ERR
2373:20:Name -> Func:builtins.len
2373:24:Name -> U
2373:38:Name -> U
2375:7:Call -> ERR
2375:7:Name -> Func:builtins.len
2375:11:Name -> Inst:builtins.tuple
2376:18:Name -> Inst:builtins.tuple
2380:7:Name -> Inst:builtins.tuple | U
2380:17:Name -> Inst:builtins.tuple | U
2380:29:Name -> Const:NoneType:None | U
2381:14:Name -> Const:NoneType:None | U
2382:7:Name -> U
2383:14:Call -> ExcInst:builtins.ValueError
2383:14:Name -> Class:builtins.ValueError
2384:10:Call -> ExcInst:builtins.ValueError
2384:10:Name -> Class:builtins.ValueError
2384:50:Name -> Inst:builtins.tuple | U
2384:74:Name -> Inst:builtins.tuple | U
2390:25:Name -> Class:builtins.list
2390:30:Name -> Class:.Union
2390:55:Name -> Class:builtins.bool
2390:67:Name -> Class:builtins.list
2390:76:Name -> Class:builtins.list
2390:81:Name -> Class:pandas.core.internals.blocks.Block
2391:13:Call -> Inst:builtins.enumerate
2391:13:Name -> Class:builtins.enumerate
2391:23:Name -> U
2393:11:Name -> U
2394:15:Call -> U
2394:15:Name -> Func:pandas.core.internals.managers._tuples_to_blocks_no_consolidate
2394:48:Name -> Inst:builtins.enumerate
2394:56:Name -> U
2399:12:Name -> Class:builtins.dict
2399:17:Name -> Class:_collections_abc.Hashable
2399:27:Name -> Class:builtins.list
2399:32:Name -> Class:builtins.tuple
2399:38:Name -> Class:builtins.int
2399:43:Name -> Class:.Union
2400:18:Name -> Inst:builtins.enumerate
2401:16:Attribute -> U
2401:16:Name -> U
2405:23:Call -> ERR
2405:23:Name -> Func:builtins.isinstance
2405:34:Name -> U
2405:41:Attribute -> U
2405:41:Name -> U
2405:14:Name -> U
2405:56:Call -> ERR
2405:56:Name -> Func:builtins.id
2405:59:Name -> U
2407:12:Call -> U
2407:12:Attribute -> U
2407:12:Name -> Dict:0
2407:19:Name -> U
2407:32:Name -> U
2407:35:Name -> U
2408:15:Name -> Class:builtins.KeyError
2409:12:Name -> Dict:0
2409:19:Name -> U
2409:28:Name -> U
2409:31:Name -> U
2411:9:Name -> Class:builtins.list
2411:14:Name -> Class:pandas.core.internals.blocks.Block
2412:21:Call -> DictValues
2412:21:Attribute -> BM:builtins.dict.values
2412:21:Name -> Dict:0
2413:16:Attribute -> U
2413:16:Name -> U
2414:21:Call -> Class:pandas.core.internals.blocks.DatetimeLikeBlock | Class:pandas.core.internals.blocks.NDArrayBackedExtensionBlock | Class:pandas.core.internals.blocks.ExtensionBlock | Class:pandas.core.internals.blocks.NumpyBlock
2414:21:Name -> Func:pandas.core.internals.blocks.get_block_type
2414:36:Name -> U
2416:11:Call -> ERR
2416:11:Name -> Func:builtins.isinstance
2416:22:Name -> U
2416:29:Attribute -> U
2416:29:Name -> U
2417:24:Attribute -> U
2417:24:Name -> U
2419:15:Call -> ERR
2419:15:Name -> Func:builtins.issubclass
2419:26:Attribute -> U
2419:26:Name -> U
2419:39:Name -> Class:builtins.str
2419:44:Name -> Class:builtins.bytes
2420:24:Call -> U
2420:24:Attribute -> U
2420:24:Name -> U
2420:33:Name -> Class:builtins.object
2422:32:Call -> Tuple:2
2422:32:Name -> Func:pandas.core.internals.managers._stack_arrays
2422:46:Name -> U
2422:57:Name -> U
2423:15:Name -> U
2424:25:Call -> U
2424:25:Name -> Func:pandas.core.construction.ensure_wrapped_if_datetimelike
2424:56:Name -> Inst:.ndarray
2425:18:Call -> Inst:pandas.core.internals.blocks.DatetimeLikeBlock | Inst:pandas.core.internals.blocks.NDArrayBackedExtensionBlock | Inst:pandas.core.internals.blocks.ExtensionBlock | Inst:pandas.core.internals.blocks.NumpyBlock
2425:18:Name -> Class:pandas.core.internals.blocks.DatetimeLikeBlock | Class:pandas.core.internals.blocks.NDArrayBackedExtensionBlock | Class:pandas.core.internals.blocks.ExtensionBlock | Class:pandas.core.internals.blocks.NumpyBlock
2425:29:Name -> Inst:.ndarray | U
2425:47:Call -> Inst:pandas._libs.internals.BlockPlacement
2425:47:Name -> Class:pandas._libs.internals.BlockPlacement
2425:62:Name -> U
2426:12:Call -> ERR
2426:12:Attribute -> BM:builtins.list.append
2426:12:Name -> List:0
2426:23:Name -> Inst:pandas.core.internals.blocks.DatetimeLikeBlock | Inst:pandas.core.internals.blocks.NDArrayBackedExtensionBlock | Inst:pandas.core.internals.blocks.ExtensionBlock | Inst:pandas.core.internals.blocks.NumpyBlock
2428:13:Call -> U
2428:13:Name -> Func:pandas.core.dtypes.common.is_1d_only_ea_dtype
2428:33:Name -> U
2430:16:Call -> Inst:pandas.core.internals.blocks.DatetimeLikeBlock | Inst:pandas.core.internals.blocks.NDArrayBackedExtensionBlock | Inst:pandas.core.internals.blocks.ExtensionBlock | Inst:pandas.core.internals.blocks.NumpyBlock
2430:16:Name -> Class:pandas.core.internals.blocks.DatetimeLikeBlock | Class:pandas.core.internals.blocks.NDArrayBackedExtensionBlock | Class:pandas.core.internals.blocks.ExtensionBlock | Class:pandas.core.internals.blocks.NumpyBlock
2430:27:Name -> U
2430:43:Call -> Inst:pandas._libs.internals.BlockPlacement
2430:43:Name -> Class:pandas._libs.internals.BlockPlacement
2430:58:Name -> U
2431:25:Name -> U
2433:12:Call -> ERR
2433:12:Attribute -> BM:builtins.list.extend
2433:12:Name -> List:0
2433:23:Name -> U
2437:16:Call -> Inst:pandas.core.internals.blocks.DatetimeLikeBlock | Inst:pandas.core.internals.blocks.NDArrayBackedExtensionBlock | Inst:pandas.core.internals.blocks.ExtensionBlock | Inst:pandas.core.internals.blocks.NumpyBlock
2437:16:Name -> Class:pandas.core.internals.blocks.DatetimeLikeBlock | Class:pandas.core.internals.blocks.NDArrayBackedExtensionBlock | Class:pandas.core.internals.blocks.ExtensionBlock | Class:pandas.core.internals.blocks.NumpyBlock
2438:20:Call -> U
2438:20:Name -> Func:pandas.core.internals.blocks.ensure_block_shape
2438:39:Name -> U
2438:59:Call -> Inst:pandas._libs.internals.BlockPlacement
2438:59:Name -> Class:pandas._libs.internals.BlockPlacement
2438:74:Name -> U
2440:25:Name -> U
2442:12:Call -> ERR
2442:12:Attribute -> BM:builtins.list.extend
2442:12:Name -> List:0
2442:23:Name -> U
2443:11:Name -> List:0
2446:54:Name -> Class:builtins.list
2446:59:Name -> Class:pandas.core.internals.blocks.Block
2449:8:Call -> Inst:pandas.core.internals.blocks.DatetimeLikeBlock | Inst:pandas.core.internals.blocks.NDArrayBackedExtensionBlock | Inst:pandas.core.internals.blocks.ExtensionBlock | Inst:pandas.core.internals.blocks.NumpyBlock
2449:8:Name -> Func:pandas.core.internals.blocks.new_block_2d
2450:12:Call -> U
2450:12:Name -> Func:pandas.core.internals.blocks.ensure_block_shape
2450:31:Name -> U
2450:55:Call -> Inst:pandas._libs.internals.BlockPlacement
2450:55:Name -> Class:pandas._libs.internals.BlockPlacement
2450:70:Name -> U
2450:79:Name -> U
2452:31:Call -> Inst:builtins.zip
2452:31:Name -> Class:builtins.zip
2452:35:Name -> U
2452:43:Name -> U
2456:33:Attribute -> U
2456:33:Name -> U
2457:24:Call -> Inst:builtins.zip
2457:24:Name -> Class:builtins.zip
2457:29:Name -> U
2459:12:Name -> U
2460:13:Call -> ERR
2460:13:Name -> Func:builtins.len
2460:17:Name -> U
2460:27:Attribute -> U
2460:27:Name -> U
2462:14:Call -> Inst:.ndarray
2462:14:Attribute -> Func:.empty
2462:14:Name -> U
2462:23:Name -> U
2462:36:Name -> U
2463:18:Call -> Inst:builtins.enumerate
2463:18:Name -> Class:builtins.enumerate
2463:28:Name -> U
2464:8:Name -> Inst:.ndarray
2464:16:Name -> U
2464:21:Name -> U
2466:11:Name -> Inst:.ndarray
2466:20:Name -> U
2469:25:Name -> Class:builtins.tuple
2469:31:Name -> Class:pandas.core.internals.blocks.Block
2469:47:Name -> Class:builtins.tuple
2469:53:Name -> Class:pandas.core.internals.blocks.Block
2474:21:Attribute -> U
2474:21:Name -> U
2475:14:Call -> Inst:itertools.groupby
2475:14:Attribute -> Class:itertools.groupby
2475:14:Name -> Module:itertools
2475:32:Call -> ERR
2475:32:Name -> Func:builtins.sorted
2475:39:Name -> U
2475:51:Name -> Lambda:pandas.core.internals.managers:2474
2475:58:Name -> Lambda:pandas.core.internals.managers:2474
2477:16:Name -> Class:builtins.list
2477:21:Name -> Class:pandas.core.internals.blocks.Block
2478:51:Name -> Inst:itertools.groupby
2479:27:Call -> Tuple:2 | Tuple:2 | Tuple:2
2479:27:Name -> Func:pandas.core.internals.managers._merge_blocks
2480:12:Call -> Inst:builtins.list
2480:12:Name -> Class:builtins.list
2480:17:Name -> U
2480:38:Name -> U
2480:61:Name -> U
2482:21:Call -> List:0 | List:0
2482:21:Name -> Func:pandas.core.internals.blocks.extend_blocks
2482:35:Name -> U | List:1
2482:50:Name -> List:0
2483:11:Call -> Tuple:0
2483:11:Name -> Class:builtins.tuple
2483:17:Name -> List:0 | List:0
2487:12:Name -> Class:builtins.list
2487:17:Name -> Class:pandas.core.internals.blocks.Block
2487:32:Name -> Class:.Union
2487:59:Name -> Class:builtins.bool
2488:5:Name -> Class:builtins.tuple
2488:11:Name -> Class:builtins.list
2488:16:Name -> Class:pandas.core.internals.blocks.Block
2488:24:Name -> Class:builtins.bool
2489:7:Call -> ERR
2489:7:Name -> Func:builtins.len
2489:11:Name -> U
2490:15:Name -> U
2492:7:Name -> U
2495:23:Call -> Inst:.ndarray
2495:23:Attribute -> Func:.concatenate
2495:23:Name -> U
2495:39:Attribute -> U
2495:39:Attribute -> U
2495:39:Name -> U
2495:68:Name -> U
2497:20:Name -> Class:.Union
2499:11:Call -> ERR
2499:11:Name -> Func:builtins.isinstance
2499:22:Attribute -> U
2499:22:Name -> U
2499:39:Attribute -> U
2499:39:Name -> U
2502:25:Call -> Inst:.ndarray
2502:25:Attribute -> Func:.concatenate
2502:25:Name -> U
2502:41:Attribute -> U
2502:41:Name -> U
2502:59:Name -> U
2504:21:Attribute -> U
2504:21:Name -> U
2504:43:Name -> U
2505:21:Call -> U
2505:21:Name -> Func:typing.cast
2505:67:Name -> U
2506:25:Call -> U
2506:25:Attribute -> U
2506:25:Name -> U
2506:53:Name -> U
2509:15:Call -> Const:NoneType:None
2509:15:Attribute -> Func:pandas._libs.algos.is_monotonic
2509:15:Name -> Module:pandas._libs.algos
2509:37:Name -> Inst:.ndarray
2510:22:Call -> U
2510:22:Attribute -> U
2510:22:Name -> U
2510:33:Name -> Inst:.ndarray
2511:25:Name -> U | Inst:.ndarray
2511:36:Name -> U
2512:27:Name -> Inst:.ndarray
2512:40:Name -> U
2514:13:Call -> Inst:pandas._libs.internals.BlockPlacement
2514:13:Name -> Class:pandas._libs.internals.BlockPlacement
2514:28:Name -> Inst:.ndarray | U
2515:16:Call -> Inst:pandas.core.internals.blocks.DatetimeLikeBlock | Inst:pandas.core.internals.blocks.NDArrayBackedExtensionBlock | Inst:pandas.core.internals.blocks.ExtensionBlock | Inst:pandas.core.internals.blocks.NumpyBlock
2515:16:Name -> Func:pandas.core.internals.blocks.new_block_2d
2515:29:Name -> U | Inst:.ndarray
2515:51:Name -> Inst:pandas._libs.internals.BlockPlacement
2518:11:Name -> U
2522:22:Name -> Class:builtins.slice
2522:30:Attribute -> Class:.ndarray
2522:30:Name -> U
2522:50:Name -> Class:builtins.int
2522:67:Name -> Class:builtins.bool
2524:7:Call -> ERR
2524:7:Name -> Func:builtins.isinstance
2524:18:Name -> U
2524:36:Name -> Class:builtins.slice
2527:12:Name -> U
2528:12:Call -> Const:NoneType:None
2528:12:Attribute -> Func:pandas._libs.internals.slice_len
2528:12:Name -> Module:pandas._libs.internals
2528:35:Name -> U
2528:53:Name -> U
2532:16:Call -> ERR
2532:16:Name -> Func:builtins.isinstance
2532:27:Name -> U
2532:45:Attribute -> Class:.ndarray
2532:45:Name -> U
2533:15:Attribute -> U
2533:15:Attribute -> U
2533:15:Name -> U
2535:20:Call -> U
2535:20:Name -> Func:builtins.getattr
2535:28:Name -> U
2536:18:Call -> ExcInst:builtins.TypeError
2536:18:Name -> Class:builtins.TypeError
2536:28:Call -> U
2536:28:Name -> Class:builtins.type
2536:33:Name -> U
2536:52:Name -> U
2538:18:Call -> Const:NoneType:None
2538:18:Name -> Func:pandas._libs.algos.ensure_platform_int
2538:38:Name -> U
2539:15:Name -> U
2540:22:Call -> Inst:.ndarray | Const:NoneType:None | Inst:.ndarray | U
2540:22:Name -> Func:pandas.core.indexers.utils.maybe_convert_indices
2540:44:Name -> Const:NoneType:None
2540:53:Name -> U
2541:24:Name -> Const:NoneType:None | Inst:.ndarray | Const:NoneType:None | Inst:.ndarray | U
2541:33:Call -> ERR
2541:33:Name -> Func:builtins.len
2541:37:Name -> Const:NoneType:None | Inst:.ndarray | Const:NoneType:None | Inst:.ndarray | U
2544:25:Name -> Class:.Union
2544:42:Name -> Class:builtins.tuple
2544:64:Name -> Class:.Union
2545:7:Call -> ERR
2545:7:Name -> Func:builtins.isinstance
2545:18:Name -> U
2545:25:Name -> Class:pandas.core.dtypes.dtypes.DatetimeTZDtype
2547:13:Call -> Const:NoneType:None
2547:13:Attribute -> BM:pandas._libs.tslibs.timestamps.Timestamp.as_unit
2547:13:Call -> Inst:pandas._libs.tslibs.timestamps.Timestamp
2547:13:Name -> Class:pandas._libs.tslibs.timestamps.Timestamp
2547:23:Name -> U
2547:43:Attribute -> U
2547:43:Name -> U
2548:19:Call -> U
2548:19:Attribute -> U
2548:19:Name -> U
2548:27:Name -> U
2548:34:Attribute -> ERR
2548:34:Name -> Const:NoneType:None
2549:21:Call -> U
2549:21:Attribute -> U
2549:21:Name -> U
2549:41:Attribute -> U
2549:41:Name -> U
2550:15:Call -> Const:NoneType:None
2550:15:Attribute -> BM:pandas.core.arrays.datetimes.DatetimeArray._simple_new
2550:15:Name -> Class:pandas.core.arrays.datetimes.DatetimeArray
2550:41:Name -> U
2550:59:Name -> U
2552:9:Call -> U
2552:9:Name -> Func:pandas.core.dtypes.common.is_1d_only_ea_dtype
2552:29:Name -> U
2553:16:Call -> U
2553:16:Name -> Func:typing.cast
2553:39:Name -> U
2554:14:Call -> U
2554:14:Attribute -> U
2554:14:Name -> U
2556:22:Call -> U
2556:22:Attribute -> U
2556:22:Name -> U
2556:51:Name -> U
2557:23:Name -> U
2558:15:Name -> U
2558:27:Name -> U
2559:25:Call -> Inst:.ndarray
2559:25:Attribute -> Func:.ones
2559:25:Name -> U
2559:34:Name -> U
2559:49:Attribute -> U
2559:49:Name -> U
2560:15:Call -> U
2560:15:Attribute -> U
2560:15:Name -> U
2560:32:Name -> U
2560:71:Name -> U
2561:9:Call -> ERR
2561:9:Name -> Func:builtins.isinstance
2561:20:Name -> U
2561:27:Name -> Class:pandas.core.dtypes.base.ExtensionDtype
2564:14:Call -> U
2564:14:Attribute -> U
2564:14:Name -> U
2565:22:Call -> U
2565:22:Attribute -> U
2565:22:Name -> U
2565:39:Name -> U
2565:52:Name -> U
2566:8:Name -> U
2566:25:Name -> U
2567:15:Name -> U
2571:25:Call -> Inst:.ndarray
2571:25:Attribute -> Func:.empty
2571:25:Name -> U
2571:34:Name -> U
2571:47:Name -> U
2572:8:Call -> Const:NoneType:None
2572:8:Attribute -> BM:.ndarray.fill
2572:8:Name -> Inst:.ndarray
2572:28:Name -> U
2574:11:Attribute -> U
2574:11:Name -> U
2575:29:Call -> U
2575:29:Name -> Func:pandas.core.construction.ensure_wrapped_if_datetimelike
2575:60:Name -> Inst:.ndarray
2576:15:Name -> Inst:.ndarray | U
