100:3:Name -> Const:bool:False
144:36:Name -> Class:builtins.dict
145:4:Name -> Class:builtins.int
146:4:Name -> Func:typing.Literal
147:8:Attribute -> U
147:8:Name -> U
148:8:Attribute -> U
148:8:Name -> U
149:8:Attribute -> U
149:8:Name -> U
150:8:Attribute -> U
150:8:Name -> U
153:4:Attribute -> U
153:4:Attribute -> U
153:4:Name -> U
153:37:Attribute -> U
153:37:Name -> U
154:4:Attribute -> U
154:4:Attribute -> U
154:4:Name -> U
154:41:Attribute -> U
154:41:Name -> U
155:4:Attribute -> U
155:4:Attribute -> U
155:4:Name -> U
155:41:Attribute -> U
155:41:Name -> U
156:4:Attribute -> U
156:4:Attribute -> U
156:4:Name -> U
156:38:Attribute -> U
156:38:Name -> U
193:36:Call -> U
193:36:Attribute -> U
193:36:Name -> U
194:4:Call -> U
194:4:Attribute -> U
194:4:Name -> U
196:12:Call -> U
196:12:Attribute -> U
196:12:Name -> U
196:25:Name -> Const:str:'dsk'
196:31:Name -> Class:builtins.str
197:12:Call -> U
197:12:Attribute -> U
197:12:Name -> U
197:25:Name -> Const:str:'securityClasses'
197:44:Call -> U
197:44:Attribute -> U
197:44:Name -> U
198:16:Attribute -> Func:homeassistant.helpers.config_validation.ensure_list | Func:homeassistant.helpers.config_validation.ensure_list | Func:homeassistant.helpers.config_validation.ensure_list | Func:homeassistant.helpers.config_validation.ensure_list
198:16:Name -> Module:homeassistant.helpers.config_validation
199:17:Call -> U
199:17:Attribute -> U
199:17:Name -> U
199:28:Name -> U
201:12:Call -> U
201:12:Attribute -> U
201:12:Name -> U
201:25:Name -> Const:str:'status'
201:41:Attribute -> U
201:41:Name -> U
201:74:Call -> U
201:74:Attribute -> U
201:74:Name -> U
202:16:Name -> U
204:12:Call -> U
204:12:Attribute -> U
204:12:Name -> U
204:25:Name -> Const:str:'requestedSecurityClasses'
204:54:Call -> U
204:54:Attribute -> U
204:54:Name -> U
205:16:Attribute -> Func:homeassistant.helpers.config_validation.ensure_list | Func:homeassistant.helpers.config_validation.ensure_list | Func:homeassistant.helpers.config_validation.ensure_list | Func:homeassistant.helpers.config_validation.ensure_list
205:16:Name -> Module:homeassistant.helpers.config_validation
205:33:Call -> U
205:33:Attribute -> U
205:33:Name -> U
205:44:Name -> U
209:14:Attribute -> U
209:14:Name -> U
211:4:Attribute -> U
211:4:Name -> U
214:37:Call -> U
214:37:Attribute -> U
214:37:Name -> U
215:4:Call -> U
215:4:Attribute -> U
215:4:Name -> U
217:12:Call -> U
217:12:Attribute -> U
217:12:Name -> U
217:25:Name -> Const:str:'version'
217:35:Call -> U
217:35:Attribute -> U
217:35:Name -> U
217:46:Name -> U
218:12:Call -> U
218:12:Attribute -> U
218:12:Name -> U
218:25:Name -> Const:str:'securityClasses'
218:44:Call -> U
218:44:Attribute -> U
218:44:Name -> U
219:16:Attribute -> Func:homeassistant.helpers.config_validation.ensure_list | Func:homeassistant.helpers.config_validation.ensure_list | Func:homeassistant.helpers.config_validation.ensure_list | Func:homeassistant.helpers.config_validation.ensure_list
219:16:Name -> Module:homeassistant.helpers.config_validation
220:17:Call -> U
220:17:Attribute -> U
220:17:Name -> U
220:28:Name -> U
222:12:Call -> U
222:12:Attribute -> U
222:12:Name -> U
222:25:Name -> Const:str:'dsk'
222:31:Name -> Class:builtins.str
223:12:Call -> U
223:12:Attribute -> U
223:12:Name -> U
223:25:Name -> Const:str:'genericDeviceClass'
223:48:Name -> Class:builtins.int
224:12:Call -> U
224:12:Attribute -> U
224:12:Name -> U
224:25:Name -> Const:str:'specificDeviceClass'
224:49:Name -> Class:builtins.int
225:12:Call -> U
225:12:Attribute -> U
225:12:Name -> U
225:25:Name -> Const:str:'installerIconType'
225:47:Name -> Class:builtins.int
226:12:Call -> U
226:12:Attribute -> U
226:12:Name -> U
226:25:Name -> Const:str:'manufacturerId'
226:43:Name -> Class:builtins.int
227:12:Call -> U
227:12:Attribute -> U
227:12:Name -> U
227:25:Name -> Const:str:'productType'
227:40:Name -> Class:builtins.int
228:12:Call -> U
228:12:Attribute -> U
228:12:Name -> U
228:25:Name -> Const:str:'productId'
228:38:Name -> Class:builtins.int
229:12:Call -> U
229:12:Attribute -> U
229:12:Name -> U
229:25:Name -> Const:str:'applicationVersion'
229:47:Name -> Class:builtins.str
230:12:Call -> U
230:12:Attribute -> U
230:12:Name -> U
230:25:Name -> Const:str:'maxInclusionRequestInterval'
230:58:Call -> U
230:58:Attribute -> U
230:58:Name -> U
230:66:Name -> Class:builtins.int
231:12:Call -> U
231:12:Attribute -> U
231:12:Name -> U
231:25:Name -> Const:str:'uuid'
231:32:Call -> U
231:32:Attribute -> U
231:32:Name -> U
231:40:Name -> Class:builtins.str
232:12:Call -> U
232:12:Attribute -> U
232:12:Name -> U
232:25:Name -> Const:str:'supportedProtocols'
232:47:Call -> U
232:47:Attribute -> U
232:47:Name -> U
233:16:Attribute -> Func:homeassistant.helpers.config_validation.ensure_list | Func:homeassistant.helpers.config_validation.ensure_list | Func:homeassistant.helpers.config_validation.ensure_list | Func:homeassistant.helpers.config_validation.ensure_list
233:16:Name -> Module:homeassistant.helpers.config_validation
234:17:Call -> U
234:17:Attribute -> U
234:17:Name -> U
234:28:Name -> U
236:12:Call -> U
236:12:Attribute -> U
236:12:Name -> U
236:25:Name -> Const:str:'status'
236:41:Attribute -> U
236:41:Name -> U
236:74:Call -> U
236:74:Attribute -> U
236:74:Name -> U
237:16:Name -> U
239:12:Call -> U
239:12:Attribute -> U
239:12:Name -> U
239:25:Name -> Const:str:'requestedSecurityClasses'
239:54:Call -> U
239:54:Attribute -> U
239:54:Name -> U
240:16:Attribute -> Func:homeassistant.helpers.config_validation.ensure_list | Func:homeassistant.helpers.config_validation.ensure_list | Func:homeassistant.helpers.config_validation.ensure_list | Func:homeassistant.helpers.config_validation.ensure_list
240:16:Name -> Module:homeassistant.helpers.config_validation
240:33:Call -> U
240:33:Attribute -> U
240:33:Name -> U
240:44:Name -> U
243:14:Attribute -> U
243:14:Name -> U
245:4:Attribute -> U
245:4:Name -> U
248:24:Call -> U
248:24:Attribute -> U
248:24:Name -> U
248:32:Name -> Class:builtins.str
248:37:Call -> U
248:37:Attribute -> U
248:37:Name -> U
248:52:Name -> Const:int:52
252:10:Name -> U
253:16:Name -> Class:homeassistant.components.websocket_api.connection.ActiveConnection
254:9:Name -> Class:builtins.dict
254:14:Name -> Class:builtins.str
254:19:Name -> Class:typing.Any
255:14:Name -> Class:builtins.str
256:5:Name -> Class:builtins.tuple
256:11:Name -> U
256:31:Name -> U
256:39:Name -> U
256:49:Name -> Class:builtins.tuple
258:12:Call -> U
258:12:Attribute -> U
258:12:Attribute -> U
258:12:Name -> U
258:48:Name -> U
259:7:Name -> U
260:8:Call -> U
260:8:Attribute -> U
260:8:Name -> U
261:12:Name -> U
261:16:Name -> Const:str:'id'
261:21:Name -> Const:str:'not_found'
261:52:Name -> U
265:7:Attribute -> U
265:7:Name -> U
265:26:Attribute -> U
265:26:Name -> U
266:8:Call -> U
266:8:Attribute -> U
266:8:Name -> U
267:12:Name -> U
267:16:Name -> Const:str:'id'
267:21:Name -> Const:str:'not_loaded'
267:53:Name -> U
271:13:Attribute -> U
271:13:Attribute -> U
271:13:Name -> U
273:7:Attribute -> U
273:7:Name -> U
274:8:Call -> U
274:8:Attribute -> U
274:8:Name -> U
275:12:Name -> U
275:16:Name -> Const:str:'id'
276:12:Name -> Const:str:'not_loaded'
277:28:Name -> U
277:32:Name -> Const:str:'entry_id'
281:11:Name -> U
281:18:Name -> U
281:26:Attribute -> U
281:26:Name -> U
285:15:Name -> Class:_collections_abc.Callable
287:12:Name -> U
288:12:Name -> Class:homeassistant.components.websocket_api.connection.ActiveConnection
289:12:Name -> Class:builtins.dict
289:17:Name -> Class:builtins.str
289:22:Name -> Class:typing.Any
290:12:Name -> U
291:12:Name -> U
292:12:Name -> U
294:8:Name -> Class:_collections_abc.Coroutine
294:18:Name -> Class:typing.Any
294:23:Name -> Class:typing.Any
296:5:Name -> Class:_collections_abc.Callable
297:5:Name -> U
297:20:Name -> Class:homeassistant.components.websocket_api.connection.ActiveConnection
297:38:Name -> Class:builtins.dict
297:43:Name -> Class:builtins.str
297:48:Name -> Class:typing.Any
297:55:Name -> Class:_collections_abc.Coroutine
297:65:Name -> Class:typing.Any
297:70:Name -> Class:typing.Any
301:5:Call -> Partial:PartialFunction
301:5:Name -> Func:functools.wraps
301:11:Name -> U
303:14:Name -> U
303:41:Name -> Class:homeassistant.components.websocket_api.connection.ActiveConnection
303:64:Name -> Class:builtins.dict
303:69:Name -> Class:builtins.str
303:74:Name -> Class:typing.Any
306:38:Call -> Tuple:3 | Tuple:3 | Tuple:3 | Tuple:3
306:38:Name -> Func:homeassistant.components.zwave_js.api._async_get_entry
307:12:Name -> U
307:18:Name -> U
307:30:Name -> U
307:35:Name -> U
307:39:Name -> Const:str:'entry_id'
310:15:Name -> U
310:28:Name -> U
310:42:Name -> U
313:14:Call -> U
313:14:Name -> U
313:24:Name -> U
313:30:Name -> U
313:42:Name -> U
313:47:Name -> U
313:54:Name -> U
313:62:Name -> U
315:11:Name -> Func:homeassistant.components.zwave_js.api.async_get_entry.async_get_entry_func
319:10:Name -> U
319:37:Name -> Class:homeassistant.components.websocket_api.connection.ActiveConnection
319:60:Name -> Class:builtins.dict
319:77:Name -> Class:builtins.str
320:5:Name -> U
323:15:Call -> U
323:15:Name -> Func:homeassistant.components.zwave_js.helpers.async_get_node_from_device_id
323:45:Name -> U
323:51:Name -> U
324:11:Name -> Class:builtins.ValueError
325:21:Name -> Const:str:'not_found'
326:23:Attribute -> Tuple:0
326:23:Name -> ExcInst:builtins.ValueError
327:25:Name -> Const:str:'not_loaded'
328:8:Call -> U
328:8:Attribute -> U
328:8:Name -> U
328:30:Name -> U
328:34:Name -> Const:str:'id'
328:39:Name -> Const:str:'not_found' | Const:str:'not_loaded'
328:51:Attribute -> Tuple:0
328:51:Name -> ExcInst:builtins.ValueError
330:11:Name -> U
334:15:Name -> Class:_collections_abc.Callable
335:9:Name -> U
335:24:Name -> Class:homeassistant.components.websocket_api.connection.ActiveConnection
335:42:Name -> Class:builtins.dict
335:47:Name -> Class:builtins.str
335:52:Name -> Class:typing.Any
335:58:Name -> U
336:8:Name -> Class:_collections_abc.Coroutine
336:18:Name -> Class:typing.Any
336:23:Name -> Class:typing.Any
338:5:Name -> Class:_collections_abc.Callable
339:5:Name -> U
339:20:Name -> Class:homeassistant.components.websocket_api.connection.ActiveConnection
339:38:Name -> Class:builtins.dict
339:43:Name -> Class:builtins.str
339:48:Name -> Class:typing.Any
339:55:Name -> Class:_collections_abc.Coroutine
339:65:Name -> Class:typing.Any
339:70:Name -> Class:typing.Any
343:5:Call -> Partial:PartialFunction
343:5:Name -> Func:functools.wraps
343:11:Name -> U
345:14:Name -> U
345:41:Name -> Class:homeassistant.components.websocket_api.connection.ActiveConnection
345:64:Name -> Class:builtins.dict
345:69:Name -> Class:builtins.str
345:74:Name -> Class:typing.Any
348:21:Call -> Const:NoneType:None | U
348:21:Name -> Func:homeassistant.components.zwave_js.api._async_get_node
348:37:Name -> U
348:43:Name -> U
348:55:Name -> U
348:60:Name -> U
348:64:Name -> Const:str:'device_id'
349:15:Name -> U
351:14:Call -> U
351:14:Name -> U
351:24:Name -> U
351:30:Name -> U
351:42:Name -> U
351:47:Name -> U
353:11:Name -> Func:homeassistant.components.zwave_js.api.async_get_node.async_get_node_func
357:15:Name -> Class:_collections_abc.Callable
358:8:Name -> Func:typing.Concatenate
358:20:Name -> U
358:35:Name -> Class:homeassistant.components.websocket_api.connection.ActiveConnection
358:53:Name -> Class:builtins.dict
358:58:Name -> Class:builtins.str
358:63:Name -> Class:typing.Any
358:69:Name -> Const:NoneType:None
359:8:Name -> Class:_collections_abc.Coroutine
359:18:Name -> Class:typing.Any
359:23:Name -> Class:typing.Any
361:5:Name -> Class:_collections_abc.Callable
362:4:Name -> Func:typing.Concatenate
362:16:Name -> U
362:31:Name -> Class:homeassistant.components.websocket_api.connection.ActiveConnection
362:49:Name -> Class:builtins.dict
362:54:Name -> Class:builtins.str
362:59:Name -> Class:typing.Any
362:65:Name -> Const:NoneType:None
363:4:Name -> Class:_collections_abc.Coroutine
363:14:Name -> Class:typing.Any
363:19:Name -> Class:typing.Any
367:5:Call -> Partial:PartialFunction
367:5:Name -> Func:functools.wraps
367:11:Name -> U
369:14:Name -> U
370:20:Name -> Class:homeassistant.components.websocket_api.connection.ActiveConnection
371:13:Name -> Class:builtins.dict
371:18:Name -> Class:builtins.str
371:23:Name -> Class:typing.Any
372:15:Attribute -> ERR
372:15:Name -> Const:NoneType:None
373:18:Attribute -> ERR
373:18:Name -> Const:NoneType:None
377:18:Call -> U
377:18:Name -> U
377:28:Name -> U
377:34:Name -> U
377:46:Name -> U
377:52:Name -> Tuple:0
377:60:Name -> Dict:0
378:15:Name -> U
380:25:Call -> U
380:25:Attribute -> U
380:25:Name -> U
380:33:Name -> Const:str:'unsubs'
381:29:Name -> U
382:20:Call -> U
382:20:Name -> U
383:12:Call -> U
383:12:Attribute -> U
383:12:Name -> U
383:34:Name -> U
383:38:Name -> Const:str:'id'
383:43:Attribute -> U
383:43:Name -> U
383:59:Attribute -> U
383:59:Name -> U
385:11:Name -> Func:homeassistant.components.zwave_js.api.async_handle_failed_command.async_handle_failed_command_func
388:22:Name -> U
388:31:Name -> Class:builtins.dict
388:36:Name -> Class:builtins.str
388:41:Name -> Class:typing.Any
391:19:Attribute -> U
391:19:Name -> U
392:22:Attribute -> U
392:22:Name -> U
393:18:Attribute -> U
393:18:Name -> U
394:21:Attribute -> U
394:21:Name -> U
395:17:Attribute -> U
395:17:Name -> U
396:30:Attribute -> U
396:30:Name -> U
397:34:Attribute -> U
397:34:Name -> U
398:30:Attribute -> U
398:30:Name -> U
399:34:Call -> ERR
399:34:Name -> Func:builtins.any
400:12:Attribute -> U
400:12:Name -> U
400:21:Attribute -> U
400:21:Attribute -> U
400:21:Name -> U
401:22:Attribute -> U
401:22:Name -> U
406:1:Name -> U
407:29:Name -> U
409:4:Call -> Const:NoneType:None
409:4:Attribute -> Func:homeassistant.components.websocket_api.async_register_command
409:4:Name -> Module:homeassistant.components.websocket_api
409:41:Name -> U
409:47:Name -> Func:homeassistant.components.zwave_js.api.websocket_network_status
410:4:Call -> Const:NoneType:None
410:4:Attribute -> Func:homeassistant.components.websocket_api.async_register_command
410:4:Name -> Module:homeassistant.components.websocket_api
410:41:Name -> U
410:47:Name -> Func:homeassistant.components.zwave_js.api.websocket_subscribe_node_status
411:4:Call -> Const:NoneType:None
411:4:Attribute -> Func:homeassistant.components.websocket_api.async_register_command
411:4:Name -> Module:homeassistant.components.websocket_api
411:41:Name -> U
411:47:Name -> Func:homeassistant.components.zwave_js.api.websocket_node_status
412:4:Call -> Const:NoneType:None
412:4:Attribute -> Func:homeassistant.components.websocket_api.async_register_command
412:4:Name -> Module:homeassistant.components.websocket_api
412:41:Name -> U
412:47:Name -> Func:homeassistant.components.zwave_js.api.websocket_node_metadata
413:4:Call -> Const:NoneType:None
413:4:Attribute -> Func:homeassistant.components.websocket_api.async_register_command
413:4:Name -> Module:homeassistant.components.websocket_api
413:41:Name -> U
413:47:Name -> Func:homeassistant.components.zwave_js.api.websocket_node_alerts
414:4:Call -> Const:NoneType:None
414:4:Attribute -> Func:homeassistant.components.websocket_api.async_register_command
414:4:Name -> Module:homeassistant.components.websocket_api
414:41:Name -> U
414:47:Name -> Func:homeassistant.components.zwave_js.api.websocket_add_node
415:4:Call -> Const:NoneType:None
415:4:Attribute -> Func:homeassistant.components.websocket_api.async_register_command
415:4:Name -> Module:homeassistant.components.websocket_api
415:41:Name -> U
415:47:Name -> Func:homeassistant.components.zwave_js.api.websocket_cancel_secure_bootstrap_s2
416:4:Call -> Const:NoneType:None
416:4:Attribute -> Func:homeassistant.components.websocket_api.async_register_command
416:4:Name -> Module:homeassistant.components.websocket_api
416:41:Name -> U
416:47:Name -> Func:homeassistant.components.zwave_js.api.websocket_subscribe_s2_inclusion
417:4:Call -> Const:NoneType:None
417:4:Attribute -> Func:homeassistant.components.websocket_api.async_register_command
417:4:Name -> Module:homeassistant.components.websocket_api
417:41:Name -> U
417:47:Name -> Func:homeassistant.components.zwave_js.api.websocket_grant_security_classes
418:4:Call -> Const:NoneType:None
418:4:Attribute -> Func:homeassistant.components.websocket_api.async_register_command
418:4:Name -> Module:homeassistant.components.websocket_api
418:41:Name -> U
418:47:Name -> Func:homeassistant.components.zwave_js.api.websocket_validate_dsk_and_enter_pin
419:4:Call -> Const:NoneType:None
419:4:Attribute -> Func:homeassistant.components.websocket_api.async_register_command
419:4:Name -> Module:homeassistant.components.websocket_api
419:41:Name -> U
419:47:Name -> Func:homeassistant.components.zwave_js.api.websocket_subscribe_new_devices
420:4:Call -> Const:NoneType:None
420:4:Attribute -> Func:homeassistant.components.websocket_api.async_register_command
420:4:Name -> Module:homeassistant.components.websocket_api
420:41:Name -> U
420:47:Name -> Func:homeassistant.components.zwave_js.api.websocket_provision_smart_start_node
421:4:Call -> Const:NoneType:None
421:4:Attribute -> Func:homeassistant.components.websocket_api.async_register_command
421:4:Name -> Module:homeassistant.components.websocket_api
421:41:Name -> U
421:47:Name -> Func:homeassistant.components.zwave_js.api.websocket_unprovision_smart_start_node
422:4:Call -> Const:NoneType:None
422:4:Attribute -> Func:homeassistant.components.websocket_api.async_register_command
422:4:Name -> Module:homeassistant.components.websocket_api
422:41:Name -> U
422:47:Name -> Func:homeassistant.components.zwave_js.api.websocket_get_provisioning_entries
423:4:Call -> Const:NoneType:None
423:4:Attribute -> Func:homeassistant.components.websocket_api.async_register_command
423:4:Name -> Module:homeassistant.components.websocket_api
423:41:Name -> U
423:47:Name -> Func:homeassistant.components.zwave_js.api.websocket_parse_qr_code_string
424:4:Call -> Const:NoneType:None
424:4:Attribute -> Func:homeassistant.components.websocket_api.async_register_command
424:4:Name -> Module:homeassistant.components.websocket_api
425:8:Name -> U
425:14:Name -> Func:homeassistant.components.zwave_js.api.websocket_try_parse_dsk_from_qr_code_string
427:4:Call -> Const:NoneType:None
427:4:Attribute -> Func:homeassistant.components.websocket_api.async_register_command
427:4:Name -> Module:homeassistant.components.websocket_api
427:41:Name -> U
427:47:Name -> Func:homeassistant.components.zwave_js.api.websocket_lookup_device
428:4:Call -> Const:NoneType:None
428:4:Attribute -> Func:homeassistant.components.websocket_api.async_register_command
428:4:Name -> Module:homeassistant.components.websocket_api
428:41:Name -> U
428:47:Name -> Func:homeassistant.components.zwave_js.api.websocket_supports_feature
429:4:Call -> Const:NoneType:None
429:4:Attribute -> Func:homeassistant.components.websocket_api.async_register_command
429:4:Name -> Module:homeassistant.components.websocket_api
429:41:Name -> U
429:47:Name -> Func:homeassistant.components.zwave_js.api.websocket_stop_inclusion
430:4:Call -> Const:NoneType:None
430:4:Attribute -> Func:homeassistant.components.websocket_api.async_register_command
430:4:Name -> Module:homeassistant.components.websocket_api
430:41:Name -> U
430:47:Name -> Func:homeassistant.components.zwave_js.api.websocket_stop_exclusion
431:4:Call -> Const:NoneType:None
431:4:Attribute -> Func:homeassistant.components.websocket_api.async_register_command
431:4:Name -> Module:homeassistant.components.websocket_api
431:41:Name -> U
431:47:Name -> Func:homeassistant.components.zwave_js.api.websocket_remove_node
432:4:Call -> Const:NoneType:None
432:4:Attribute -> Func:homeassistant.components.websocket_api.async_register_command
432:4:Name -> Module:homeassistant.components.websocket_api
432:41:Name -> U
432:47:Name -> Func:homeassistant.components.zwave_js.api.websocket_remove_failed_node
433:4:Call -> Const:NoneType:None
433:4:Attribute -> Func:homeassistant.components.websocket_api.async_register_command
433:4:Name -> Module:homeassistant.components.websocket_api
433:41:Name -> U
433:47:Name -> Func:homeassistant.components.zwave_js.api.websocket_replace_failed_node
434:4:Call -> Const:NoneType:None
434:4:Attribute -> Func:homeassistant.components.websocket_api.async_register_command
434:4:Name -> Module:homeassistant.components.websocket_api
434:41:Name -> U
434:47:Name -> Func:homeassistant.components.zwave_js.api.websocket_begin_rebuilding_routes
435:4:Call -> Const:NoneType:None
435:4:Attribute -> Func:homeassistant.components.websocket_api.async_register_command
435:4:Name -> Module:homeassistant.components.websocket_api
436:8:Name -> U
436:14:Name -> Func:homeassistant.components.zwave_js.api.websocket_subscribe_rebuild_routes_progress
438:4:Call -> Const:NoneType:None
438:4:Attribute -> Func:homeassistant.components.websocket_api.async_register_command
438:4:Name -> Module:homeassistant.components.websocket_api
438:41:Name -> U
438:47:Name -> Func:homeassistant.components.zwave_js.api.websocket_stop_rebuilding_routes
439:4:Call -> Const:NoneType:None
439:4:Attribute -> Func:homeassistant.components.websocket_api.async_register_command
439:4:Name -> Module:homeassistant.components.websocket_api
439:41:Name -> U
439:47:Name -> Func:homeassistant.components.zwave_js.api.websocket_refresh_node_info
440:4:Call -> Const:NoneType:None
440:4:Attribute -> Func:homeassistant.components.websocket_api.async_register_command
440:4:Name -> Module:homeassistant.components.websocket_api
440:41:Name -> U
440:47:Name -> Func:homeassistant.components.zwave_js.api.websocket_refresh_node_values
441:4:Call -> Const:NoneType:None
441:4:Attribute -> Func:homeassistant.components.websocket_api.async_register_command
441:4:Name -> Module:homeassistant.components.websocket_api
441:41:Name -> U
441:47:Name -> Func:homeassistant.components.zwave_js.api.websocket_refresh_node_cc_values
442:4:Call -> Const:NoneType:None
442:4:Attribute -> Func:homeassistant.components.websocket_api.async_register_command
442:4:Name -> Module:homeassistant.components.websocket_api
442:41:Name -> U
442:47:Name -> Func:homeassistant.components.zwave_js.api.websocket_rebuild_node_routes
443:4:Call -> Const:NoneType:None
443:4:Attribute -> Func:homeassistant.components.websocket_api.async_register_command
443:4:Name -> Module:homeassistant.components.websocket_api
443:41:Name -> U
443:47:Name -> Func:homeassistant.components.zwave_js.api.websocket_set_config_parameter
444:4:Call -> Const:NoneType:None
444:4:Attribute -> Func:homeassistant.components.websocket_api.async_register_command
444:4:Name -> Module:homeassistant.components.websocket_api
444:41:Name -> U
444:47:Name -> Func:homeassistant.components.zwave_js.api.websocket_get_config_parameters
445:4:Call -> Const:NoneType:None
445:4:Attribute -> Func:homeassistant.components.websocket_api.async_register_command
445:4:Name -> Module:homeassistant.components.websocket_api
445:41:Name -> U
445:47:Name -> Func:homeassistant.components.zwave_js.api.websocket_get_raw_config_parameter
446:4:Call -> Const:NoneType:None
446:4:Attribute -> Func:homeassistant.components.websocket_api.async_register_command
446:4:Name -> Module:homeassistant.components.websocket_api
446:41:Name -> U
446:47:Name -> Func:homeassistant.components.zwave_js.api.websocket_set_raw_config_parameter
447:4:Call -> Const:NoneType:None
447:4:Attribute -> Func:homeassistant.components.websocket_api.async_register_command
447:4:Name -> Module:homeassistant.components.websocket_api
447:41:Name -> U
447:47:Name -> Func:homeassistant.components.zwave_js.api.websocket_subscribe_log_updates
448:4:Call -> Const:NoneType:None
448:4:Attribute -> Func:homeassistant.components.websocket_api.async_register_command
448:4:Name -> Module:homeassistant.components.websocket_api
448:41:Name -> U
448:47:Name -> Func:homeassistant.components.zwave_js.api.websocket_update_log_config
449:4:Call -> Const:NoneType:None
449:4:Attribute -> Func:homeassistant.components.websocket_api.async_register_command
449:4:Name -> Module:homeassistant.components.websocket_api
449:41:Name -> U
449:47:Name -> Func:homeassistant.components.zwave_js.api.websocket_get_log_config
450:4:Call -> Const:NoneType:None
450:4:Attribute -> Func:homeassistant.components.websocket_api.async_register_command
450:4:Name -> Module:homeassistant.components.websocket_api
451:8:Name -> U
451:14:Name -> Func:homeassistant.components.zwave_js.api.websocket_update_data_collection_preference
453:4:Call -> Const:NoneType:None
453:4:Attribute -> Func:homeassistant.components.websocket_api.async_register_command
453:4:Name -> Module:homeassistant.components.websocket_api
453:41:Name -> U
453:47:Name -> Func:homeassistant.components.zwave_js.api.websocket_data_collection_status
454:4:Call -> Const:NoneType:None
454:4:Attribute -> Func:homeassistant.components.websocket_api.async_register_command
454:4:Name -> Module:homeassistant.components.websocket_api
454:41:Name -> U
454:47:Name -> Func:homeassistant.components.zwave_js.api.websocket_abort_firmware_update
455:4:Call -> Const:NoneType:None
455:4:Attribute -> Func:homeassistant.components.websocket_api.async_register_command
455:4:Name -> Module:homeassistant.components.websocket_api
456:8:Name -> U
456:14:Name -> Func:homeassistant.components.zwave_js.api.websocket_is_node_firmware_update_in_progress
458:4:Call -> Const:NoneType:None
458:4:Attribute -> Func:homeassistant.components.websocket_api.async_register_command
458:4:Name -> Module:homeassistant.components.websocket_api
459:8:Name -> U
459:14:Name -> Func:homeassistant.components.zwave_js.api.websocket_subscribe_firmware_update_status
461:4:Call -> Const:NoneType:None
461:4:Attribute -> Func:homeassistant.components.websocket_api.async_register_command
461:4:Name -> Module:homeassistant.components.websocket_api
462:8:Name -> U
462:14:Name -> Func:homeassistant.components.zwave_js.api.websocket_get_node_firmware_update_capabilities
464:4:Call -> Const:NoneType:None
464:4:Attribute -> Func:homeassistant.components.websocket_api.async_register_command
464:4:Name -> Module:homeassistant.components.websocket_api
465:8:Name -> U
465:14:Name -> Func:homeassistant.components.zwave_js.api.websocket_is_any_ota_firmware_update_in_progress
467:4:Call -> Const:NoneType:None
467:4:Attribute -> Func:homeassistant.components.websocket_api.async_register_command
467:4:Name -> Module:homeassistant.components.websocket_api
467:41:Name -> U
467:47:Name -> Func:homeassistant.components.zwave_js.api.websocket_check_for_config_updates
468:4:Call -> Const:NoneType:None
468:4:Attribute -> Func:homeassistant.components.websocket_api.async_register_command
468:4:Name -> Module:homeassistant.components.websocket_api
468:41:Name -> U
468:47:Name -> Func:homeassistant.components.zwave_js.api.websocket_install_config_update
469:4:Call -> Const:NoneType:None
469:4:Attribute -> Func:homeassistant.components.websocket_api.async_register_command
469:4:Name -> Module:homeassistant.components.websocket_api
470:8:Name -> U
470:14:Name -> Func:homeassistant.components.zwave_js.api.websocket_subscribe_controller_statistics
472:4:Call -> Const:NoneType:None
472:4:Attribute -> Func:homeassistant.components.websocket_api.async_register_command
472:4:Name -> Module:homeassistant.components.websocket_api
472:41:Name -> U
472:47:Name -> Func:homeassistant.components.zwave_js.api.websocket_subscribe_node_statistics
473:4:Call -> Const:NoneType:None
473:4:Attribute -> Func:homeassistant.components.websocket_api.async_register_command
473:4:Name -> Module:homeassistant.components.websocket_api
473:41:Name -> U
473:47:Name -> Func:homeassistant.components.zwave_js.api.websocket_hard_reset_controller
474:4:Call -> Const:NoneType:None
474:4:Attribute -> Func:homeassistant.components.websocket_api.async_register_command
474:4:Name -> Module:homeassistant.components.websocket_api
474:41:Name -> U
474:47:Name -> Func:homeassistant.components.zwave_js.api.websocket_node_capabilities
475:4:Call -> Const:NoneType:None
475:4:Attribute -> Func:homeassistant.components.websocket_api.async_register_command
475:4:Name -> Module:homeassistant.components.websocket_api
475:41:Name -> U
475:47:Name -> Func:homeassistant.components.zwave_js.api.websocket_invoke_cc_api
476:4:Call -> Const:NoneType:None
476:4:Attribute -> Func:homeassistant.components.websocket_api.async_register_command
476:4:Name -> Module:homeassistant.components.websocket_api
476:41:Name -> U
476:47:Name -> Func:homeassistant.components.zwave_js.api.websocket_backup_nvm
477:4:Call -> Const:NoneType:None
477:4:Attribute -> Func:homeassistant.components.websocket_api.async_register_command
477:4:Name -> Module:homeassistant.components.websocket_api
477:41:Name -> U
477:47:Name -> Func:homeassistant.components.zwave_js.api.websocket_restore_nvm
478:4:Call -> U
478:4:Attribute -> U
478:4:Attribute -> U
478:4:Name -> U
478:28:Call -> Inst:homeassistant.components.zwave_js.api.FirmwareUploadView
478:28:Name -> Class:homeassistant.components.zwave_js.api.FirmwareUploadView
478:47:Call -> U
478:47:Attribute -> U
478:47:Name -> U
478:60:Name -> U
481:1:Attribute -> Func:homeassistant.components.websocket_api.decorators.require_admin
481:1:Name -> Module:homeassistant.components.websocket_api
482:1:Call -> Func:homeassistant.components.websocket_api.decorators.websocket_command.decorate
482:1:Attribute -> Func:homeassistant.components.websocket_api.decorators.websocket_command
482:1:Name -> Module:homeassistant.components.websocket_api
484:8:Call -> U
484:8:Attribute -> U
484:8:Name -> U
484:21:Name -> Const:str:'type'
485:8:Call -> U
485:8:Attribute -> U
485:8:Name -> U
485:22:Name -> Const:str:'device_id'
485:40:Name -> Class:builtins.str
486:8:Call -> U
486:8:Attribute -> U
486:8:Name -> U
486:22:Name -> Const:str:'entry_id'
486:39:Name -> Class:builtins.str
489:1:Attribute -> Func:homeassistant.components.websocket_api.decorators.async_response
489:1:Name -> Module:homeassistant.components.websocket_api
491:10:Name -> U
491:37:Name -> Class:homeassistant.components.websocket_api.connection.ActiveConnection
491:60:Name -> Class:builtins.dict
491:65:Name -> Class:builtins.str
491:70:Name -> Class:typing.Any
494:7:Name -> Const:str:'entry_id'
494:19:Name -> U
495:34:Call -> Tuple:3 | Tuple:3 | Tuple:3 | Tuple:3
495:34:Name -> Func:homeassistant.components.zwave_js.api._async_get_entry
495:51:Name -> U
495:57:Name -> U
495:69:Name -> U
495:74:Name -> U
495:78:Name -> Const:str:'entry_id'
496:15:Name -> U
496:29:Name -> U
498:9:Name -> Const:str:'device_id'
498:22:Name -> U
499:21:Call -> Const:NoneType:None | U
499:21:Name -> Func:homeassistant.components.zwave_js.api._async_get_node
499:37:Name -> U
499:43:Name -> U
499:55:Name -> U
499:60:Name -> U
499:64:Name -> Const:str:'device_id'
500:15:Name -> U
502:17:Attribute -> U
502:17:Name -> U
503:15:Attribute -> U
503:15:Name -> U
504:17:Attribute -> U
504:17:Name -> U
506:8:Call -> U
506:8:Attribute -> U
506:8:Name -> U
507:12:Name -> U
507:16:Name -> Const:str:'id'
507:21:Name -> Const:str:'invalid_format'
510:17:Attribute -> U
510:17:Name -> U
511:4:Call -> U
511:4:Attribute -> U
511:4:Name -> U
511:28:Call -> U
511:28:Attribute -> U
511:28:Name -> U
512:26:Attribute -> U
512:26:Name -> U
513:11:Name -> U
516:29:Attribute -> U
516:29:Name -> U
517:36:Attribute -> U
517:36:Name -> U
518:30:Attribute -> U
518:30:Name -> U
519:30:Attribute -> U
519:30:Name -> U
520:38:Attribute -> U
520:38:Name -> U
523:23:Attribute -> U
523:23:Name -> U
524:27:Attribute -> U
524:27:Name -> U
525:20:Attribute -> U
525:20:Name -> U
526:27:Attribute -> U
526:27:Name -> U
527:26:Attribute -> U
527:26:Name -> U
529:16:Attribute -> U
529:16:Name -> U
531:30:Attribute -> U
531:30:Name -> U
532:32:Attribute -> U
532:32:Name -> U
533:22:Attribute -> U
533:22:Name -> U
534:25:Attribute -> U
534:25:Name -> U
535:32:Attribute -> U
535:32:Name -> U
536:31:Attribute -> U
536:31:Name -> U
537:26:Attribute -> U
537:26:Name -> U
538:28:Attribute -> U
538:28:Name -> U
539:40:Attribute -> U
539:40:Name -> U
540:27:Attribute -> U
540:27:Name -> U
541:31:Attribute -> U
541:31:Name -> U
542:35:Attribute -> U
542:35:Name -> U
543:36:Attribute -> U
543:36:Name -> U
544:31:Attribute -> U
544:31:Name -> U
545:25:Attribute -> U
545:25:Name -> U
546:22:Attribute -> U
546:22:Name -> U
547:22:Call -> Dict:9
547:22:Name -> Func:homeassistant.components.zwave_js.api.node_status
547:34:Name -> U
547:52:Call -> U
547:52:Attribute -> U
547:52:Attribute -> U
547:52:Attribute -> U
547:52:Name -> U
550:4:Call -> U
550:4:Attribute -> U
550:4:Name -> U
551:8:Name -> U
551:12:Name -> Const:str:'id'
552:8:Name -> Dict:2
556:1:Call -> Func:homeassistant.components.websocket_api.decorators.websocket_command.decorate
556:1:Attribute -> Func:homeassistant.components.websocket_api.decorators.websocket_command
556:1:Name -> Module:homeassistant.components.websocket_api
558:8:Call -> U
558:8:Attribute -> U
558:8:Name -> U
558:21:Name -> Const:str:'type'
559:8:Call -> U
559:8:Attribute -> U
559:8:Name -> U
559:21:Name -> Const:str:'device_id'
559:33:Name -> Class:builtins.str
562:1:Attribute -> Func:homeassistant.components.websocket_api.decorators.async_response
562:1:Name -> Module:homeassistant.components.websocket_api
563:1:Name -> Func:homeassistant.components.zwave_js.api.async_get_node
565:10:Name -> U
566:16:Name -> Class:homeassistant.components.websocket_api.connection.ActiveConnection
567:9:Name -> Class:builtins.dict
567:14:Name -> Class:builtins.str
567:19:Name -> Class:typing.Any
568:10:Name -> U
572:5:Name -> U
573:29:Name -> Class:builtins.dict
575:8:Call -> U
575:8:Attribute -> U
575:8:Name -> U
576:12:Call -> U
576:12:Attribute -> U
576:12:Name -> Module:homeassistant.components.websocket_api
577:16:Name -> U
577:20:Name -> Const:str:'id'
578:26:Name -> U
578:52:Attribute -> U
578:52:Name -> U
578:74:Attribute -> U
578:74:Name -> U
582:5:Name -> U
585:21:Name -> U
586:12:Call -> U
586:12:Name -> U
588:4:Attribute -> U
588:4:Name -> U
588:29:Name -> U
588:42:Name -> Func:homeassistant.components.zwave_js.api.websocket_subscribe_node_status.async_cleanup
589:4:Name -> U
589:8:Name -> Const:str:'unsubs'
590:8:Call -> U
590:8:Attribute -> U
590:8:Name -> U
590:16:Name -> Const:str:'alive' | Const:str:'dead' | Const:str:'sleep' | Const:str:'wake up' | Const:str:'ready'
590:21:Name -> Func:homeassistant.components.zwave_js.api.websocket_subscribe_node_status.forward_event
594:4:Call -> U
594:4:Attribute -> U
594:4:Name -> U
594:27:Name -> U
594:31:Name -> Const:str:'id'
597:1:Call -> Func:homeassistant.components.websocket_api.decorators.websocket_command.decorate
597:1:Attribute -> Func:homeassistant.components.websocket_api.decorators.websocket_command
597:1:Name -> Module:homeassistant.components.websocket_api
599:8:Call -> U
599:8:Attribute -> U
599:8:Name -> U
599:21:Name -> Const:str:'type'
600:8:Call -> U
600:8:Attribute -> U
600:8:Name -> U
600:21:Name -> Const:str:'device_id'
600:33:Name -> Class:builtins.str
603:1:Attribute -> Func:homeassistant.components.websocket_api.decorators.async_response
603:1:Name -> Module:homeassistant.components.websocket_api
604:1:Name -> Func:homeassistant.components.zwave_js.api.async_get_node
606:10:Name -> U
607:16:Name -> Class:homeassistant.components.websocket_api.connection.ActiveConnection
608:9:Name -> Class:builtins.dict
608:14:Name -> Class:builtins.str
608:19:Name -> Class:typing.Any
609:10:Name -> U
612:4:Call -> U
612:4:Attribute -> U
612:4:Name -> U
612:27:Name -> U
612:31:Name -> Const:str:'id'
612:36:Call -> Dict:9
612:36:Name -> Func:homeassistant.components.zwave_js.api.node_status
612:48:Name -> U
615:1:Call -> Func:homeassistant.components.websocket_api.decorators.websocket_command.decorate
615:1:Attribute -> Func:homeassistant.components.websocket_api.decorators.websocket_command
615:1:Name -> Module:homeassistant.components.websocket_api
617:8:Call -> U
617:8:Attribute -> U
617:8:Name -> U
617:21:Name -> Const:str:'type'
618:8:Call -> U
618:8:Attribute -> U
618:8:Name -> U
618:21:Name -> Const:str:'device_id'
618:33:Name -> Class:builtins.str
621:1:Attribute -> Func:homeassistant.components.websocket_api.decorators.async_response
621:1:Name -> Module:homeassistant.components.websocket_api
622:1:Name -> Func:homeassistant.components.zwave_js.api.async_get_node
624:10:Name -> U
625:16:Name -> Class:homeassistant.components.websocket_api.connection.ActiveConnection
626:9:Name -> Class:builtins.dict
626:14:Name -> Class:builtins.str
626:19:Name -> Class:typing.Any
627:10:Name -> U
631:19:Attribute -> U
631:19:Name -> U
632:21:Attribute -> U
632:21:Attribute -> U
632:21:Attribute -> U
632:21:Name -> U
633:21:Attribute -> U
633:21:Attribute -> U
633:21:Attribute -> U
633:21:Name -> U
634:18:Attribute -> U
634:18:Attribute -> U
634:18:Attribute -> U
634:18:Name -> U
635:18:Attribute -> U
635:18:Attribute -> U
635:18:Attribute -> U
635:18:Name -> U
636:17:Attribute -> U
636:17:Attribute -> U
636:17:Attribute -> U
636:17:Name -> U
637:31:Attribute -> U
637:31:Name -> U
639:4:Call -> U
639:4:Attribute -> U
639:4:Name -> U
640:8:Name -> U
640:12:Name -> Const:str:'id'
641:8:Name -> Dict:7
645:1:Call -> Func:homeassistant.components.websocket_api.decorators.websocket_command.decorate
645:1:Attribute -> Func:homeassistant.components.websocket_api.decorators.websocket_command
645:1:Name -> Module:homeassistant.components.websocket_api
647:8:Call -> U
647:8:Attribute -> U
647:8:Name -> U
647:21:Name -> Const:str:'type'
648:8:Call -> U
648:8:Attribute -> U
648:8:Name -> U
648:21:Name -> Const:str:'device_id'
648:33:Name -> Class:builtins.str
651:1:Attribute -> Func:homeassistant.components.websocket_api.decorators.async_response
651:1:Name -> Module:homeassistant.components.websocket_api
653:10:Name -> U
654:16:Name -> Class:homeassistant.components.websocket_api.connection.ActiveConnection
655:9:Name -> Class:builtins.dict
655:14:Name -> Class:builtins.str
655:19:Name -> Class:typing.Any
659:15:Call -> U
659:15:Name -> Func:homeassistant.components.zwave_js.helpers.async_get_node_from_device_id
659:45:Name -> U
659:51:Name -> U
659:55:Name -> Const:str:'device_id'
660:11:Name -> Class:builtins.ValueError
661:31:Attribute -> Tuple:0
661:31:Name -> ExcInst:builtins.ValueError
662:39:Call -> U | Const:NoneType:None
662:39:Name -> Func:homeassistant.components.zwave_js.helpers.async_get_provisioning_entry_from_device_id
663:16:Name -> U
663:22:Name -> U
663:26:Name -> Const:str:'device_id'
665:15:Name -> U
666:16:Call -> U
666:16:Attribute -> U
666:16:Name -> U
667:20:Name -> U
667:24:Name -> Const:str:'id'
680:16:Call -> U
680:16:Attribute -> U
680:16:Name -> U
680:38:Name -> U
680:42:Name -> Const:str:'id'
680:47:Name -> Const:str:'not_found'
680:62:Call -> Const:str:''
680:62:Name -> Class:builtins.str
680:66:Name -> ExcInst:builtins.ValueError
682:12:Call -> U
682:12:Attribute -> U
682:12:Name -> U
682:34:Name -> U
682:38:Name -> Const:str:'id'
682:43:Name -> Const:str:'not_loaded'
682:59:Call -> Const:str:''
682:59:Name -> Class:builtins.str
682:63:Name -> ExcInst:builtins.ValueError
685:15:Attribute -> U
685:15:Attribute -> U
685:15:Attribute -> U
685:15:Name -> U
686:7:Attribute -> U
686:7:Name -> U
687:8:Call -> U
687:8:Attribute -> U
687:8:Name -> U
695:4:Call -> U
695:4:Attribute -> U
695:4:Name -> U
696:8:Name -> U
696:12:Name -> Const:str:'id'
698:24:Name -> U
699:27:Attribute -> U
699:27:Attribute -> U
699:27:Name -> U
704:1:Attribute -> Func:homeassistant.components.websocket_api.decorators.require_admin
704:1:Name -> Module:homeassistant.components.websocket_api
705:1:Call -> Func:homeassistant.components.websocket_api.decorators.websocket_command.decorate
705:1:Attribute -> Func:homeassistant.components.websocket_api.decorators.websocket_command
705:1:Name -> Module:homeassistant.components.websocket_api
707:8:Call -> U
707:8:Attribute -> U
707:8:Name -> U
707:21:Name -> Const:str:'type'
708:8:Call -> U
708:8:Attribute -> U
708:8:Name -> U
708:21:Name -> Const:str:'entry_id'
708:32:Name -> Class:builtins.str
709:8:Call -> U
709:8:Attribute -> U
709:8:Name -> U
709:21:Name -> Const:str:'inclusion_strategy'
709:49:Attribute -> U
709:49:Name -> U
709:77:Call -> U
709:77:Attribute -> U
709:77:Name -> U
710:12:Call -> U
710:12:Attribute -> U
710:12:Name -> U
710:23:Name -> Class:builtins.int
711:12:Call -> U
711:12:Attribute -> U
711:12:Name -> U
713:20:Attribute -> ERR
713:20:Name -> ERR
714:36:Name -> U
715:23:Name -> ERR
715:35:Attribute -> U
715:35:Name -> U
719:8:Call -> U
719:8:Attribute -> U
719:8:Name -> U
719:21:Name -> Const:str:'force_security'
719:38:Name -> Class:builtins.bool
720:8:Call -> U
720:8:Attribute -> U
720:8:Name -> U
721:12:Name -> Const:str:'planned_provisioning_entry'
722:11:Name -> U
723:8:Call -> U
723:8:Attribute -> U
723:8:Name -> U
724:12:Name -> Const:str:'qr_provisioning_information'
725:11:Name -> U
726:8:Call -> U
726:8:Attribute -> U
726:8:Name -> U
726:22:Name -> Const:str:'qr_code_string'
726:50:Name -> U
727:8:Call -> U
727:8:Attribute -> U
727:8:Name -> U
727:22:Name -> Const:str:'dsk'
727:39:Name -> Class:builtins.str
730:1:Attribute -> Func:homeassistant.components.websocket_api.decorators.async_response
730:1:Name -> Module:homeassistant.components.websocket_api
731:1:Name -> Func:homeassistant.components.zwave_js.api.async_handle_failed_command
732:1:Name -> Func:homeassistant.components.zwave_js.api.async_get_entry
734:10:Name -> U
735:16:Name -> Class:homeassistant.components.websocket_api.connection.ActiveConnection
736:9:Name -> Class:builtins.dict
736:14:Name -> Class:builtins.str
736:19:Name -> Class:typing.Any
737:11:Name -> U
738:12:Name -> U
739:12:Name -> U
742:17:Attribute -> U
742:17:Name -> U
743:25:Call -> U
743:25:Name -> U
743:43:Name -> U
743:47:Name -> Const:str:'inclusion_strategy'
744:21:Call -> U
744:21:Attribute -> U
744:21:Name -> U
744:29:Name -> Const:str:'force_security'
746:8:Call -> U
746:8:Attribute -> U
746:8:Name -> U
746:16:Name -> Const:str:'planned_provisioning_entry'
747:11:Call -> U
747:11:Attribute -> U
747:11:Name -> U
747:19:Name -> Const:str:'qr_provisioning_information'
748:11:Call -> U
748:11:Attribute -> U
748:11:Name -> U
748:19:Name -> Const:str:'qr_code_string'
750:10:Call -> U
750:10:Attribute -> U
750:10:Name -> U
750:18:Name -> Const:str:'dsk'
752:5:Name -> U
755:21:Name -> List:8
756:12:Call -> U
756:12:Name -> U
758:5:Name -> U
759:29:Name -> Class:builtins.dict
760:8:Call -> U
760:8:Attribute -> U
760:8:Name -> U
761:12:Call -> U
761:12:Attribute -> U
761:12:Name -> Module:homeassistant.components.websocket_api
761:40:Name -> U
761:44:Name -> Const:str:'id'
761:59:Name -> U
764:5:Name -> U
765:27:Name -> Class:builtins.dict
766:8:Call -> U
766:8:Attribute -> U
766:8:Name -> U
767:12:Call -> U
767:12:Attribute -> U
767:12:Name -> Module:homeassistant.components.websocket_api
768:16:Name -> U
768:20:Name -> Const:str:'id'
768:35:Name -> U
768:58:Name -> U
772:5:Name -> U
774:14:Name -> U
774:34:Name -> Class:builtins.bool
774:61:Name -> Class:builtins.str
777:12:Call -> U
777:12:Attribute -> U
777:12:Name -> U
777:41:Name -> Func:homeassistant.components.zwave_js.api.websocket_add_node.forward_event
778:12:Call -> U
778:12:Attribute -> U
778:12:Name -> U
778:43:Name -> Func:homeassistant.components.zwave_js.api.websocket_add_node.forward_event
779:12:Call -> U
779:12:Attribute -> U
779:12:Name -> U
779:49:Name -> Func:homeassistant.components.zwave_js.api.websocket_add_node.forward_stage
780:12:Call -> U
780:12:Attribute -> U
780:12:Name -> U
780:40:Name -> Func:homeassistant.components.zwave_js.api.websocket_add_node.forward_event
782:8:Call -> ERR
782:8:Attribute -> BM:builtins.list.extend
782:8:Name -> List:8
782:22:Name -> List:4
784:23:Attribute -> U
784:23:Name -> U
785:22:Attribute -> U
785:22:Name -> U
786:21:Attribute -> U
786:21:Name -> U
787:28:Name -> U
788:35:Name -> U
790:8:Call -> U
790:8:Attribute -> U
790:8:Name -> U
791:12:Call -> U
791:12:Attribute -> U
791:12:Name -> Module:homeassistant.components.websocket_api
792:16:Name -> U
792:20:Name -> Const:str:'id'
792:57:Name -> Dict:5
796:5:Name -> U
797:39:Name -> Class:builtins.dict
798:8:Call -> U
798:8:Attribute -> U
798:8:Name -> U
799:12:Call -> U
799:12:Attribute -> U
799:12:Name -> Module:homeassistant.components.websocket_api
800:16:Name -> U
800:20:Name -> Const:str:'id'
802:29:Name -> U
803:39:Call -> U
803:39:Attribute -> U
803:39:Name -> U
808:5:Name -> U
809:29:Name -> Class:builtins.dict
810:8:Call -> U
810:8:Attribute -> U
810:8:Name -> U
811:12:Call -> U
811:12:Attribute -> U
811:12:Name -> Module:homeassistant.components.websocket_api
812:16:Name -> U
812:20:Name -> Const:str:'id'
812:35:Name -> U
812:60:Name -> U
816:5:Name -> U
817:26:Name -> Class:builtins.dict
818:15:Name -> U
820:23:Name -> U
822:8:Call -> U
822:8:Attribute -> U
822:8:Name -> U
823:12:Call -> U
823:12:Attribute -> U
823:12:Name -> Module:homeassistant.components.websocket_api
824:16:Name -> U
824:20:Name -> Const:str:'id'
824:57:Name -> Dict:1
828:5:Name -> U
829:26:Name -> Class:builtins.dict
830:8:Call -> Const:NoneType:None
830:8:Name -> Func:homeassistant.components.zwave_js.api.websocket_add_node.forward_node_added
831:12:Name -> U
832:12:Call -> U
832:12:Attribute -> U
832:12:Name -> U
833:12:Call -> U
833:12:Attribute -> U
833:12:Name -> U
836:5:Name -> U
837:34:Attribute -> U
837:34:Name -> U
839:20:Attribute -> U
839:20:Name -> U
840:18:Attribute -> U
840:18:Name -> U
841:28:Attribute -> U
841:28:Name -> U
842:21:Attribute -> U
842:21:Name -> U
844:8:Call -> U
844:8:Attribute -> U
844:8:Name -> U
845:12:Call -> U
845:12:Attribute -> U
845:12:Name -> Module:homeassistant.components.websocket_api
846:16:Name -> U
846:20:Name -> Const:str:'id'
846:66:Name -> Dict:4
850:4:Attribute -> U
850:4:Name -> U
850:29:Name -> U
850:42:Name -> Func:homeassistant.components.zwave_js.api.websocket_add_node.async_cleanup
851:12:Name -> Class:builtins.list
851:17:Name -> Class:_collections_abc.Callable
852:8:Call -> U
852:8:Attribute -> U
852:8:Name -> U
852:43:Name -> Func:homeassistant.components.zwave_js.api.websocket_add_node.forward_event
853:8:Call -> U
853:8:Attribute -> U
853:8:Name -> U
853:42:Name -> Func:homeassistant.components.zwave_js.api.websocket_add_node.forward_event
854:8:Call -> U
854:8:Attribute -> U
854:8:Name -> U
854:43:Name -> Func:homeassistant.components.zwave_js.api.websocket_add_node.forward_event
855:8:Call -> U
855:8:Attribute -> U
855:8:Name -> U
855:52:Name -> Func:homeassistant.components.zwave_js.api.websocket_add_node.forward_dsk
856:8:Call -> U
856:8:Attribute -> U
856:8:Name -> U
856:48:Name -> Func:homeassistant.components.zwave_js.api.websocket_add_node.forward_requested_grant
857:8:Call -> U
857:8:Attribute -> U
857:8:Name -> U
857:36:Name -> Func:homeassistant.components.zwave_js.api.websocket_add_node.node_found
858:8:Call -> U
858:8:Attribute -> U
858:8:Name -> U
858:36:Name -> Func:homeassistant.components.zwave_js.api.websocket_add_node.node_added
859:8:Call -> U
859:8:Name -> U
860:12:Name -> U
860:18:Name -> Const:str:'zwave_js_device_added_to_registry'
860:50:Name -> Func:homeassistant.components.zwave_js.api.websocket_add_node.device_registered
863:4:Name -> U
863:8:Name -> Const:str:'unsubs'
863:28:Name -> List:8
865:7:Attribute -> U
865:7:Name -> U
865:38:Attribute -> U
865:38:Name -> U
865:64:Attribute -> U
865:64:Name -> U
866:8:Call -> U
866:8:Attribute -> U
866:8:Name -> U
867:12:Name -> U
867:16:Name -> Const:str:'id'
871:20:Call -> U
871:20:Attribute -> U
871:20:Attribute -> U
871:20:Name -> U
872:15:Attribute -> U
872:15:Name -> U
872:30:Attribute -> U
872:30:Name -> U
872:54:Attribute -> U
872:54:Name -> U
873:16:Call -> Const:NoneType:None
873:16:Name -> Func:homeassistant.components.zwave_js.api.websocket_add_node.forward_node_added
874:20:Name -> U
875:24:Attribute -> U
875:24:Name -> U
880:27:Call -> U
880:27:Attribute -> U
880:27:Name -> U
881:16:Name -> Dict:4
881:51:Attribute -> U
881:51:Name -> U
882:31:Name -> U
883:29:Name -> U
884:20:Name -> U
886:15:Name -> Class:builtins.ValueError
887:12:Call -> U
887:12:Attribute -> U
887:12:Name -> U
888:16:Name -> U
888:20:Name -> Const:str:'id'
889:16:Name -> Const:str:'invalid_format'
890:16:Attribute -> Tuple:0
890:16:Name -> ExcInst:builtins.ValueError
894:8:Call -> U
894:8:Attribute -> U
894:8:Name -> U
895:12:Name -> U
895:16:Name -> Const:str:'id'
896:12:Name -> U
900:1:Attribute -> Func:homeassistant.components.websocket_api.decorators.require_admin
900:1:Name -> Module:homeassistant.components.websocket_api
901:1:Call -> Func:homeassistant.components.websocket_api.decorators.websocket_command.decorate
901:1:Attribute -> Func:homeassistant.components.websocket_api.decorators.websocket_command
901:1:Name -> Module:homeassistant.components.websocket_api
903:8:Call -> U
903:8:Attribute -> U
903:8:Name -> U
903:21:Name -> Const:str:'type'
904:8:Call -> U
904:8:Attribute -> U
904:8:Name -> U
904:21:Name -> Const:str:'entry_id'
904:32:Name -> Class:builtins.str
907:1:Attribute -> Func:homeassistant.components.websocket_api.decorators.async_response
907:1:Name -> Module:homeassistant.components.websocket_api
908:1:Name -> Func:homeassistant.components.zwave_js.api.async_handle_failed_command
909:1:Name -> Func:homeassistant.components.zwave_js.api.async_get_entry
911:10:Name -> U
912:16:Name -> Class:homeassistant.components.websocket_api.connection.ActiveConnection
913:9:Name -> Class:builtins.dict
913:14:Name -> Class:builtins.str
913:19:Name -> Class:typing.Any
914:11:Name -> U
915:12:Name -> U
916:12:Name -> U
919:10:Call -> U
919:10:Attribute -> U
919:10:Attribute -> U
919:10:Name -> U
920:4:Call -> U
920:4:Attribute -> U
920:4:Name -> U
920:27:Name -> U
920:31:Name -> Const:str:'id'
923:1:Attribute -> Func:homeassistant.components.websocket_api.decorators.require_admin
923:1:Name -> Module:homeassistant.components.websocket_api
924:1:Call -> Func:homeassistant.components.websocket_api.decorators.websocket_command.decorate
924:1:Attribute -> Func:homeassistant.components.websocket_api.decorators.websocket_command
924:1:Name -> Module:homeassistant.components.websocket_api
926:8:Call -> U
926:8:Attribute -> U
926:8:Name -> U
926:21:Name -> Const:str:'type'
927:8:Call -> U
927:8:Attribute -> U
927:8:Name -> U
927:21:Name -> Const:str:'entry_id'
927:32:Name -> Class:builtins.str
930:1:Attribute -> Func:homeassistant.components.websocket_api.decorators.async_response
930:1:Name -> Module:homeassistant.components.websocket_api
931:1:Name -> Func:homeassistant.components.zwave_js.api.async_handle_failed_command
932:1:Name -> Func:homeassistant.components.zwave_js.api.async_get_entry
934:10:Name -> U
935:16:Name -> Class:homeassistant.components.websocket_api.connection.ActiveConnection
936:9:Name -> Class:builtins.dict
936:14:Name -> Class:builtins.str
936:19:Name -> Class:typing.Any
937:11:Name -> U
938:12:Name -> U
939:12:Name -> U
943:5:Name -> U
945:21:Name -> List:2
946:12:Call -> U
946:12:Name -> U
948:5:Name -> U
949:27:Name -> Class:builtins.dict
950:8:Call -> U
950:8:Attribute -> U
950:8:Name -> U
951:12:Call -> U
951:12:Attribute -> U
951:12:Name -> Module:homeassistant.components.websocket_api
952:16:Name -> U
952:20:Name -> Const:str:'id'
952:35:Name -> U
952:58:Name -> U
956:5:Name -> U
957:38:Name -> Class:builtins.dict
959:8:Call -> U
959:8:Attribute -> U
959:8:Name -> U
960:12:Call -> U
960:12:Attribute -> U
960:12:Attribute -> U
960:12:Name -> U
960:59:Name -> U
963:4:Attribute -> U
963:4:Name -> U
963:29:Name -> U
963:42:Name -> Func:homeassistant.components.zwave_js.api.websocket_subscribe_s2_inclusion.async_cleanup
964:4:Name -> U
964:8:Name -> Const:str:'unsubs'
965:8:Call -> U
965:8:Attribute -> U
965:8:Attribute -> U
965:8:Name -> U
965:55:Name -> Func:homeassistant.components.zwave_js.api.websocket_subscribe_s2_inclusion.handle_requested_grant
966:8:Call -> U
966:8:Attribute -> U
966:8:Attribute -> U
966:8:Name -> U
966:59:Name -> Func:homeassistant.components.zwave_js.api.websocket_subscribe_s2_inclusion.forward_dsk
968:4:Call -> U
968:4:Attribute -> U
968:4:Name -> U
968:27:Name -> U
968:31:Name -> Const:str:'id'
971:1:Attribute -> Func:homeassistant.components.websocket_api.decorators.require_admin
971:1:Name -> Module:homeassistant.components.websocket_api
972:1:Call -> Func:homeassistant.components.websocket_api.decorators.websocket_command.decorate
972:1:Attribute -> Func:homeassistant.components.websocket_api.decorators.websocket_command
972:1:Name -> Module:homeassistant.components.websocket_api
974:8:Call -> U
974:8:Attribute -> U
974:8:Name -> U
974:21:Name -> Const:str:'type'
975:8:Call -> U
975:8:Attribute -> U
975:8:Name -> U
975:21:Name -> Const:str:'entry_id'
975:32:Name -> Class:builtins.str
976:8:Call -> U
976:8:Attribute -> U
976:8:Name -> U
976:21:Name -> Const:str:'securityClasses'
976:40:Call -> U
976:40:Attribute -> U
976:40:Name -> U
977:12:Attribute -> Func:homeassistant.helpers.config_validation.ensure_list | Func:homeassistant.helpers.config_validation.ensure_list | Func:homeassistant.helpers.config_validation.ensure_list | Func:homeassistant.helpers.config_validation.ensure_list
977:12:Name -> Module:homeassistant.helpers.config_validation
978:13:Call -> U
978:13:Attribute -> U
978:13:Name -> U
978:24:Name -> U
980:8:Call -> U
980:8:Attribute -> U
980:8:Name -> U
980:21:Name -> Const:str:'clientSideAuth'
980:55:Name -> Class:builtins.bool
983:1:Attribute -> Func:homeassistant.components.websocket_api.decorators.async_response
983:1:Name -> Module:homeassistant.components.websocket_api
984:1:Name -> Func:homeassistant.components.zwave_js.api.async_handle_failed_command
985:1:Name -> Func:homeassistant.components.zwave_js.api.async_get_entry
987:10:Name -> U
988:16:Name -> Class:homeassistant.components.websocket_api.connection.ActiveConnection
989:9:Name -> Class:builtins.dict
989:14:Name -> Class:builtins.str
989:19:Name -> Class:typing.Any
990:11:Name -> U
991:12:Name -> U
992:12:Name -> U
995:22:Call -> U
995:22:Name -> U
996:9:Call -> U
996:9:Name -> U
996:23:Name -> U
996:47:Name -> U
996:51:Name -> Const:str:'securityClasses'
997:8:Name -> U
997:12:Name -> Const:str:'clientSideAuth'
999:10:Call -> U
999:10:Attribute -> U
999:10:Attribute -> U
999:10:Name -> U
999:57:Name -> U
1000:4:Call -> U
1000:4:Attribute -> U
1000:4:Name -> U
1000:27:Name -> U
1000:31:Name -> Const:str:'id'
1003:1:Attribute -> Func:homeassistant.components.websocket_api.decorators.require_admin
1003:1:Name -> Module:homeassistant.components.websocket_api
1004:1:Call -> Func:homeassistant.components.websocket_api.decorators.websocket_command.decorate
1004:1:Attribute -> Func:homeassistant.components.websocket_api.decorators.websocket_command
1004:1:Name -> Module:homeassistant.components.websocket_api
1006:8:Call -> U
1006:8:Attribute -> U
1006:8:Name -> U
1006:21:Name -> Const:str:'type'
1007:8:Call -> U
1007:8:Attribute -> U
1007:8:Name -> U
1007:21:Name -> Const:str:'entry_id'
1007:32:Name -> Class:builtins.str
1008:8:Call -> U
1008:8:Attribute -> U
1008:8:Name -> U
1008:21:Name -> Const:str:'pin'
1008:27:Name -> Class:builtins.str
1011:1:Attribute -> Func:homeassistant.components.websocket_api.decorators.async_response
1011:1:Name -> Module:homeassistant.components.websocket_api
1012:1:Name -> Func:homeassistant.components.zwave_js.api.async_handle_failed_command
1013:1:Name -> Func:homeassistant.components.zwave_js.api.async_get_entry
1015:10:Name -> U
1016:16:Name -> Class:homeassistant.components.websocket_api.connection.ActiveConnection
1017:9:Name -> Class:builtins.dict
1017:14:Name -> Class:builtins.str
1017:19:Name -> Class:typing.Any
1018:11:Name -> U
1019:12:Name -> U
1020:12:Name -> U
1023:10:Call -> U
1023:10:Attribute -> U
1023:10:Attribute -> U
1023:10:Name -> U
1023:61:Name -> U
1023:65:Name -> Const:str:'pin'
1024:4:Call -> U
1024:4:Attribute -> U
1024:4:Name -> U
1024:27:Name -> U
1024:31:Name -> Const:str:'id'
1027:1:Attribute -> Func:homeassistant.components.websocket_api.decorators.require_admin
1027:1:Name -> Module:homeassistant.components.websocket_api
1028:1:Call -> Func:homeassistant.components.websocket_api.decorators.websocket_command.decorate
1028:1:Attribute -> Func:homeassistant.components.websocket_api.decorators.websocket_command
1028:1:Name -> Module:homeassistant.components.websocket_api
1030:8:Call -> U
1030:8:Attribute -> U
1030:8:Name -> U
1030:21:Name -> Const:str:'type'
1031:8:Call -> U
1031:8:Attribute -> U
1031:8:Name -> U
1031:21:Name -> Const:str:'entry_id'
1031:32:Name -> Class:builtins.str
1034:1:Attribute -> Func:homeassistant.components.websocket_api.decorators.async_response
1034:1:Name -> Module:homeassistant.components.websocket_api
1036:10:Name -> U
1037:16:Name -> Class:homeassistant.components.websocket_api.connection.ActiveConnection
1038:9:Name -> Class:builtins.dict
1038:14:Name -> Class:builtins.str
1038:19:Name -> Class:typing.Any
1042:5:Name -> U
1044:21:Name -> List:1
1045:12:Call -> U
1045:12:Name -> U
1047:5:Name -> U
1048:34:Attribute -> U
1048:34:Name -> U
1050:20:Attribute -> U
1050:20:Name -> U
1051:18:Attribute -> U
1051:18:Name -> U
1052:28:Attribute -> U
1052:28:Name -> U
1053:21:Attribute -> U
1053:21:Name -> U
1055:8:Call -> U
1055:8:Attribute -> U
1055:8:Name -> U
1056:12:Call -> U
1056:12:Attribute -> U
1056:12:Name -> Module:homeassistant.components.websocket_api
1057:16:Name -> U
1057:20:Name -> Const:str:'id'
1057:66:Name -> Dict:4
1061:4:Attribute -> U
1061:4:Name -> U
1061:29:Name -> U
1061:42:Name -> Func:homeassistant.components.zwave_js.api.websocket_subscribe_new_devices.async_cleanup
1062:4:Name -> U
1062:8:Name -> Const:str:'unsubs'
1063:8:Call -> U
1063:8:Name -> U
1064:12:Name -> U
1064:18:Name -> Const:str:'zwave_js_device_added_to_registry'
1064:50:Name -> Func:homeassistant.components.zwave_js.api.websocket_subscribe_new_devices.device_registered
1067:4:Call -> U
1067:4:Attribute -> U
1067:4:Name -> U
1067:27:Name -> U
1067:31:Name -> Const:str:'id'
1070:1:Attribute -> Func:homeassistant.components.websocket_api.decorators.require_admin
1070:1:Name -> Module:homeassistant.components.websocket_api
1071:1:Call -> Func:homeassistant.components.websocket_api.decorators.websocket_command.decorate
1071:1:Attribute -> Func:homeassistant.components.websocket_api.decorators.websocket_command
1071:1:Name -> Module:homeassistant.components.websocket_api
1073:8:Call -> U
1073:8:Attribute -> U
1073:8:Name -> U
1073:21:Name -> Const:str:'type'
1074:8:Call -> U
1074:8:Attribute -> U
1074:8:Name -> U
1074:21:Name -> Const:str:'entry_id'
1074:32:Name -> Class:builtins.str
1075:8:Call -> U
1075:8:Attribute -> U
1075:8:Name -> U
1075:21:Name -> Const:str:'qr_provisioning_information'
1075:51:Name -> U
1076:8:Call -> U
1076:8:Attribute -> U
1076:8:Name -> U
1076:21:Name -> Const:str:'protocol'
1076:32:Call -> U
1076:32:Attribute -> U
1076:32:Name -> U
1076:43:Name -> U
1077:8:Call -> U
1077:8:Attribute -> U
1077:8:Name -> U
1077:21:Name -> Const:str:'device_name'
1077:35:Name -> Class:builtins.str
1078:8:Call -> U
1078:8:Attribute -> U
1078:8:Name -> U
1078:21:Name -> Const:str:'area_id'
1078:31:Name -> Class:builtins.str
1081:1:Attribute -> Func:homeassistant.components.websocket_api.decorators.async_response
1081:1:Name -> Module:homeassistant.components.websocket_api
1082:1:Name -> Func:homeassistant.components.zwave_js.api.async_handle_failed_command
1083:1:Name -> Func:homeassistant.components.zwave_js.api.async_get_entry
1085:10:Name -> U
1086:16:Name -> Class:homeassistant.components.websocket_api.connection.ActiveConnection
1087:9:Name -> Class:builtins.dict
1087:14:Name -> Class:builtins.str
1087:19:Name -> Class:typing.Any
1088:11:Name -> U
1089:12:Name -> U
1090:12:Name -> U
1093:14:Name -> U
1093:18:Name -> Const:str:'qr_provisioning_information'
1095:7:Attribute -> U
1095:7:Name -> U
1095:26:Attribute -> U
1095:26:Name -> U
1096:8:Call -> U
1096:8:Attribute -> U
1096:8:Name -> U
1097:12:Name -> U
1097:16:Name -> Const:str:'id'
1098:12:Name -> Const:str:'invalid_format'
1103:28:Attribute -> U
1103:28:Name -> U
1107:22:Call -> U
1107:22:Attribute -> U
1107:22:Name -> U
1107:30:Name -> Const:str:'device_name'
1108:18:Call -> U
1108:18:Attribute -> U
1108:18:Name -> U
1108:31:Name -> U
1111:29:Name -> Const:str:'zwave_js'
1111:50:Attribute -> U
1111:50:Name -> U
1116:28:Call -> U
1116:28:Attribute -> U
1116:28:Attribute -> U
1116:28:Name -> U
1117:12:Attribute -> U
1117:12:Name -> U
1118:12:Attribute -> U
1118:12:Name -> U
1119:12:Attribute -> U
1119:12:Name -> U
1121:11:Name -> U
1122:27:Attribute -> U
1122:27:Name -> U
1123:20:Attribute -> U
1123:20:Name -> U
1126:17:Call -> U
1126:17:Attribute -> U
1126:17:Name -> U
1127:28:Attribute -> U
1127:28:Name -> U
1128:25:Name -> Tuple:2
1129:17:Name -> U
1130:25:Name -> Const:NoneType:None | U
1131:18:Name -> Const:NoneType:None | U
1133:15:Attribute -> U
1133:15:Attribute -> U
1133:15:Name -> U
1132:23:Call -> Tuple:2
1132:23:Name -> Func:homeassistant.components.zwave_js.helpers.get_device_id
1132:37:Name -> U
1132:45:Attribute -> U
1132:45:Attribute -> U
1132:45:Name -> U
1136:8:Call -> U
1136:8:Attribute -> U
1136:8:Name -> U
1137:12:Attribute -> U
1137:12:Name -> U
1137:31:Call -> U
1137:31:Attribute -> U
1137:31:Name -> U
1137:39:Name -> Const:str:'area_id'
1137:62:Name -> U
1139:8:Name -> U
1139:45:Attribute -> U
1139:45:Name -> U
1141:10:Call -> U
1141:10:Attribute -> U
1141:10:Attribute -> U
1141:10:Name -> U
1142:8:Call -> U
1142:8:Name -> U
1143:16:Attribute -> U
1143:16:Name -> U
1144:29:Attribute -> U
1144:29:Name -> U
1145:39:Attribute -> U
1145:39:Name -> U
1146:21:Call -> U
1146:21:Attribute -> U
1146:21:Name -> U
1146:29:Name -> Const:str:'protocol'
1147:34:Name -> U
1150:7:Name -> Const:NoneType:None | U
1151:8:Call -> U
1151:8:Attribute -> U
1151:8:Name -> U
1151:31:Name -> U
1151:35:Name -> Const:str:'id'
1151:40:Attribute -> U
1151:40:Name -> U
1153:8:Call -> U
1153:8:Attribute -> U
1153:8:Name -> U
1153:31:Name -> U
1153:35:Name -> Const:str:'id'
1156:1:Attribute -> Func:homeassistant.components.websocket_api.decorators.require_admin
1156:1:Name -> Module:homeassistant.components.websocket_api
1157:1:Call -> Func:homeassistant.components.websocket_api.decorators.websocket_command.decorate
1157:1:Attribute -> Func:homeassistant.components.websocket_api.decorators.websocket_command
1157:1:Name -> Module:homeassistant.components.websocket_api
1159:8:Call -> U
1159:8:Attribute -> U
1159:8:Name -> U
1159:21:Name -> Const:str:'type'
1160:8:Call -> U
1160:8:Attribute -> U
1160:8:Name -> U
1160:21:Name -> Const:str:'entry_id'
1160:32:Name -> Class:builtins.str
1161:8:Call -> U
1161:8:Attribute -> U
1161:8:Name -> U
1161:22:Name -> Const:str:'dsk'
1161:37:Name -> Class:builtins.str
1162:8:Call -> U
1162:8:Attribute -> U
1162:8:Name -> U
1162:22:Name -> Const:str:'node_id'
1162:41:Name -> Class:builtins.int
1165:1:Attribute -> Func:homeassistant.components.websocket_api.decorators.async_response
1165:1:Name -> Module:homeassistant.components.websocket_api
1166:1:Name -> Func:homeassistant.components.zwave_js.api.async_handle_failed_command
1167:1:Name -> Func:homeassistant.components.zwave_js.api.async_get_entry
1169:10:Name -> U
1170:16:Name -> Class:homeassistant.components.websocket_api.connection.ActiveConnection
1171:9:Name -> Class:builtins.dict
1171:14:Name -> Class:builtins.str
1171:19:Name -> Class:typing.Any
1172:11:Name -> U
1173:12:Name -> U
1174:12:Name -> U
1178:8:Call -> U
1178:8:Call -> Func:homeassistant.helpers.config_validation.has_at_least_one_key.validate
1178:8:Attribute -> Func:homeassistant.helpers.config_validation.has_at_least_one_key
1178:8:Name -> Module:homeassistant.helpers.config_validation
1178:32:Name -> Const:str:'dsk'
1178:37:Name -> Const:str:'node_id'
1178:46:Name -> U
1179:11:Attribute -> U
1179:11:Name -> U
1180:8:Call -> U
1180:8:Attribute -> U
1180:8:Name -> U
1181:12:Name -> U
1181:16:Name -> Const:str:'id'
1182:12:Name -> Const:str:'invalid_format'
1183:12:Attribute -> U
1183:12:Name -> U
1186:21:Call -> U
1186:21:Attribute -> U
1186:21:Name -> U
1186:29:Name -> Const:str:'dsk'
1186:37:Name -> U
1186:41:Name -> Const:str:'node_id'
1187:31:Call -> U
1187:31:Attribute -> U
1187:31:Attribute -> U
1187:31:Name -> U
1188:8:Name -> U
1191:8:Name -> U
1192:12:Attribute -> U
1192:12:Name -> U
1193:27:Attribute -> U
1193:27:Name -> U
1195:29:Name -> Const:str:'zwave_js'
1195:50:Attribute -> U
1195:50:Name -> U
1196:20:Attribute -> U
1196:20:Name -> U
1197:18:Call -> U
1197:18:Attribute -> U
1197:18:Name -> U
1197:31:Name -> U
1198:17:Call -> U
1198:17:Attribute -> U
1198:17:Name -> U
1198:35:Name -> U
1199:11:Name -> U
1199:22:Attribute -> U
1199:22:Name -> U
1199:45:Name -> Tuple:2
1201:12:Call -> U
1201:12:Attribute -> U
1201:12:Name -> U
1201:40:Name -> U
1203:10:Call -> U
1203:10:Attribute -> U
1203:10:Attribute -> U
1203:10:Name -> U
1203:63:Name -> U
1205:4:Call -> U
1205:4:Attribute -> U
1205:4:Name -> U
1205:27:Name -> U
1205:31:Name -> Const:str:'id'
1208:1:Attribute -> Func:homeassistant.components.websocket_api.decorators.require_admin
1208:1:Name -> Module:homeassistant.components.websocket_api
1209:1:Call -> Func:homeassistant.components.websocket_api.decorators.websocket_command.decorate
1209:1:Attribute -> Func:homeassistant.components.websocket_api.decorators.websocket_command
1209:1:Name -> Module:homeassistant.components.websocket_api
1211:8:Call -> U
1211:8:Attribute -> U
1211:8:Name -> U
1211:21:Name -> Const:str:'type'
1212:8:Call -> U
1212:8:Attribute -> U
1212:8:Name -> U
1212:21:Name -> Const:str:'entry_id'
1212:32:Name -> Class:builtins.str
1215:1:Attribute -> Func:homeassistant.components.websocket_api.decorators.async_response
1215:1:Name -> Module:homeassistant.components.websocket_api
1216:1:Name -> Func:homeassistant.components.zwave_js.api.async_handle_failed_command
1217:1:Name -> Func:homeassistant.components.zwave_js.api.async_get_entry
1219:10:Name -> U
1220:16:Name -> Class:homeassistant.components.websocket_api.connection.ActiveConnection
1221:9:Name -> Class:builtins.dict
1221:14:Name -> Class:builtins.str
1221:19:Name -> Class:typing.Any
1222:11:Name -> U
1223:12:Name -> U
1224:12:Name -> U
1227:33:Call -> U
1227:33:Attribute -> U
1227:33:Attribute -> U
1227:33:Name -> U
1228:4:Call -> U
1228:4:Attribute -> U
1228:4:Name -> U
1228:27:Name -> U
1228:31:Name -> Const:str:'id'
1228:37:Call -> U
1228:37:Attribute -> U
1228:37:Name -> U
1228:66:Name -> U
1231:1:Attribute -> Func:homeassistant.components.websocket_api.decorators.require_admin
1231:1:Name -> Module:homeassistant.components.websocket_api
1232:1:Call -> Func:homeassistant.components.websocket_api.decorators.websocket_command.decorate
1232:1:Attribute -> Func:homeassistant.components.websocket_api.decorators.websocket_command
1232:1:Name -> Module:homeassistant.components.websocket_api
1234:8:Call -> U
1234:8:Attribute -> U
1234:8:Name -> U
1234:21:Name -> Const:str:'type'
1235:8:Call -> U
1235:8:Attribute -> U
1235:8:Name -> U
1235:21:Name -> Const:str:'entry_id'
1235:32:Name -> Class:builtins.str
1236:8:Call -> U
1236:8:Attribute -> U
1236:8:Name -> U
1236:21:Name -> Const:str:'qr_code_string'
1236:38:Name -> U
1239:1:Attribute -> Func:homeassistant.components.websocket_api.decorators.async_response
1239:1:Name -> Module:homeassistant.components.websocket_api
1240:1:Name -> Func:homeassistant.components.zwave_js.api.async_handle_failed_command
1241:1:Name -> Func:homeassistant.components.zwave_js.api.async_get_entry
1243:10:Name -> U
1244:16:Name -> Class:homeassistant.components.websocket_api.connection.ActiveConnection
1245:9:Name -> Class:builtins.dict
1245:14:Name -> Class:builtins.str
1245:19:Name -> Class:typing.Any
1246:11:Name -> U
1247:12:Name -> U
1248:12:Name -> U
1251:40:Call -> U
1251:40:Name -> U
1252:8:Name -> U
1252:16:Name -> U
1252:20:Name -> Const:str:'qr_code_string'
1254:4:Call -> U
1254:4:Attribute -> U
1254:4:Name -> U
1254:27:Name -> U
1254:31:Name -> Const:str:'id'
1254:36:Call -> U
1254:36:Attribute -> U
1254:36:Name -> U
1257:1:Attribute -> Func:homeassistant.components.websocket_api.decorators.require_admin
1257:1:Name -> Module:homeassistant.components.websocket_api
1258:1:Call -> Func:homeassistant.components.websocket_api.decorators.websocket_command.decorate
1258:1:Attribute -> Func:homeassistant.components.websocket_api.decorators.websocket_command
1258:1:Name -> Module:homeassistant.components.websocket_api
1260:8:Call -> U
1260:8:Attribute -> U
1260:8:Name -> U
1260:21:Name -> Const:str:'type'
1261:8:Call -> U
1261:8:Attribute -> U
1261:8:Name -> U
1261:21:Name -> Const:str:'entry_id'
1261:32:Name -> Class:builtins.str
1262:8:Call -> U
1262:8:Attribute -> U
1262:8:Name -> U
1262:21:Name -> Const:str:'qr_code_string'
1262:38:Name -> Class:builtins.str
1265:1:Attribute -> Func:homeassistant.components.websocket_api.decorators.async_response
1265:1:Name -> Module:homeassistant.components.websocket_api
1266:1:Name -> Func:homeassistant.components.zwave_js.api.async_handle_failed_command
1267:1:Name -> Func:homeassistant.components.zwave_js.api.async_get_entry
1269:10:Name -> U
1270:16:Name -> Class:homeassistant.components.websocket_api.connection.ActiveConnection
1271:9:Name -> Class:builtins.dict
1271:14:Name -> Class:builtins.str
1271:19:Name -> Class:typing.Any
1272:11:Name -> U
1273:12:Name -> U
1274:12:Name -> U
1277:4:Call -> U
1277:4:Attribute -> U
1277:4:Name -> U
1278:8:Name -> U
1278:12:Name -> Const:str:'id'
1279:14:Call -> U
1279:14:Name -> U
1279:54:Name -> U
1279:62:Name -> U
1279:66:Name -> Const:str:'qr_code_string'
1283:1:Attribute -> Func:homeassistant.components.websocket_api.decorators.require_admin
1283:1:Name -> Module:homeassistant.components.websocket_api
1284:1:Call -> Func:homeassistant.components.websocket_api.decorators.websocket_command.decorate
1284:1:Attribute -> Func:homeassistant.components.websocket_api.decorators.websocket_command
1284:1:Name -> Module:homeassistant.components.websocket_api
1286:8:Call -> U
1286:8:Attribute -> U
1286:8:Name -> U
1286:21:Name -> Const:str:'type'
1287:8:Call -> U
1287:8:Attribute -> U
1287:8:Name -> U
1287:21:Name -> Const:str:'entry_id'
1287:32:Name -> Class:builtins.str
1288:8:Call -> U
1288:8:Attribute -> U
1288:8:Name -> U
1288:21:Name -> Const:str:'manufacturerId'
1288:39:Name -> Class:builtins.int
1289:8:Call -> U
1289:8:Attribute -> U
1289:8:Name -> U
1289:21:Name -> Const:str:'productType'
1289:36:Name -> Class:builtins.int
1290:8:Call -> U
1290:8:Attribute -> U
1290:8:Name -> U
1290:21:Name -> Const:str:'productId'
1290:34:Name -> Class:builtins.int
1291:8:Call -> U
1291:8:Attribute -> U
1291:8:Name -> U
1291:21:Name -> Const:str:'applicationVersion'
1291:43:Name -> Class:builtins.str
1294:1:Attribute -> Func:homeassistant.components.websocket_api.decorators.async_response
1294:1:Name -> Module:homeassistant.components.websocket_api
1295:1:Name -> Func:homeassistant.components.zwave_js.api.async_handle_failed_command
1296:1:Name -> Func:homeassistant.components.zwave_js.api.async_get_entry
1298:10:Name -> U
1299:16:Name -> Class:homeassistant.components.websocket_api.connection.ActiveConnection
1300:9:Name -> Class:builtins.dict
1300:14:Name -> Class:builtins.str
1300:19:Name -> Class:typing.Any
1301:11:Name -> U
1302:12:Name -> U
1303:12:Name -> U
1306:19:Call -> U
1306:19:Attribute -> U
1306:19:Attribute -> U
1306:19:Name -> U
1307:8:Name -> U
1307:12:Name -> Const:str:'manufacturerId'
1308:8:Name -> U
1308:12:Name -> Const:str:'productType'
1309:8:Name -> U
1309:12:Name -> Const:str:'productId'
1310:8:Call -> U
1310:8:Attribute -> U
1310:8:Name -> U
1310:16:Name -> Const:str:'applicationVersion'
1312:7:Name -> U
1313:8:Call -> U
1313:8:Attribute -> U
1313:8:Name -> U
1313:30:Name -> U
1313:34:Name -> Const:str:'id'
1313:39:Name -> Const:str:'not_found'
1315:8:Call -> U
1315:8:Attribute -> U
1315:8:Name -> U
1315:31:Name -> U
1315:35:Name -> Const:str:'id'
1315:40:Call -> U
1315:40:Attribute -> U
1315:40:Name -> U
1318:1:Attribute -> Func:homeassistant.components.websocket_api.decorators.require_admin
1318:1:Name -> Module:homeassistant.components.websocket_api
1319:1:Call -> Func:homeassistant.components.websocket_api.decorators.websocket_command.decorate
1319:1:Attribute -> Func:homeassistant.components.websocket_api.decorators.websocket_command
1319:1:Name -> Module:homeassistant.components.websocket_api
1321:8:Call -> U
1321:8:Attribute -> U
1321:8:Name -> U
1321:21:Name -> Const:str:'type'
1322:8:Call -> U
1322:8:Attribute -> U
1322:8:Name -> U
1322:21:Name -> Const:str:'entry_id'
1322:32:Name -> Class:builtins.str
1323:8:Call -> U
1323:8:Attribute -> U
1323:8:Name -> U
1323:21:Name -> Const:str:'feature'
1323:31:Call -> U
1323:31:Attribute -> U
1323:31:Name -> U
1323:42:Name -> U
1326:1:Attribute -> Func:homeassistant.components.websocket_api.decorators.async_response
1326:1:Name -> Module:homeassistant.components.websocket_api
1327:1:Name -> Func:homeassistant.components.zwave_js.api.async_handle_failed_command
1328:1:Name -> Func:homeassistant.components.zwave_js.api.async_get_entry
1330:10:Name -> U
1331:16:Name -> Class:homeassistant.components.websocket_api.connection.ActiveConnection
1332:9:Name -> Class:builtins.dict
1332:14:Name -> Class:builtins.str
1332:19:Name -> Class:typing.Any
1333:11:Name -> U
1334:12:Name -> U
1335:12:Name -> U
1338:22:Call -> U
1338:22:Attribute -> U
1338:22:Attribute -> U
1338:22:Name -> U
1338:63:Name -> U
1338:67:Name -> Const:str:'feature'
1339:4:Call -> U
1339:4:Attribute -> U
1339:4:Name -> U
1340:8:Name -> U
1340:12:Name -> Const:str:'id'
1341:22:Name -> U
1345:1:Attribute -> Func:homeassistant.components.websocket_api.decorators.require_admin
1345:1:Name -> Module:homeassistant.components.websocket_api
1346:1:Call -> Func:homeassistant.components.websocket_api.decorators.websocket_command.decorate
1346:1:Attribute -> Func:homeassistant.components.websocket_api.decorators.websocket_command
1346:1:Name -> Module:homeassistant.components.websocket_api
1348:8:Call -> U
1348:8:Attribute -> U
1348:8:Name -> U
1348:21:Name -> Const:str:'type'
1349:8:Call -> U
1349:8:Attribute -> U
1349:8:Name -> U
1349:21:Name -> Const:str:'entry_id'
1349:32:Name -> Class:builtins.str
1352:1:Attribute -> Func:homeassistant.components.websocket_api.decorators.async_response
1352:1:Name -> Module:homeassistant.components.websocket_api
1353:1:Name -> Func:homeassistant.components.zwave_js.api.async_handle_failed_command
1354:1:Name -> Func:homeassistant.components.zwave_js.api.async_get_entry
1356:10:Name -> U
1357:16:Name -> Class:homeassistant.components.websocket_api.connection.ActiveConnection
1358:9:Name -> Class:builtins.dict
1358:14:Name -> Class:builtins.str
1358:19:Name -> Class:typing.Any
1359:11:Name -> U
1360:12:Name -> U
1361:12:Name -> U
1364:17:Attribute -> U
1364:17:Name -> U
1365:19:Call -> U
1365:19:Attribute -> U
1365:19:Name -> U
1366:4:Call -> U
1366:4:Attribute -> U
1366:4:Name -> U
1367:8:Name -> U
1367:12:Name -> Const:str:'id'
1368:8:Name -> U
1372:1:Attribute -> Func:homeassistant.components.websocket_api.decorators.require_admin
1372:1:Name -> Module:homeassistant.components.websocket_api
1373:1:Call -> Func:homeassistant.components.websocket_api.decorators.websocket_command.decorate
1373:1:Attribute -> Func:homeassistant.components.websocket_api.decorators.websocket_command
1373:1:Name -> Module:homeassistant.components.websocket_api
1375:8:Call -> U
1375:8:Attribute -> U
1375:8:Name -> U
1375:21:Name -> Const:str:'type'
1376:8:Call -> U
1376:8:Attribute -> U
1376:8:Name -> U
1376:21:Name -> Const:str:'entry_id'
1376:32:Name -> Class:builtins.str
1379:1:Attribute -> Func:homeassistant.components.websocket_api.decorators.async_response
1379:1:Name -> Module:homeassistant.components.websocket_api
1380:1:Name -> Func:homeassistant.components.zwave_js.api.async_handle_failed_command
1381:1:Name -> Func:homeassistant.components.zwave_js.api.async_get_entry
1383:10:Name -> U
1384:16:Name -> Class:homeassistant.components.websocket_api.connection.ActiveConnection
1385:9:Name -> Class:builtins.dict
1385:14:Name -> Class:builtins.str
1385:19:Name -> Class:typing.Any
1386:11:Name -> U
1387:12:Name -> U
1388:12:Name -> U
1391:17:Attribute -> U
1391:17:Name -> U
1392:19:Call -> U
1392:19:Attribute -> U
1392:19:Name -> U
1393:4:Call -> U
1393:4:Attribute -> U
1393:4:Name -> U
1394:8:Name -> U
1394:12:Name -> Const:str:'id'
1395:8:Name -> U
1399:1:Attribute -> Func:homeassistant.components.websocket_api.decorators.require_admin
1399:1:Name -> Module:homeassistant.components.websocket_api
1400:1:Call -> Func:homeassistant.components.websocket_api.decorators.websocket_command.decorate
1400:1:Attribute -> Func:homeassistant.components.websocket_api.decorators.websocket_command
1400:1:Name -> Module:homeassistant.components.websocket_api
1402:8:Call -> U
1402:8:Attribute -> U
1402:8:Name -> U
1402:21:Name -> Const:str:'type'
1403:8:Call -> U
1403:8:Attribute -> U
1403:8:Name -> U
1403:21:Name -> Const:str:'entry_id'
1403:32:Name -> Class:builtins.str
1404:8:Call -> U
1404:8:Attribute -> U
1404:8:Name -> U
1404:21:Name -> Const:str:'strategy'
1404:32:Call -> U
1404:32:Attribute -> U
1404:32:Name -> U
1404:43:Name -> U
1407:1:Attribute -> Func:homeassistant.components.websocket_api.decorators.async_response
1407:1:Name -> Module:homeassistant.components.websocket_api
1408:1:Name -> Func:homeassistant.components.zwave_js.api.async_handle_failed_command
1409:1:Name -> Func:homeassistant.components.zwave_js.api.async_get_entry
1411:10:Name -> U
1412:16:Name -> Class:homeassistant.components.websocket_api.connection.ActiveConnection
1413:9:Name -> Class:builtins.dict
1413:14:Name -> Class:builtins.str
1413:19:Name -> Class:typing.Any
1414:11:Name -> U
1415:12:Name -> U
1416:12:Name -> U
1419:17:Attribute -> U
1419:17:Name -> U
1421:5:Name -> U
1424:21:Name -> List:4
1425:12:Call -> U
1425:12:Name -> U
1427:5:Name -> U
1428:29:Name -> Class:builtins.dict
1429:8:Call -> U
1429:8:Attribute -> U
1429:8:Name -> U
1430:12:Call -> U
1430:12:Attribute -> U
1430:12:Name -> Module:homeassistant.components.websocket_api
1430:40:Name -> U
1430:44:Name -> Const:str:'id'
1430:59:Name -> U
1433:5:Name -> U
1434:28:Name -> Class:builtins.dict
1435:15:Name -> U
1437:23:Attribute -> U
1437:23:Name -> U
1438:22:Name -> U
1441:8:Call -> U
1441:8:Attribute -> U
1441:8:Name -> U
1442:12:Call -> U
1442:12:Attribute -> U
1442:12:Name -> Module:homeassistant.components.websocket_api
1443:16:Name -> U
1443:20:Name -> Const:str:'id'
1443:59:Name -> Dict:2
1447:4:Attribute -> U
1447:4:Name -> U
1447:29:Name -> U
1447:42:Name -> Func:homeassistant.components.zwave_js.api.websocket_remove_node.async_cleanup
1448:4:Name -> U
1448:8:Name -> Const:str:'unsubs'
1449:8:Call -> U
1449:8:Attribute -> U
1449:8:Name -> U
1449:43:Name -> Func:homeassistant.components.zwave_js.api.websocket_remove_node.forward_event
1450:8:Call -> U
1450:8:Attribute -> U
1450:8:Name -> U
1450:42:Name -> Func:homeassistant.components.zwave_js.api.websocket_remove_node.forward_event
1451:8:Call -> U
1451:8:Attribute -> U
1451:8:Name -> U
1451:43:Name -> Func:homeassistant.components.zwave_js.api.websocket_remove_node.forward_event
1452:8:Call -> U
1452:8:Attribute -> U
1452:8:Name -> U
1452:38:Name -> Func:homeassistant.components.zwave_js.api.websocket_remove_node.node_removed
1455:19:Call -> U
1455:19:Attribute -> U
1455:19:Name -> U
1455:52:Call -> U
1455:52:Attribute -> U
1455:52:Name -> U
1455:60:Name -> Const:str:'strategy'
1456:4:Call -> U
1456:4:Attribute -> U
1456:4:Name -> U
1457:8:Name -> U
1457:12:Name -> Const:str:'id'
1458:8:Name -> U
1462:1:Attribute -> Func:homeassistant.components.websocket_api.decorators.require_admin
1462:1:Name -> Module:homeassistant.components.websocket_api
1463:1:Call -> Func:homeassistant.components.websocket_api.decorators.websocket_command.decorate
1463:1:Attribute -> Func:homeassistant.components.websocket_api.decorators.websocket_command
1463:1:Name -> Module:homeassistant.components.websocket_api
1465:8:Call -> U
1465:8:Attribute -> U
1465:8:Name -> U
1465:21:Name -> Const:str:'type'
1466:8:Call -> U
1466:8:Attribute -> U
1466:8:Name -> U
1466:21:Name -> Const:str:'device_id'
1466:33:Name -> Class:builtins.str
1467:8:Call -> U
1467:8:Attribute -> U
1467:8:Name -> U
1467:21:Name -> Const:str:'inclusion_strategy'
1467:49:Attribute -> U
1467:49:Name -> U
1467:77:Call -> U
1467:77:Attribute -> U
1467:77:Name -> U
1468:12:Call -> U
1468:12:Attribute -> U
1468:12:Name -> U
1468:23:Name -> Class:builtins.int
1469:12:Call -> U
1469:12:Attribute -> U
1469:12:Name -> U
1471:20:Attribute -> ERR
1471:20:Name -> ERR
1472:36:Name -> U
1473:23:Name -> ERR
1473:35:Attribute -> U
1473:35:Name -> U
1477:8:Call -> U
1477:8:Attribute -> U
1477:8:Name -> U
1477:21:Name -> Const:str:'force_security'
1477:38:Name -> Class:builtins.bool
1478:8:Call -> U
1478:8:Attribute -> U
1478:8:Name -> U
1479:12:Name -> Const:str:'planned_provisioning_entry'
1480:11:Name -> U
1481:8:Call -> U
1481:8:Attribute -> U
1481:8:Name -> U
1482:12:Name -> Const:str:'qr_provisioning_information'
1483:11:Name -> U
1484:8:Call -> U
1484:8:Attribute -> U
1484:8:Name -> U
1484:22:Name -> Const:str:'qr_code_string'
1484:50:Name -> U
1487:1:Attribute -> Func:homeassistant.components.websocket_api.decorators.async_response
1487:1:Name -> Module:homeassistant.components.websocket_api
1488:1:Name -> Func:homeassistant.components.zwave_js.api.async_handle_failed_command
1489:1:Name -> Func:homeassistant.components.zwave_js.api.async_get_node
1491:10:Name -> U
1492:16:Name -> Class:homeassistant.components.websocket_api.connection.ActiveConnection
1493:9:Name -> Class:builtins.dict
1493:14:Name -> Class:builtins.str
1493:19:Name -> Class:typing.Any
1494:10:Name -> U
1497:11:Attribute -> U
1497:11:Attribute -> U
1497:11:Name -> U
1498:17:Attribute -> U
1498:17:Attribute -> U
1498:17:Attribute -> U
1498:17:Name -> U
1499:25:Call -> U
1499:25:Name -> U
1499:43:Name -> U
1499:47:Name -> Const:str:'inclusion_strategy'
1500:21:Call -> U
1500:21:Attribute -> U
1500:21:Name -> U
1500:29:Name -> Const:str:'force_security'
1502:8:Call -> U
1502:8:Attribute -> U
1502:8:Name -> U
1502:16:Name -> Const:str:'planned_provisioning_entry'
1503:11:Call -> U
1503:11:Attribute -> U
1503:11:Name -> U
1503:19:Name -> Const:str:'qr_provisioning_information'
1504:11:Call -> U
1504:11:Attribute -> U
1504:11:Name -> U
1504:19:Name -> Const:str:'qr_code_string'
1507:5:Name -> U
1510:21:Name -> List:9
1511:12:Call -> U
1511:12:Name -> U
1513:5:Name -> U
1514:29:Name -> Class:builtins.dict
1515:8:Call -> U
1515:8:Attribute -> U
1515:8:Name -> U
1516:12:Call -> U
1516:12:Attribute -> U
1516:12:Name -> Module:homeassistant.components.websocket_api
1516:40:Name -> U
1516:44:Name -> Const:str:'id'
1516:59:Name -> U
1519:5:Name -> U
1520:27:Name -> Class:builtins.dict
1521:8:Call -> U
1521:8:Attribute -> U
1521:8:Name -> U
1522:12:Call -> U
1522:12:Attribute -> U
1522:12:Name -> Module:homeassistant.components.websocket_api
1523:16:Name -> U
1523:20:Name -> Const:str:'id'
1523:35:Name -> U
1523:58:Name -> U
1527:5:Name -> U
1528:39:Name -> Class:builtins.dict
1529:8:Call -> U
1529:8:Attribute -> U
1529:8:Name -> U
1530:12:Call -> U
1530:12:Attribute -> U
1530:12:Name -> Module:homeassistant.components.websocket_api
1531:16:Name -> U
1531:20:Name -> Const:str:'id'
1533:29:Name -> U
1534:39:Call -> U
1534:39:Attribute -> U
1534:39:Name -> U
1539:5:Name -> U
1540:29:Name -> Class:builtins.dict
1541:8:Call -> U
1541:8:Attribute -> U
1541:8:Name -> U
1542:12:Call -> U
1542:12:Attribute -> U
1542:12:Name -> Module:homeassistant.components.websocket_api
1543:16:Name -> U
1543:20:Name -> Const:str:'id'
1543:35:Name -> U
1543:60:Name -> U
1547:5:Name -> U
1548:26:Name -> Class:builtins.dict
1549:15:Name -> U
1551:23:Name -> U
1553:8:Call -> U
1553:8:Attribute -> U
1553:8:Name -> U
1554:12:Call -> U
1554:12:Attribute -> U
1554:12:Name -> Module:homeassistant.components.websocket_api
1555:16:Name -> U
1555:20:Name -> Const:str:'id'
1555:57:Name -> Dict:1
1559:5:Name -> U
1560:26:Name -> Class:builtins.dict
1561:15:Name -> U
1563:12:Call -> U
1563:12:Attribute -> U
1563:12:Name -> U
1563:41:Name -> Func:homeassistant.components.zwave_js.api.websocket_replace_failed_node.forward_event
1564:12:Call -> U
1564:12:Attribute -> U
1564:12:Name -> U
1564:43:Name -> Func:homeassistant.components.zwave_js.api.websocket_replace_failed_node.forward_event
1565:12:Call -> U
1565:12:Attribute -> U
1565:12:Name -> U
1565:49:Name -> Func:homeassistant.components.zwave_js.api.websocket_replace_failed_node.forward_stage
1566:12:Call -> U
1566:12:Attribute -> U
1566:12:Name -> U
1566:40:Name -> Func:homeassistant.components.zwave_js.api.websocket_replace_failed_node.forward_event
1568:8:Call -> ERR
1568:8:Attribute -> BM:builtins.list.extend
1568:8:Name -> List:9
1568:22:Name -> List:4
1570:23:Attribute -> U
1570:23:Name -> U
1571:22:Attribute -> U
1571:22:Name -> U
1572:21:Attribute -> U
1572:21:Name -> U
1574:8:Call -> U
1574:8:Attribute -> U
1574:8:Name -> U
1575:12:Call -> U
1575:12:Attribute -> U
1575:12:Name -> Module:homeassistant.components.websocket_api
1576:16:Name -> U
1576:20:Name -> Const:str:'id'
1576:57:Name -> Dict:3
1580:5:Name -> U
1581:28:Name -> Class:builtins.dict
1582:15:Name -> U
1584:23:Attribute -> U
1584:23:Name -> U
1587:8:Call -> U
1587:8:Attribute -> U
1587:8:Name -> U
1588:12:Call -> U
1588:12:Attribute -> U
1588:12:Name -> Module:homeassistant.components.websocket_api
1589:16:Name -> U
1589:20:Name -> Const:str:'id'
1589:59:Name -> Dict:1
1593:5:Name -> U
1594:34:Attribute -> U
1594:34:Name -> U
1596:20:Attribute -> U
1596:20:Name -> U
1597:18:Attribute -> U
1597:18:Name -> U
1598:28:Attribute -> U
1598:28:Name -> U
1599:21:Attribute -> U
1599:21:Name -> U
1601:8:Call -> U
1601:8:Attribute -> U
1601:8:Name -> U
1602:12:Call -> U
1602:12:Attribute -> U
1602:12:Name -> Module:homeassistant.components.websocket_api
1603:16:Name -> U
1603:20:Name -> Const:str:'id'
1603:66:Name -> Dict:4
1607:4:Attribute -> U
1607:4:Name -> U
1607:29:Name -> U
1607:42:Name -> Func:homeassistant.components.zwave_js.api.websocket_replace_failed_node.async_cleanup
1608:12:Name -> Class:builtins.list
1608:17:Name -> Class:_collections_abc.Callable
1609:8:Call -> U
1609:8:Attribute -> U
1609:8:Name -> U
1609:43:Name -> Func:homeassistant.components.zwave_js.api.websocket_replace_failed_node.forward_event
1610:8:Call -> U
1610:8:Attribute -> U
1610:8:Name -> U
1610:42:Name -> Func:homeassistant.components.zwave_js.api.websocket_replace_failed_node.forward_event
1611:8:Call -> U
1611:8:Attribute -> U
1611:8:Name -> U
1611:43:Name -> Func:homeassistant.components.zwave_js.api.websocket_replace_failed_node.forward_event
1612:8:Call -> U
1612:8:Attribute -> U
1612:8:Name -> U
1612:52:Name -> Func:homeassistant.components.zwave_js.api.websocket_replace_failed_node.forward_dsk
1613:8:Call -> U
1613:8:Attribute -> U
1613:8:Name -> U
1613:48:Name -> Func:homeassistant.components.zwave_js.api.websocket_replace_failed_node.forward_requested_grant
1614:8:Call -> U
1614:8:Attribute -> U
1614:8:Name -> U
1614:38:Name -> Func:homeassistant.components.zwave_js.api.websocket_replace_failed_node.node_removed
1615:8:Call -> U
1615:8:Attribute -> U
1615:8:Name -> U
1615:36:Name -> Func:homeassistant.components.zwave_js.api.websocket_replace_failed_node.node_found
1616:8:Call -> U
1616:8:Attribute -> U
1616:8:Name -> U
1616:36:Name -> Func:homeassistant.components.zwave_js.api.websocket_replace_failed_node.node_added
1617:8:Call -> U
1617:8:Name -> U
1618:12:Name -> U
1618:18:Name -> Const:str:'zwave_js_device_added_to_registry'
1618:50:Name -> Func:homeassistant.components.zwave_js.api.websocket_replace_failed_node.device_registered
1621:4:Name -> U
1621:8:Name -> Const:str:'unsubs'
1621:28:Name -> List:9
1624:23:Call -> U
1624:23:Attribute -> U
1624:23:Name -> U
1625:12:Name -> U
1626:12:Name -> Dict:4
1626:47:Attribute -> U
1626:47:Name -> U
1627:27:Name -> U
1628:25:Name -> U
1630:11:Name -> Class:builtins.ValueError
1631:8:Call -> U
1631:8:Attribute -> U
1631:8:Name -> U
1632:12:Name -> U
1632:16:Name -> Const:str:'id'
1633:12:Name -> Const:str:'invalid_format'
1634:12:Attribute -> Tuple:0
1634:12:Name -> ExcInst:builtins.ValueError
1638:4:Call -> U
1638:4:Attribute -> U
1638:4:Name -> U
1639:8:Name -> U
1639:12:Name -> Const:str:'id'
1640:8:Name -> U
1644:1:Attribute -> Func:homeassistant.components.websocket_api.decorators.require_admin
1644:1:Name -> Module:homeassistant.components.websocket_api
1645:1:Call -> Func:homeassistant.components.websocket_api.decorators.websocket_command.decorate
1645:1:Attribute -> Func:homeassistant.components.websocket_api.decorators.websocket_command
1645:1:Name -> Module:homeassistant.components.websocket_api
1647:8:Call -> U
1647:8:Attribute -> U
1647:8:Name -> U
1647:21:Name -> Const:str:'type'
1648:8:Call -> U
1648:8:Attribute -> U
1648:8:Name -> U
1648:21:Name -> Const:str:'device_id'
1648:33:Name -> Class:builtins.str
1651:1:Attribute -> Func:homeassistant.components.websocket_api.decorators.async_response
1651:1:Name -> Module:homeassistant.components.websocket_api
1652:1:Name -> Func:homeassistant.components.zwave_js.api.async_handle_failed_command
1653:1:Name -> Func:homeassistant.components.zwave_js.api.async_get_node
1655:10:Name -> U
1656:16:Name -> Class:homeassistant.components.websocket_api.connection.ActiveConnection
1657:9:Name -> Class:builtins.dict
1657:14:Name -> Class:builtins.str
1657:19:Name -> Class:typing.Any
1658:10:Name -> U
1661:13:Attribute -> U
1661:13:Attribute -> U
1661:13:Name -> U
1662:11:Name -> U
1663:17:Attribute -> U
1663:17:Name -> U
1665:5:Name -> U
1668:21:Name -> List:1
1669:12:Call -> U
1669:12:Name -> U
1671:5:Name -> U
1672:28:Name -> Class:builtins.dict
1673:35:Attribute -> U
1673:35:Name -> U
1675:8:Call -> U
1675:8:Attribute -> U
1675:8:Name -> U
1676:12:Call -> U
1676:12:Attribute -> U
1676:12:Name -> Module:homeassistant.components.websocket_api
1677:16:Name -> U
1677:20:Name -> Const:str:'id'
1677:59:Name -> Dict:1
1681:4:Attribute -> U
1681:4:Name -> U
1681:29:Name -> U
1681:42:Name -> Func:homeassistant.components.zwave_js.api.websocket_remove_failed_node.async_cleanup
1682:4:Name -> U
1682:8:Name -> Const:str:'unsubs'
1682:38:Call -> U
1682:38:Attribute -> U
1682:38:Name -> U
1682:68:Name -> Func:homeassistant.components.zwave_js.api.websocket_remove_failed_node.node_removed
1684:10:Call -> U
1684:10:Attribute -> U
1684:10:Name -> U
1684:46:Name -> U
1685:4:Call -> U
1685:4:Attribute -> U
1685:4:Name -> U
1685:27:Name -> U
1685:31:Name -> Const:str:'id'
1688:1:Attribute -> Func:homeassistant.components.websocket_api.decorators.require_admin
1688:1:Name -> Module:homeassistant.components.websocket_api
1689:1:Call -> Func:homeassistant.components.websocket_api.decorators.websocket_command.decorate
1689:1:Attribute -> Func:homeassistant.components.websocket_api.decorators.websocket_command
1689:1:Name -> Module:homeassistant.components.websocket_api
1691:8:Call -> U
1691:8:Attribute -> U
1691:8:Name -> U
1691:21:Name -> Const:str:'type'
1692:8:Call -> U
1692:8:Attribute -> U
1692:8:Name -> U
1692:21:Name -> Const:str:'entry_id'
1692:32:Name -> Class:builtins.str
1695:1:Attribute -> Func:homeassistant.components.websocket_api.decorators.async_response
1695:1:Name -> Module:homeassistant.components.websocket_api
1696:1:Name -> Func:homeassistant.components.zwave_js.api.async_handle_failed_command
1697:1:Name -> Func:homeassistant.components.zwave_js.api.async_get_entry
1699:10:Name -> U
1700:16:Name -> Class:homeassistant.components.websocket_api.connection.ActiveConnection
1701:9:Name -> Class:builtins.dict
1701:14:Name -> Class:builtins.str
1701:19:Name -> Class:typing.Any
1702:11:Name -> U
1703:12:Name -> U
1704:12:Name -> U
1707:17:Attribute -> U
1707:17:Name -> U
1709:19:Call -> U
1709:19:Attribute -> U
1709:19:Name -> U
1710:4:Call -> U
1710:4:Attribute -> U
1710:4:Name -> U
1711:8:Name -> U
1711:12:Name -> Const:str:'id'
1712:8:Name -> U
1716:1:Attribute -> Func:homeassistant.components.websocket_api.decorators.require_admin
1716:1:Name -> Module:homeassistant.components.websocket_api
1717:1:Call -> Func:homeassistant.components.websocket_api.decorators.websocket_command.decorate
1717:1:Attribute -> Func:homeassistant.components.websocket_api.decorators.websocket_command
1717:1:Name -> Module:homeassistant.components.websocket_api
1719:8:Call -> U
1719:8:Attribute -> U
1719:8:Name -> U
1719:21:Name -> Const:str:'type'
1720:8:Call -> U
1720:8:Attribute -> U
1720:8:Name -> U
1720:21:Name -> Const:str:'entry_id'
1720:32:Name -> Class:builtins.str
1723:1:Attribute -> Func:homeassistant.components.websocket_api.decorators.async_response
1723:1:Name -> Module:homeassistant.components.websocket_api
1724:1:Name -> Func:homeassistant.components.zwave_js.api.async_get_entry
1726:10:Name -> U
1727:16:Name -> Class:homeassistant.components.websocket_api.connection.ActiveConnection
1728:9:Name -> Class:builtins.dict
1728:14:Name -> Class:builtins.str
1728:19:Name -> Class:typing.Any
1729:11:Name -> U
1730:12:Name -> U
1731:12:Name -> U
1734:17:Attribute -> U
1734:17:Name -> U
1736:5:Name -> U
1739:21:Name -> List:2
1740:12:Call -> U
1740:12:Name -> U
1742:5:Name -> U
1743:27:Name -> Class:builtins.str
1743:39:Name -> Class:builtins.dict
1744:8:Call -> U
1744:8:Attribute -> U
1744:8:Name -> U
1745:12:Call -> U
1745:12:Attribute -> U
1745:12:Name -> Module:homeassistant.components.websocket_api
1746:16:Name -> U
1746:20:Name -> Const:str:'id'
1746:35:Name -> U
1746:76:Name -> U
1746:82:Name -> U
1750:4:Attribute -> U
1750:4:Name -> U
1750:29:Name -> U
1750:42:Name -> Func:homeassistant.components.zwave_js.api.websocket_subscribe_rebuild_routes_progress.async_cleanup
1751:4:Name -> U
1751:8:Name -> Const:str:'unsubs'
1752:8:Call -> U
1752:8:Attribute -> U
1752:8:Name -> U
1752:49:Call -> Partial:PartialFunction
1752:49:Name -> Class:functools.partial | Class:_functools.functools.partial | U
1752:57:Name -> Func:homeassistant.components.zwave_js.api.websocket_subscribe_rebuild_routes_progress.forward_event
1753:8:Call -> U
1753:8:Attribute -> U
1753:8:Name -> U
1753:45:Call -> Partial:PartialFunction
1753:45:Name -> Class:functools.partial | Class:_functools.functools.partial | U
1753:53:Name -> Func:homeassistant.components.zwave_js.api.websocket_subscribe_rebuild_routes_progress.forward_event
1756:4:Call -> U
1756:4:Attribute -> U
1756:4:Name -> U
1756:27:Name -> U
1756:31:Name -> Const:str:'id'
1758:7:Attribute -> U
1758:7:Name -> U
1759:8:Call -> U
1759:8:Attribute -> U
1759:8:Name -> U
1760:12:Call -> U
1760:12:Attribute -> U
1760:12:Name -> Module:homeassistant.components.websocket_api
1761:16:Name -> U
1761:20:Name -> Const:str:'id'
1765:24:Attribute -> U
1765:24:Name -> U
1765:38:Name -> U
1766:44:Call -> U
1766:44:Attribute -> U
1766:44:Attribute -> U
1766:44:Name -> U
1773:1:Attribute -> Func:homeassistant.components.websocket_api.decorators.require_admin
1773:1:Name -> Module:homeassistant.components.websocket_api
1774:1:Call -> Func:homeassistant.components.websocket_api.decorators.websocket_command.decorate
1774:1:Attribute -> Func:homeassistant.components.websocket_api.decorators.websocket_command
1774:1:Name -> Module:homeassistant.components.websocket_api
1776:8:Call -> U
1776:8:Attribute -> U
1776:8:Name -> U
1776:21:Name -> Const:str:'type'
1777:8:Call -> U
1777:8:Attribute -> U
1777:8:Name -> U
1777:21:Name -> Const:str:'entry_id'
1777:32:Name -> Class:builtins.str
1780:1:Attribute -> Func:homeassistant.components.websocket_api.decorators.async_response
1780:1:Name -> Module:homeassistant.components.websocket_api
1781:1:Name -> Func:homeassistant.components.zwave_js.api.async_handle_failed_command
1782:1:Name -> Func:homeassistant.components.zwave_js.api.async_get_entry
1784:10:Name -> U
1785:16:Name -> Class:homeassistant.components.websocket_api.connection.ActiveConnection
1786:9:Name -> Class:builtins.dict
1786:14:Name -> Class:builtins.str
1786:19:Name -> Class:typing.Any
1787:11:Name -> U
1788:12:Name -> U
1789:12:Name -> U
1792:17:Attribute -> U
1792:17:Name -> U
1793:19:Call -> U
1793:19:Attribute -> U
1793:19:Name -> U
1794:4:Call -> U
1794:4:Attribute -> U
1794:4:Name -> U
1795:8:Name -> U
1795:12:Name -> Const:str:'id'
1796:8:Name -> U
1800:1:Attribute -> Func:homeassistant.components.websocket_api.decorators.require_admin
1800:1:Name -> Module:homeassistant.components.websocket_api
1801:1:Call -> Func:homeassistant.components.websocket_api.decorators.websocket_command.decorate
1801:1:Attribute -> Func:homeassistant.components.websocket_api.decorators.websocket_command
1801:1:Name -> Module:homeassistant.components.websocket_api
1803:8:Call -> U
1803:8:Attribute -> U
1803:8:Name -> U
1803:21:Name -> Const:str:'type'
1804:8:Call -> U
1804:8:Attribute -> U
1804:8:Name -> U
1804:21:Name -> Const:str:'device_id'
1804:33:Name -> Class:builtins.str
1807:1:Attribute -> Func:homeassistant.components.websocket_api.decorators.async_response
1807:1:Name -> Module:homeassistant.components.websocket_api
1808:1:Name -> Func:homeassistant.components.zwave_js.api.async_handle_failed_command
1809:1:Name -> Func:homeassistant.components.zwave_js.api.async_get_node
1811:10:Name -> U
1812:16:Name -> Class:homeassistant.components.websocket_api.connection.ActiveConnection
1813:9:Name -> Class:builtins.dict
1813:14:Name -> Class:builtins.str
1813:19:Name -> Class:typing.Any
1814:10:Name -> U
1817:13:Attribute -> U
1817:13:Attribute -> U
1817:13:Name -> U
1818:11:Name -> U
1819:17:Attribute -> U
1819:17:Name -> U
1821:19:Call -> U
1821:19:Attribute -> U
1821:19:Name -> U
1821:56:Name -> U
1822:4:Call -> U
1822:4:Attribute -> U
1822:4:Name -> U
1823:8:Name -> U
1823:12:Name -> Const:str:'id'
1824:8:Name -> U
1828:1:Attribute -> Func:homeassistant.components.websocket_api.decorators.require_admin
1828:1:Name -> Module:homeassistant.components.websocket_api
1829:1:Call -> Func:homeassistant.components.websocket_api.decorators.websocket_command.decorate
1829:1:Attribute -> Func:homeassistant.components.websocket_api.decorators.websocket_command
1829:1:Name -> Module:homeassistant.components.websocket_api
1831:8:Call -> U
1831:8:Attribute -> U
1831:8:Name -> U
1831:21:Name -> Const:str:'type'
1832:8:Call -> U
1832:8:Attribute -> U
1832:8:Name -> U
1832:21:Name -> Const:str:'device_id'
1832:33:Name -> Class:builtins.str
1835:1:Attribute -> Func:homeassistant.components.websocket_api.decorators.async_response
1835:1:Name -> Module:homeassistant.components.websocket_api
1836:1:Name -> Func:homeassistant.components.zwave_js.api.async_handle_failed_command
1837:1:Name -> Func:homeassistant.components.zwave_js.api.async_get_node
1839:10:Name -> U
1840:16:Name -> Class:homeassistant.components.websocket_api.connection.ActiveConnection
1841:9:Name -> Class:builtins.dict
1841:14:Name -> Class:builtins.str
1841:19:Name -> Class:typing.Any
1842:10:Name -> U
1846:5:Name -> U
1849:21:Name -> List:4
1850:12:Call -> U
1850:12:Name -> U
1852:5:Name -> U
1853:29:Name -> Class:builtins.dict
1854:8:Call -> U
1854:8:Attribute -> U
1854:8:Name -> U
1855:12:Call -> U
1855:12:Attribute -> U
1855:12:Name -> Module:homeassistant.components.websocket_api
1855:40:Name -> U
1855:44:Name -> Const:str:'id'
1855:59:Name -> U
1858:5:Name -> U
1859:29:Name -> Class:builtins.dict
1860:8:Call -> U
1860:8:Attribute -> U
1860:8:Name -> U
1861:12:Call -> U
1861:12:Attribute -> U
1861:12:Name -> Module:homeassistant.components.websocket_api
1862:16:Name -> U
1862:20:Name -> Const:str:'id'
1862:35:Name -> U
1862:60:Name -> U
1866:4:Attribute -> U
1866:4:Name -> U
1866:29:Name -> U
1866:42:Name -> Func:homeassistant.components.zwave_js.api.websocket_refresh_node_info.async_cleanup
1867:4:Name -> U
1867:8:Name -> Const:str:'unsubs'
1868:8:Call -> U
1868:8:Attribute -> U
1868:8:Name -> U
1868:37:Name -> Func:homeassistant.components.zwave_js.api.websocket_refresh_node_info.forward_event
1869:8:Call -> U
1869:8:Attribute -> U
1869:8:Name -> U
1869:39:Name -> Func:homeassistant.components.zwave_js.api.websocket_refresh_node_info.forward_event
1870:8:Call -> U
1870:8:Attribute -> U
1870:8:Name -> U
1870:45:Name -> Func:homeassistant.components.zwave_js.api.websocket_refresh_node_info.forward_stage
1871:8:Call -> U
1871:8:Attribute -> U
1871:8:Name -> U
1871:36:Name -> Func:homeassistant.components.zwave_js.api.websocket_refresh_node_info.forward_event
1874:10:Call -> U
1874:10:Attribute -> U
1874:10:Name -> U
1875:4:Call -> U
1875:4:Attribute -> U
1875:4:Name -> U
1875:27:Name -> U
1875:31:Name -> Const:str:'id'
1878:1:Attribute -> Func:homeassistant.components.websocket_api.decorators.require_admin
1878:1:Name -> Module:homeassistant.components.websocket_api
1879:1:Call -> Func:homeassistant.components.websocket_api.decorators.websocket_command.decorate
1879:1:Attribute -> Func:homeassistant.components.websocket_api.decorators.websocket_command
1879:1:Name -> Module:homeassistant.components.websocket_api
1881:8:Call -> U
1881:8:Attribute -> U
1881:8:Name -> U
1881:21:Name -> Const:str:'type'
1882:8:Call -> U
1882:8:Attribute -> U
1882:8:Name -> U
1882:21:Name -> Const:str:'device_id'
1882:33:Name -> Class:builtins.str
1885:1:Attribute -> Func:homeassistant.components.websocket_api.decorators.async_response
1885:1:Name -> Module:homeassistant.components.websocket_api
1886:1:Name -> Func:homeassistant.components.zwave_js.api.async_handle_failed_command
1887:1:Name -> Func:homeassistant.components.zwave_js.api.async_get_node
1889:10:Name -> U
1890:16:Name -> Class:homeassistant.components.websocket_api.connection.ActiveConnection
1891:9:Name -> Class:builtins.dict
1891:14:Name -> Class:builtins.str
1891:19:Name -> Class:typing.Any
1892:10:Name -> U
1895:10:Call -> U
1895:10:Attribute -> U
1895:10:Name -> U
1896:4:Call -> U
1896:4:Attribute -> U
1896:4:Name -> U
1896:27:Name -> U
1896:31:Name -> Const:str:'id'
1899:1:Attribute -> Func:homeassistant.components.websocket_api.decorators.require_admin
1899:1:Name -> Module:homeassistant.components.websocket_api
1900:1:Call -> Func:homeassistant.components.websocket_api.decorators.websocket_command.decorate
1900:1:Attribute -> Func:homeassistant.components.websocket_api.decorators.websocket_command
1900:1:Name -> Module:homeassistant.components.websocket_api
1902:8:Call -> U
1902:8:Attribute -> U
1902:8:Name -> U
1902:21:Name -> Const:str:'type'
1903:8:Call -> U
1903:8:Attribute -> U
1903:8:Name -> U
1903:21:Name -> Const:str:'device_id'
1903:33:Name -> Class:builtins.str
1904:8:Call -> U
1904:8:Attribute -> U
1904:8:Name -> U
1904:21:Name -> Const:str:'command_class_id'
1904:40:Name -> Class:builtins.int
1907:1:Attribute -> Func:homeassistant.components.websocket_api.decorators.async_response
1907:1:Name -> Module:homeassistant.components.websocket_api
1908:1:Name -> Func:homeassistant.components.zwave_js.api.async_handle_failed_command
1909:1:Name -> Func:homeassistant.components.zwave_js.api.async_get_node
1911:10:Name -> U
1912:16:Name -> Class:homeassistant.components.websocket_api.connection.ActiveConnection
1913:9:Name -> Class:builtins.dict
1913:14:Name -> Class:builtins.str
1913:19:Name -> Class:typing.Any
1914:10:Name -> U
1917:23:Name -> U
1917:27:Name -> Const:str:'command_class_id'
1920:24:Call -> U
1920:24:Name -> U
1920:37:Name -> U
1921:11:Name -> Class:builtins.ValueError
1922:8:Call -> U
1922:8:Attribute -> U
1922:8:Name -> U
1923:12:Name -> U
1923:16:Name -> Const:str:'id'
1923:21:Name -> Const:str:'not_found'
1923:53:Name -> U
1927:10:Call -> U
1927:10:Attribute -> U
1927:10:Name -> U
1927:39:Name -> U
1928:4:Call -> U
1928:4:Attribute -> U
1928:4:Name -> U
1928:27:Name -> U
1928:31:Name -> Const:str:'id'
1931:1:Attribute -> Func:homeassistant.components.websocket_api.decorators.require_admin
1931:1:Name -> Module:homeassistant.components.websocket_api
1932:1:Call -> Func:homeassistant.components.websocket_api.decorators.websocket_command.decorate
1932:1:Attribute -> Func:homeassistant.components.websocket_api.decorators.websocket_command
1932:1:Name -> Module:homeassistant.components.websocket_api
1934:8:Call -> U
1934:8:Attribute -> U
1934:8:Name -> U
1934:21:Name -> Const:str:'type'
1935:8:Call -> U
1935:8:Attribute -> U
1935:8:Name -> U
1935:21:Name -> Const:str:'device_id'
1935:33:Name -> Class:builtins.str
1936:8:Call -> U
1936:8:Attribute -> U
1936:8:Name -> U
1936:21:Name -> Const:str:'property'
1936:32:Name -> Class:builtins.int
1937:8:Call -> U
1937:8:Attribute -> U
1937:8:Name -> U
1937:21:Name -> Const:str:'endpoint'
1937:43:Name -> Class:builtins.int
1938:8:Call -> U
1938:8:Attribute -> U
1938:8:Name -> U
1938:21:Name -> Const:str:'property_key'
1938:36:Name -> Class:builtins.int
1939:8:Call -> U
1939:8:Attribute -> U
1939:8:Name -> U
1939:21:Name -> Const:str:'value'
1939:29:Call -> U
1939:29:Attribute -> U
1939:29:Name -> U
1939:37:Name -> Class:builtins.int
1939:42:Name -> U
1942:1:Attribute -> Func:homeassistant.components.websocket_api.decorators.async_response
1942:1:Name -> Module:homeassistant.components.websocket_api
1943:1:Name -> Func:homeassistant.components.zwave_js.api.async_handle_failed_command
1944:1:Name -> Func:homeassistant.components.zwave_js.api.async_get_node
1946:10:Name -> U
1947:16:Name -> Class:homeassistant.components.websocket_api.connection.ActiveConnection
1948:9:Name -> Class:builtins.dict
1948:14:Name -> Class:builtins.str
1948:19:Name -> Class:typing.Any
1949:10:Name -> U
1952:16:Name -> U
1952:20:Name -> Const:str:'property'
1953:15:Name -> U
1953:19:Name -> Const:str:'endpoint'
1954:19:Call -> U
1954:19:Attribute -> U
1954:19:Name -> U
1954:27:Name -> Const:str:'property_key'
1955:12:Name -> U
1955:16:Name -> Const:str:'value'
1958:40:Call -> U
1958:40:Name -> U
1959:12:Name -> U
1959:18:Name -> U
1959:25:Name -> U
1959:49:Name -> U
1959:72:Name -> U
1961:12:Name -> U
1961:29:Name -> U
1961:44:Name -> Class:builtins.NotImplementedError
1961:65:Name -> U
1962:15:Name -> Const:str:'unknown_error'
1963:11:Call -> ERR
1963:11:Name -> Func:builtins.isinstance
1963:22:Name -> U | ExcInst:builtins.NotImplementedError
1963:27:Name -> U
1964:19:Name -> Const:str:'not_found'
1965:13:Call -> ERR
1965:13:Name -> Func:builtins.isinstance
1965:24:Name -> U | ExcInst:builtins.NotImplementedError
1965:30:Name -> U
1965:47:Name -> Class:builtins.NotImplementedError
1966:19:Name -> Const:str:'not_supported'
1968:8:Call -> U
1968:8:Attribute -> U
1968:8:Name -> U
1969:12:Name -> U
1969:16:Name -> Const:str:'id'
1970:12:Name -> Const:str:'unknown_error' | Const:str:'not_found' | Const:str:'not_supported'
1971:12:Call -> Const:str:''
1971:12:Name -> Class:builtins.str
1971:16:Name -> U | ExcInst:builtins.NotImplementedError
1975:4:Call -> U
1975:4:Attribute -> U
1975:4:Name -> U
1976:8:Name -> U
1976:12:Name -> Const:str:'id'
1978:12:Name -> Const:str:'value_id'
1978:22:Attribute -> U
1978:22:Name -> U
1979:12:Name -> Const:str:'status'
1979:20:Attribute -> U
1979:20:Name -> U
1984:1:Attribute -> Func:homeassistant.components.websocket_api.decorators.require_admin
1984:1:Name -> Module:homeassistant.components.websocket_api
1985:1:Call -> Func:homeassistant.components.websocket_api.decorators.websocket_command.decorate
1985:1:Attribute -> Func:homeassistant.components.websocket_api.decorators.websocket_command
1985:1:Name -> Module:homeassistant.components.websocket_api
1987:8:Call -> U
1987:8:Attribute -> U
1987:8:Name -> U
1987:21:Name -> Const:str:'type'
1988:8:Call -> U
1988:8:Attribute -> U
1988:8:Name -> U
1988:21:Name -> Const:str:'device_id'
1988:33:Name -> Class:builtins.str
1991:1:Attribute -> Func:homeassistant.components.websocket_api.decorators.async_response
1991:1:Name -> Module:homeassistant.components.websocket_api
1992:1:Name -> Func:homeassistant.components.zwave_js.api.async_get_node
1994:10:Name -> U
1994:37:Name -> Class:homeassistant.components.websocket_api.connection.ActiveConnection
1994:60:Name -> Class:builtins.dict
1994:65:Name -> Class:builtins.str
1994:70:Name -> Class:typing.Any
1994:82:Name -> U
1997:13:Call -> U
1997:13:Attribute -> U
1997:13:Name -> U
1998:12:Name -> Class:builtins.dict
1998:17:Name -> Class:builtins.str
1998:22:Name -> Class:typing.Any
1999:33:Call -> U
1999:33:Attribute -> U
1999:33:Name -> U
2000:19:Attribute -> U
2000:19:Name -> U
2001:8:Name -> Dict:0
2001:15:Name -> U
2002:24:Attribute -> U
2002:24:Name -> U
2003:28:Attribute -> U
2003:28:Name -> U
2004:24:Attribute -> U
2004:24:Name -> U
2005:40:Attribute -> U
2005:40:Attribute -> U
2005:40:Name -> U
2007:31:Attribute -> U
2007:31:Name -> U
2008:25:Attribute -> U
2008:25:Name -> U
2009:24:Attribute -> U
2009:24:Name -> U
2010:23:Attribute -> U
2010:23:Name -> U
2011:23:Attribute -> U
2011:23:Name -> U
2012:24:Attribute -> U
2012:24:Name -> U
2013:29:Attribute -> U
2013:29:Name -> U
2014:28:Attribute -> U
2014:28:Name -> U
2015:27:Attribute -> U
2015:27:Name -> U
2017:21:Attribute -> U
2017:21:Name -> U
2019:11:Attribute -> U
2019:11:Attribute -> U
2019:11:Name -> U
2020:12:Name -> Dict:0
2020:19:Name -> U
2020:53:Attribute -> U
2020:53:Attribute -> U
2020:53:Name -> U
2022:4:Call -> U
2022:4:Attribute -> U
2022:4:Name -> U
2023:8:Name -> U
2023:12:Name -> Const:str:'id'
2024:8:Name -> Dict:0
2028:1:Attribute -> Func:homeassistant.components.websocket_api.decorators.require_admin
2028:1:Name -> Module:homeassistant.components.websocket_api
2029:1:Call -> Func:homeassistant.components.websocket_api.decorators.websocket_command.decorate
2029:1:Attribute -> Func:homeassistant.components.websocket_api.decorators.websocket_command
2029:1:Name -> Module:homeassistant.components.websocket_api
2031:8:Call -> U
2031:8:Attribute -> U
2031:8:Name -> U
2031:21:Name -> Const:str:'type'
2032:8:Call -> U
2032:8:Attribute -> U
2032:8:Name -> U
2032:21:Name -> Const:str:'device_id'
2032:33:Name -> Class:builtins.str
2033:8:Call -> U
2033:8:Attribute -> U
2033:8:Name -> U
2033:21:Name -> Const:str:'property'
2033:32:Name -> Class:builtins.int
2034:8:Call -> U
2034:8:Attribute -> U
2034:8:Name -> U
2034:21:Name -> Const:str:'value'
2034:29:Name -> Class:builtins.int
2035:8:Call -> U
2035:8:Attribute -> U
2035:8:Name -> U
2035:21:Name -> Const:str:'value_size'
2035:34:Call -> U
2035:34:Attribute -> U
2035:34:Name -> U
2035:42:Call -> U
2035:42:Attribute -> U
2035:42:Name -> U
2035:53:Name -> Class:builtins.int
2035:59:Call -> U
2035:59:Attribute -> U
2035:59:Name -> U
2036:8:Call -> U
2036:8:Attribute -> U
2036:8:Name -> U
2036:21:Name -> Const:str:'value_format'
2036:36:Call -> U
2036:36:Attribute -> U
2036:36:Name -> U
2036:47:Name -> U
2039:1:Attribute -> Func:homeassistant.components.websocket_api.decorators.async_response
2039:1:Name -> Module:homeassistant.components.websocket_api
2040:1:Name -> Func:homeassistant.components.zwave_js.api.async_handle_failed_command
2041:1:Name -> Func:homeassistant.components.zwave_js.api.async_get_node
2043:10:Name -> U
2044:16:Name -> Class:homeassistant.components.websocket_api.connection.ActiveConnection
2045:9:Name -> Class:builtins.dict
2045:14:Name -> Class:builtins.str
2045:19:Name -> Class:typing.Any
2046:10:Name -> U
2049:19:Call -> U
2049:19:Attribute -> U
2049:19:Name -> U
2050:8:Name -> U
2050:12:Name -> Const:str:'value'
2051:8:Name -> U
2051:12:Name -> Const:str:'property'
2052:19:Name -> U
2052:23:Name -> Const:str:'value_size'
2053:21:Name -> U
2053:25:Name -> Const:str:'value_format'
2056:4:Call -> U
2056:4:Attribute -> U
2056:4:Name -> U
2057:8:Name -> U
2057:12:Name -> Const:str:'id'
2059:12:Name -> Const:str:'status'
2059:20:Attribute -> U
2059:20:Name -> U
2064:1:Attribute -> Func:homeassistant.components.websocket_api.decorators.require_admin
2064:1:Name -> Module:homeassistant.components.websocket_api
2065:1:Call -> Func:homeassistant.components.websocket_api.decorators.websocket_command.decorate
2065:1:Attribute -> Func:homeassistant.components.websocket_api.decorators.websocket_command
2065:1:Name -> Module:homeassistant.components.websocket_api
2067:8:Call -> U
2067:8:Attribute -> U
2067:8:Name -> U
2067:21:Name -> Const:str:'type'
2068:8:Call -> U
2068:8:Attribute -> U
2068:8:Name -> U
2068:21:Name -> Const:str:'device_id'
2068:33:Name -> Class:builtins.str
2069:8:Call -> U
2069:8:Attribute -> U
2069:8:Name -> U
2069:21:Name -> Const:str:'property'
2069:32:Name -> Class:builtins.int
2072:1:Attribute -> Func:homeassistant.components.websocket_api.decorators.async_response
2072:1:Name -> Module:homeassistant.components.websocket_api
2073:1:Name -> Func:homeassistant.components.zwave_js.api.async_handle_failed_command
2074:1:Name -> Func:homeassistant.components.zwave_js.api.async_get_node
2076:10:Name -> U
2077:16:Name -> Class:homeassistant.components.websocket_api.connection.ActiveConnection
2078:9:Name -> Class:builtins.dict
2078:14:Name -> Class:builtins.str
2078:19:Name -> Class:typing.Any
2079:10:Name -> U
2082:18:Call -> U
2082:18:Attribute -> U
2082:18:Name -> U
2083:8:Name -> U
2083:12:Name -> Const:str:'property'
2086:4:Call -> U
2086:4:Attribute -> U
2086:4:Name -> U
2087:8:Name -> U
2087:12:Name -> Const:str:'id'
2089:12:Name -> Const:str:'value'
2089:19:Name -> U
2094:48:Name -> Class:builtins.dict
2094:57:Name -> Class:builtins.dict
2096:7:Call -> U
2096:7:Attribute -> U
2096:7:Name -> U
2096:15:Name -> Const:str:'log_to_file'
2096:39:Name -> Const:str:'filename'
2096:55:Name -> U
2097:14:Call -> U
2097:14:Attribute -> U
2097:14:Name -> U
2098:11:Name -> U
2101:1:Attribute -> Func:homeassistant.components.websocket_api.decorators.require_admin
2101:1:Name -> Module:homeassistant.components.websocket_api
2102:1:Call -> Func:homeassistant.components.websocket_api.decorators.websocket_command.decorate
2102:1:Attribute -> Func:homeassistant.components.websocket_api.decorators.websocket_command
2102:1:Name -> Module:homeassistant.components.websocket_api
2104:8:Call -> U
2104:8:Attribute -> U
2104:8:Name -> U
2104:21:Name -> Const:str:'type'
2105:8:Call -> U
2105:8:Attribute -> U
2105:8:Name -> U
2105:21:Name -> Const:str:'entry_id'
2105:32:Name -> Class:builtins.str
2108:1:Attribute -> Func:homeassistant.components.websocket_api.decorators.async_response
2108:1:Name -> Module:homeassistant.components.websocket_api
2109:1:Name -> Func:homeassistant.components.zwave_js.api.async_handle_failed_command
2110:1:Name -> Func:homeassistant.components.zwave_js.api.async_get_entry
2112:10:Name -> U
2113:16:Name -> Class:homeassistant.components.websocket_api.connection.ActiveConnection
2114:9:Name -> Class:builtins.dict
2114:14:Name -> Class:builtins.str
2114:19:Name -> Class:typing.Any
2115:11:Name -> U
2116:12:Name -> U
2117:12:Name -> U
2121:5:Name -> U
2124:8:Call -> U
2124:8:Attribute -> U
2124:8:Name -> U
2124:31:Call -> U
2124:31:Attribute -> U
2124:31:Name -> U
2125:21:Name -> List:2
2126:12:Call -> U
2126:12:Name -> U
2128:5:Name -> U
2129:28:Name -> Class:builtins.dict
2130:17:Name -> U
2130:30:Name -> U
2131:8:Call -> U
2131:8:Attribute -> U
2131:8:Name -> U
2132:12:Call -> U
2132:12:Attribute -> U
2132:12:Name -> Module:homeassistant.components.websocket_api
2133:16:Name -> U
2133:20:Name -> Const:str:'id'
2137:37:Attribute -> U
2137:37:Name -> U
2138:33:Attribute -> U
2138:33:Name -> U
2139:40:Attribute -> U
2139:40:Name -> U
2140:35:Attribute -> U
2140:35:Name -> U
2146:5:Name -> U
2147:34:Name -> Class:builtins.dict
2148:20:Name -> U
2148:32:Name -> U
2149:8:Call -> U
2149:8:Attribute -> U
2149:8:Name -> U
2150:12:Call -> U
2150:12:Attribute -> U
2150:12:Name -> Module:homeassistant.components.websocket_api
2151:16:Name -> U
2151:20:Name -> Const:str:'id'
2154:34:Call -> U | Inst:builtins.dict
2154:34:Attribute -> Func:dataclasses.asdict
2154:34:Name -> Module:dataclasses
2154:53:Name -> U
2159:4:Name -> U
2159:8:Name -> Const:str:'unsubs'
2160:8:Call -> U
2160:8:Attribute -> U
2160:8:Name -> U
2160:29:Name -> Func:homeassistant.components.zwave_js.api.websocket_subscribe_log_updates.log_messages
2161:8:Call -> U
2161:8:Attribute -> U
2161:8:Name -> U
2161:40:Name -> Func:homeassistant.components.zwave_js.api.websocket_subscribe_log_updates.log_config_updates
2163:4:Attribute -> U
2163:4:Name -> U
2163:29:Name -> U
2163:42:Name -> Func:homeassistant.components.zwave_js.api.websocket_subscribe_log_updates.async_cleanup
2165:10:Call -> U
2165:10:Attribute -> U
2165:10:Name -> U
2166:4:Call -> U
2166:4:Attribute -> U
2166:4:Name -> U
2166:27:Name -> U
2166:31:Name -> Const:str:'id'
2169:1:Attribute -> Func:homeassistant.components.websocket_api.decorators.require_admin
2169:1:Name -> Module:homeassistant.components.websocket_api
2170:1:Call -> Func:homeassistant.components.websocket_api.decorators.websocket_command.decorate
2170:1:Attribute -> Func:homeassistant.components.websocket_api.decorators.websocket_command
2170:1:Name -> Module:homeassistant.components.websocket_api
2172:8:Call -> U
2172:8:Attribute -> U
2172:8:Name -> U
2172:21:Name -> Const:str:'type'
2173:8:Call -> U
2173:8:Attribute -> U
2173:8:Name -> U
2173:21:Name -> Const:str:'entry_id'
2173:32:Name -> Class:builtins.str
2174:8:Call -> U
2174:8:Attribute -> U
2174:8:Name -> U
2174:21:Name -> Const:str:'config'
2174:30:Call -> U
2174:30:Attribute -> U
2174:30:Name -> U
2175:12:Call -> U
2175:12:Attribute -> U
2175:12:Name -> U
2177:20:Call -> U
2177:20:Attribute -> U
2177:20:Name -> U
2177:33:Name -> Const:str:'enabled'
2177:43:Attribute -> Func:homeassistant.helpers.config_validation.boolean
2177:43:Name -> Module:homeassistant.helpers.config_validation
2178:20:Call -> U
2178:20:Attribute -> U
2178:20:Name -> U
2178:33:Name -> Const:str:'level'
2178:41:Call -> U
2178:41:Attribute -> U
2178:41:Name -> U
2179:24:Name -> Class:builtins.str
2180:24:Attribute -> U
2180:24:Name -> U
2181:24:Call -> U
2181:24:Attribute -> U
2181:24:Name -> U
2181:35:Name -> U
2183:20:Call -> U
2183:20:Attribute -> U
2183:20:Name -> U
2183:33:Name -> Const:str:'log_to_file'
2183:47:Attribute -> Func:homeassistant.helpers.config_validation.boolean
2183:47:Name -> Module:homeassistant.helpers.config_validation
2184:20:Call -> U
2184:20:Attribute -> U
2184:20:Name -> U
2184:33:Name -> Const:str:'filename'
2184:44:Name -> Class:builtins.str
2185:20:Call -> U
2185:20:Attribute -> U
2185:20:Name -> U
2185:33:Name -> Const:str:'force_console'
2185:49:Attribute -> Func:homeassistant.helpers.config_validation.boolean
2185:49:Name -> Module:homeassistant.helpers.config_validation
2188:12:Call -> Func:homeassistant.helpers.config_validation.has_at_least_one_key.validate
2188:12:Attribute -> Func:homeassistant.helpers.config_validation.has_at_least_one_key
2188:12:Name -> Module:homeassistant.helpers.config_validation
2189:16:Name -> Const:str:'enabled'
2189:25:Name -> Const:str:'filename'
2189:35:Name -> Const:str:'force_console'
2189:50:Name -> Const:str:'level'
2189:57:Name -> Const:str:'log_to_file'
2191:12:Name -> Func:homeassistant.components.zwave_js.api.filename_is_present_if_logging_to_file
2195:1:Attribute -> Func:homeassistant.components.websocket_api.decorators.async_response
2195:1:Name -> Module:homeassistant.components.websocket_api
2196:1:Name -> Func:homeassistant.components.zwave_js.api.async_handle_failed_command
2197:1:Name -> Func:homeassistant.components.zwave_js.api.async_get_entry
2199:10:Name -> U
2200:16:Name -> Class:homeassistant.components.websocket_api.connection.ActiveConnection
2201:9:Name -> Class:builtins.dict
2201:14:Name -> Class:builtins.str
2201:19:Name -> Class:typing.Any
2202:11:Name -> U
2203:12:Name -> U
2204:12:Name -> U
2207:10:Call -> U
2207:10:Attribute -> U
2207:10:Name -> U
2207:41:Call -> U
2207:41:Name -> U
2207:53:Name -> U
2207:57:Name -> Const:str:'config'
2208:4:Call -> U
2208:4:Attribute -> U
2208:4:Name -> U
2209:8:Name -> U
2209:12:Name -> Const:str:'id'
2213:1:Attribute -> Func:homeassistant.components.websocket_api.decorators.require_admin
2213:1:Name -> Module:homeassistant.components.websocket_api
2214:1:Call -> Func:homeassistant.components.websocket_api.decorators.websocket_command.decorate
2214:1:Attribute -> Func:homeassistant.components.websocket_api.decorators.websocket_command
2214:1:Name -> Module:homeassistant.components.websocket_api
2216:8:Call -> U
2216:8:Attribute -> U
2216:8:Name -> U
2216:21:Name -> Const:str:'type'
2217:8:Call -> U
2217:8:Attribute -> U
2217:8:Name -> U
2217:21:Name -> Const:str:'entry_id'
2217:32:Name -> Class:builtins.str
2220:1:Attribute -> Func:homeassistant.components.websocket_api.decorators.async_response
2220:1:Name -> Module:homeassistant.components.websocket_api
2221:1:Name -> Func:homeassistant.components.zwave_js.api.async_get_entry
2223:10:Name -> U
2224:16:Name -> Class:homeassistant.components.websocket_api.connection.ActiveConnection
2225:9:Name -> Class:builtins.dict
2225:14:Name -> Class:builtins.str
2225:19:Name -> Class:typing.Any
2226:11:Name -> U
2227:12:Name -> U
2228:12:Name -> U
2231:11:Name -> U
2231:22:Attribute -> U
2231:22:Name -> U
2232:4:Call -> U
2232:4:Attribute -> U
2232:4:Name -> U
2233:8:Name -> U
2233:12:Name -> Const:str:'id'
2234:8:Call -> U | Inst:builtins.dict
2234:8:Attribute -> Func:dataclasses.asdict
2234:8:Name -> Module:dataclasses
2234:27:Attribute -> U
2234:27:Name -> U
2238:1:Attribute -> Func:homeassistant.components.websocket_api.decorators.require_admin
2238:1:Name -> Module:homeassistant.components.websocket_api
2239:1:Call -> Func:homeassistant.components.websocket_api.decorators.websocket_command.decorate
2239:1:Attribute -> Func:homeassistant.components.websocket_api.decorators.websocket_command
2239:1:Name -> Module:homeassistant.components.websocket_api
2241:8:Call -> U
2241:8:Attribute -> U
2241:8:Name -> U
2241:21:Name -> Const:str:'type'
2242:8:Call -> U
2242:8:Attribute -> U
2242:8:Name -> U
2242:21:Name -> Const:str:'entry_id'
2242:32:Name -> Class:builtins.str
2243:8:Call -> U
2243:8:Attribute -> U
2243:8:Name -> U
2243:21:Name -> Const:str:'opted_in'
2243:32:Name -> Class:builtins.bool
2246:1:Attribute -> Func:homeassistant.components.websocket_api.decorators.async_response
2246:1:Name -> Module:homeassistant.components.websocket_api
2247:1:Name -> Func:homeassistant.components.zwave_js.api.async_handle_failed_command
2248:1:Name -> Func:homeassistant.components.zwave_js.api.async_get_entry
2250:10:Name -> U
2251:16:Name -> Class:homeassistant.components.websocket_api.connection.ActiveConnection
2252:9:Name -> Class:builtins.dict
2252:14:Name -> Class:builtins.str
2252:19:Name -> Class:typing.Any
2253:11:Name -> U
2254:12:Name -> U
2255:12:Name -> U
2258:15:Name -> U
2258:19:Name -> Const:str:'opted_in'
2259:7:Call -> U
2259:7:Attribute -> U
2259:7:Attribute -> U
2259:7:Name -> U
2259:22:Name -> Const:str:'data_collection_opted_in'
2259:56:Name -> U
2260:19:Call -> U
2260:19:Attribute -> U
2260:19:Attribute -> U
2260:19:Name -> U
2261:8:Name -> U
2261:17:Name -> Const:str:'data_collection_opted_in'
2261:50:Name -> U
2262:8:Call -> U
2262:8:Attribute -> U
2262:8:Attribute -> U
2262:8:Name -> U
2262:47:Name -> U
2262:59:Name -> U
2264:7:Name -> U
2265:14:Call -> Const:NoneType:None
2265:14:Name -> Func:homeassistant.components.zwave_js.helpers.async_enable_statistics
2265:38:Name -> U
2267:14:Call -> U
2267:14:Attribute -> U
2267:14:Name -> U
2269:4:Call -> U
2269:4:Attribute -> U
2269:4:Name -> U
2270:8:Name -> U
2270:12:Name -> Const:str:'id'
2274:1:Attribute -> Func:homeassistant.components.websocket_api.decorators.require_admin
2274:1:Name -> Module:homeassistant.components.websocket_api
2275:1:Call -> Func:homeassistant.components.websocket_api.decorators.websocket_command.decorate
2275:1:Attribute -> Func:homeassistant.components.websocket_api.decorators.websocket_command
2275:1:Name -> Module:homeassistant.components.websocket_api
2277:8:Call -> U
2277:8:Attribute -> U
2277:8:Name -> U
2277:21:Name -> Const:str:'type'
2278:8:Call -> U
2278:8:Attribute -> U
2278:8:Name -> U
2278:21:Name -> Const:str:'entry_id'
2278:32:Name -> Class:builtins.str
2281:1:Attribute -> Func:homeassistant.components.websocket_api.decorators.async_response
2281:1:Name -> Module:homeassistant.components.websocket_api
2282:1:Name -> Func:homeassistant.components.zwave_js.api.async_handle_failed_command
2283:1:Name -> Func:homeassistant.components.zwave_js.api.async_get_entry
2285:10:Name -> U
2286:16:Name -> Class:homeassistant.components.websocket_api.connection.ActiveConnection
2287:9:Name -> Class:builtins.dict
2287:14:Name -> Class:builtins.str
2287:19:Name -> Class:typing.Any
2288:11:Name -> U
2289:12:Name -> U
2290:12:Name -> U
2293:11:Name -> U
2293:22:Attribute -> U
2293:22:Name -> U
2295:8:Name -> Const:str:'opted_in'
2295:18:Call -> U
2295:18:Attribute -> U
2295:18:Attribute -> U
2295:18:Name -> U
2295:33:Name -> Const:str:'data_collection_opted_in'
2296:8:Name -> Const:str:'enabled'
2296:23:Call -> U
2296:23:Attribute -> U
2296:23:Name -> U
2298:4:Call -> U
2298:4:Attribute -> U
2298:4:Name -> U
2298:27:Name -> U
2298:31:Name -> Const:str:'id'
2298:36:Name -> Dict:2
2301:1:Attribute -> Func:homeassistant.components.websocket_api.decorators.require_admin
2301:1:Name -> Module:homeassistant.components.websocket_api
2302:1:Call -> Func:homeassistant.components.websocket_api.decorators.websocket_command.decorate
2302:1:Attribute -> Func:homeassistant.components.websocket_api.decorators.websocket_command
2302:1:Name -> Module:homeassistant.components.websocket_api
2304:8:Call -> U
2304:8:Attribute -> U
2304:8:Name -> U
2304:21:Name -> Const:str:'type'
2305:8:Call -> U
2305:8:Attribute -> U
2305:8:Name -> U
2305:21:Name -> Const:str:'device_id'
2305:33:Name -> Class:builtins.str
2308:1:Attribute -> Func:homeassistant.components.websocket_api.decorators.async_response
2308:1:Name -> Module:homeassistant.components.websocket_api
2309:1:Name -> Func:homeassistant.components.zwave_js.api.async_handle_failed_command
2310:1:Name -> Func:homeassistant.components.zwave_js.api.async_get_node
2312:10:Name -> U
2313:16:Name -> Class:homeassistant.components.websocket_api.connection.ActiveConnection
2314:9:Name -> Class:builtins.dict
2314:14:Name -> Class:builtins.str
2314:19:Name -> Class:typing.Any
2315:10:Name -> U
2318:10:Call -> U
2318:10:Attribute -> U
2318:10:Name -> U
2319:4:Call -> U
2319:4:Attribute -> U
2319:4:Name -> U
2319:27:Name -> U
2319:31:Name -> Const:str:'id'
2322:1:Attribute -> Func:homeassistant.components.websocket_api.decorators.require_admin
2322:1:Name -> Module:homeassistant.components.websocket_api
2323:1:Call -> Func:homeassistant.components.websocket_api.decorators.websocket_command.decorate
2323:1:Attribute -> Func:homeassistant.components.websocket_api.decorators.websocket_command
2323:1:Name -> Module:homeassistant.components.websocket_api
2325:8:Call -> U
2325:8:Attribute -> U
2325:8:Name -> U
2325:21:Name -> Const:str:'type'
2326:8:Call -> U
2326:8:Attribute -> U
2326:8:Name -> U
2326:21:Name -> Const:str:'device_id'
2326:33:Name -> Class:builtins.str
2329:1:Attribute -> Func:homeassistant.components.websocket_api.decorators.async_response
2329:1:Name -> Module:homeassistant.components.websocket_api
2330:1:Name -> Func:homeassistant.components.zwave_js.api.async_handle_failed_command
2331:1:Name -> Func:homeassistant.components.zwave_js.api.async_get_node
2333:10:Name -> U
2334:16:Name -> Class:homeassistant.components.websocket_api.connection.ActiveConnection
2335:9:Name -> Class:builtins.dict
2335:14:Name -> Class:builtins.str
2335:19:Name -> Class:typing.Any
2336:10:Name -> U
2339:4:Call -> U
2339:4:Attribute -> U
2339:4:Name -> U
2339:27:Name -> U
2339:31:Name -> Const:str:'id'
2339:42:Call -> U
2339:42:Attribute -> U
2339:42:Name -> U
2343:14:Name -> U
2344:5:Name -> Class:builtins.dict
2344:10:Name -> Class:builtins.str
2344:15:Name -> Class:builtins.int
2344:21:Name -> Class:builtins.float
2347:24:Attribute -> U
2347:24:Name -> U
2348:23:Attribute -> U
2348:23:Name -> U
2349:26:Attribute -> U
2349:26:Name -> U
2350:27:Attribute -> U
2350:27:Name -> U
2351:20:Attribute -> U
2351:20:Name -> U
2356:14:Name -> U
2357:5:Name -> Class:builtins.dict
2357:10:Name -> Class:builtins.str
2357:15:Name -> Class:builtins.int
2357:21:Name -> Class:builtins.float
2362:26:Attribute -> U
2362:26:Name -> U
2363:27:Attribute -> U
2363:27:Name -> U
2364:20:Attribute -> U
2364:20:Name -> U
2368:1:Attribute -> Func:homeassistant.components.websocket_api.decorators.require_admin
2368:1:Name -> Module:homeassistant.components.websocket_api
2369:1:Call -> Func:homeassistant.components.websocket_api.decorators.websocket_command.decorate
2369:1:Attribute -> Func:homeassistant.components.websocket_api.decorators.websocket_command
2369:1:Name -> Module:homeassistant.components.websocket_api
2371:8:Call -> U
2371:8:Attribute -> U
2371:8:Name -> U
2371:21:Name -> Const:str:'type'
2372:8:Call -> U
2372:8:Attribute -> U
2372:8:Name -> U
2372:21:Name -> Const:str:'device_id'
2372:33:Name -> Class:builtins.str
2375:1:Attribute -> Func:homeassistant.components.websocket_api.decorators.async_response
2375:1:Name -> Module:homeassistant.components.websocket_api
2376:1:Name -> Func:homeassistant.components.zwave_js.api.async_get_node
2378:10:Name -> U
2379:16:Name -> Class:homeassistant.components.websocket_api.connection.ActiveConnection
2380:9:Name -> Class:builtins.dict
2380:14:Name -> Class:builtins.str
2380:19:Name -> Class:typing.Any
2381:10:Name -> U
2384:11:Attribute -> U
2384:11:Attribute -> U
2384:11:Name -> U
2385:13:Attribute -> U
2385:13:Attribute -> U
2385:13:Name -> U
2386:17:Attribute -> U
2386:17:Name -> U
2388:5:Name -> U
2391:21:Name -> List:2 | List:2
2392:12:Call -> U
2392:12:Name -> U
2394:5:Name -> U
2395:37:Name -> Class:builtins.dict
2396:18:Name -> U
2396:47:Name -> U
2397:8:Call -> U
2397:8:Attribute -> U
2397:8:Name -> U
2398:12:Call -> U
2398:12:Attribute -> U
2398:12:Name -> Module:homeassistant.components.websocket_api
2399:16:Name -> U
2399:20:Name -> Const:str:'id'
2401:29:Name -> U
2402:22:Call -> Dict:5
2402:22:Name -> Func:homeassistant.components.zwave_js.api._get_node_firmware_update_progress_dict
2402:62:Name -> U
2407:5:Name -> U
2408:37:Name -> Class:builtins.dict
2409:18:Name -> U
2409:45:Name -> U
2410:8:Call -> U
2410:8:Attribute -> U
2410:8:Name -> U
2411:12:Call -> U
2411:12:Attribute -> U
2411:12:Name -> Module:homeassistant.components.websocket_api
2412:16:Name -> U
2412:20:Name -> Const:str:'id'
2414:29:Name -> U
2415:30:Attribute -> U
2415:30:Name -> U
2416:31:Attribute -> U
2416:31:Name -> U
2417:33:Attribute -> U
2417:33:Name -> U
2418:35:Attribute -> U
2418:35:Name -> U
2423:5:Name -> U
2424:39:Name -> Class:builtins.dict
2425:18:Name -> U
2425:49:Name -> U
2426:8:Call -> U
2426:8:Attribute -> U
2426:8:Name -> U
2427:12:Call -> U
2427:12:Attribute -> U
2427:12:Name -> Module:homeassistant.components.websocket_api
2428:16:Name -> U
2428:20:Name -> Const:str:'id'
2430:29:Name -> U
2431:22:Call -> Dict:5
2431:22:Name -> Func:homeassistant.components.zwave_js.api._get_driver_firmware_update_progress_dict
2431:64:Name -> U
2436:5:Name -> U
2437:39:Name -> Class:builtins.dict
2438:18:Name -> U
2438:47:Name -> U
2439:8:Call -> U
2439:8:Attribute -> U
2439:8:Name -> U
2440:12:Call -> U
2440:12:Attribute -> U
2440:12:Name -> Module:homeassistant.components.websocket_api
2441:16:Name -> U
2441:20:Name -> Const:str:'id'
2443:29:Name -> U
2444:30:Attribute -> U
2444:30:Name -> U
2445:31:Attribute -> U
2445:31:Name -> U
2450:7:Attribute -> U
2450:7:Name -> U
2450:30:Name -> U
2451:8:Name -> U
2451:12:Name -> Const:str:'unsubs'
2452:12:Call -> U
2452:12:Attribute -> U
2452:12:Name -> U
2452:50:Name -> Func:homeassistant.components.zwave_js.api.websocket_subscribe_firmware_update_status.forward_driver_progress
2453:12:Call -> U
2453:12:Attribute -> U
2453:12:Name -> U
2453:50:Name -> Func:homeassistant.components.zwave_js.api.websocket_subscribe_firmware_update_status.forward_driver_finished
2456:8:Name -> U
2456:12:Name -> Const:str:'unsubs'
2457:12:Call -> U
2457:12:Attribute -> U
2457:12:Name -> U
2457:48:Name -> Func:homeassistant.components.zwave_js.api.websocket_subscribe_firmware_update_status.forward_node_progress
2458:12:Call -> U
2458:12:Attribute -> U
2458:12:Name -> U
2458:48:Name -> Func:homeassistant.components.zwave_js.api.websocket_subscribe_firmware_update_status.forward_node_finished
2460:4:Attribute -> U
2460:4:Name -> U
2460:29:Name -> U
2460:42:Name -> Func:homeassistant.components.zwave_js.api.websocket_subscribe_firmware_update_status.async_cleanup
2462:4:Call -> U
2462:4:Attribute -> U
2462:4:Name -> U
2462:27:Name -> U
2462:31:Name -> Const:str:'id'
2463:7:Attribute -> U
2463:7:Name -> U
2463:55:Attribute -> U
2463:55:Name -> U
2464:8:Call -> U
2464:8:Attribute -> U
2464:8:Name -> U
2465:12:Call -> U
2465:12:Attribute -> U
2465:12:Name -> Module:homeassistant.components.websocket_api
2466:16:Name -> U
2466:20:Name -> Const:str:'id'
2469:22:Call -> Dict:5
2469:22:Name -> Func:homeassistant.components.zwave_js.api._get_driver_firmware_update_progress_dict
2469:64:Name -> U
2473:9:Attribute -> U
2473:9:Name -> U
2473:32:Name -> U
2474:25:Attribute -> U
2474:25:Name -> U
2476:8:Call -> U
2476:8:Attribute -> U
2476:8:Name -> U
2477:12:Call -> U
2477:12:Attribute -> U
2477:12:Name -> Module:homeassistant.components.websocket_api
2478:16:Name -> U
2478:20:Name -> Const:str:'id'
2481:22:Call -> Dict:5
2481:22:Name -> Func:homeassistant.components.zwave_js.api._get_node_firmware_update_progress_dict
2481:62:Name -> U
2487:1:Attribute -> Func:homeassistant.components.websocket_api.decorators.require_admin
2487:1:Name -> Module:homeassistant.components.websocket_api
2488:1:Call -> Func:homeassistant.components.websocket_api.decorators.websocket_command.decorate
2488:1:Attribute -> Func:homeassistant.components.websocket_api.decorators.websocket_command
2488:1:Name -> Module:homeassistant.components.websocket_api
2490:8:Call -> U
2490:8:Attribute -> U
2490:8:Name -> U
2490:21:Name -> Const:str:'type'
2491:8:Call -> U
2491:8:Attribute -> U
2491:8:Name -> U
2491:21:Name -> Const:str:'device_id'
2491:33:Name -> Class:builtins.str
2494:1:Attribute -> Func:homeassistant.components.websocket_api.decorators.async_response
2494:1:Name -> Module:homeassistant.components.websocket_api
2495:1:Name -> Func:homeassistant.components.zwave_js.api.async_handle_failed_command
2496:1:Name -> Func:homeassistant.components.zwave_js.api.async_get_node
2498:10:Name -> U
2499:16:Name -> Class:homeassistant.components.websocket_api.connection.ActiveConnection
2500:9:Name -> Class:builtins.dict
2500:14:Name -> Class:builtins.str
2500:19:Name -> Class:typing.Any
2501:10:Name -> U
2504:25:Call -> U
2504:25:Attribute -> U
2504:25:Name -> U
2505:4:Call -> U
2505:4:Attribute -> U
2505:4:Name -> U
2505:27:Name -> U
2505:31:Name -> Const:str:'id'
2505:36:Call -> U
2505:36:Attribute -> U
2505:36:Name -> U
2508:1:Attribute -> Func:homeassistant.components.websocket_api.decorators.require_admin
2508:1:Name -> Module:homeassistant.components.websocket_api
2509:1:Call -> Func:homeassistant.components.websocket_api.decorators.websocket_command.decorate
2509:1:Attribute -> Func:homeassistant.components.websocket_api.decorators.websocket_command
2509:1:Name -> Module:homeassistant.components.websocket_api
2511:8:Call -> U
2511:8:Attribute -> U
2511:8:Name -> U
2511:21:Name -> Const:str:'type'
2512:8:Call -> U
2512:8:Attribute -> U
2512:8:Name -> U
2512:21:Name -> Const:str:'entry_id'
2512:32:Name -> Class:builtins.str
2515:1:Attribute -> Func:homeassistant.components.websocket_api.decorators.async_response
2515:1:Name -> Module:homeassistant.components.websocket_api
2516:1:Name -> Func:homeassistant.components.zwave_js.api.async_handle_failed_command
2517:1:Name -> Func:homeassistant.components.zwave_js.api.async_get_entry
2519:10:Name -> U
2520:16:Name -> Class:homeassistant.components.websocket_api.connection.ActiveConnection
2521:9:Name -> Class:builtins.dict
2521:14:Name -> Class:builtins.str
2521:19:Name -> Class:typing.Any
2522:11:Name -> U
2523:12:Name -> U
2524:12:Name -> U
2527:4:Call -> U
2527:4:Attribute -> U
2527:4:Name -> U
2528:8:Name -> U
2528:12:Name -> Const:str:'id'
2528:23:Call -> U
2528:23:Attribute -> U
2528:23:Attribute -> U
2528:23:Name -> U
2532:25:Name -> Class:homeassistant.helpers.http.HomeAssistantView
2538:32:Attribute -> U
2538:32:Name -> U
2540:8:Call -> ERR
2540:8:Attribute -> BM:builtins.object.__init__
2540:8:Call -> Super
2540:8:Name -> Class:builtins.super
2541:8:Name -> Inst:homeassistant.components.zwave_js.api.FirmwareUploadView
2541:24:Name -> U
2543:5:Name -> Func:homeassistant.components.http.decorators.require_admin | Func:homeassistant.components.http.decorators.require_admin | Func:homeassistant.components.http.decorators.require_admin
2544:34:Attribute -> U
2544:34:Name -> U
2544:58:Name -> Class:builtins.str
2544:66:Attribute -> U
2544:66:Name -> U
2546:15:Attribute -> U
2546:15:Name -> U
2546:27:Name -> U
2549:19:Call -> U
2549:19:Name -> Func:homeassistant.components.zwave_js.helpers.async_get_node_from_device_id
2549:49:Name -> U
2549:55:Name -> U
2549:66:Attribute -> U
2549:66:Name -> Inst:homeassistant.components.zwave_js.api.FirmwareUploadView
2550:15:Name -> Class:builtins.ValueError
2551:31:Attribute -> Tuple:0
2551:31:Name -> ExcInst:builtins.ValueError
2552:22:Attribute -> U
2552:22:Name -> U
2552:57:Name -> ExcInst:builtins.ValueError
2553:18:Attribute -> U
2553:18:Name -> U
2553:51:Name -> ExcInst:builtins.ValueError
2557:15:Attribute -> U
2557:15:Attribute -> U
2557:15:Name -> U
2560:8:Name -> U
2562:21:Call -> U
2562:21:Attribute -> U
2562:21:Name -> U
2564:25:Name -> U
2564:37:Call -> ERR
2564:37:Name -> Func:builtins.isinstance
2564:48:Name -> U
2564:62:Attribute -> U
2564:62:Name -> U
2565:18:Attribute -> U
2565:18:Name -> U
2567:23:Attribute -> U
2567:23:Name -> U
2567:47:Name -> U
2570:15:Attribute -> U
2570:15:Attribute -> U
2570:15:Attribute -> U
2570:15:Attribute -> U
2570:15:Name -> U
2570:57:Name -> U
2571:22:Call -> U
2571:22:Name -> U
2572:20:Attribute -> U
2572:20:Attribute -> U
2572:20:Name -> U
2573:20:Call -> U
2573:20:Name -> U
2574:24:Attribute -> U
2574:24:Name -> U
2575:30:Call -> U
2575:30:Attribute -> U
2575:30:Name -> U
2575:58:Attribute -> U
2575:58:Attribute -> U
2575:58:Name -> U
2577:20:Call -> U
2577:20:Name -> Func:homeassistant.helpers.aiohttp_client.async_get_clientsession
2577:44:Name -> U
2578:53:Name -> Dict:1
2581:33:Name -> Class:builtins.int
2582:31:Name -> U
2583:38:Call -> Inst:builtins.int
2583:38:Name -> Class:builtins.int
2583:42:Call -> U
2583:42:Name -> Func:typing.cast
2583:47:Name -> Class:builtins.str
2583:52:Name -> U
2584:22:Call -> U
2584:22:Name -> U
2585:20:Attribute -> U
2585:20:Attribute -> U
2585:20:Name -> U
2586:20:Name -> U
2588:24:Call -> U
2588:24:Name -> U
2589:28:Attribute -> U
2589:28:Name -> U
2590:34:Call -> U
2590:34:Attribute -> U
2590:34:Name -> U
2590:62:Attribute -> U
2590:62:Attribute -> U
2590:62:Name -> U
2591:44:Name -> Const:NoneType:None | Inst:builtins.int
2594:20:Call -> U
2594:20:Name -> Func:homeassistant.helpers.aiohttp_client.async_get_clientsession
2594:44:Name -> U
2595:53:Name -> Dict:1
2597:15:Name -> U
2598:18:Call -> U
2598:18:Attribute -> U
2598:18:Name -> U
2598:55:Call -> Const:str:''
2598:55:Name -> Class:builtins.str
2598:59:Name -> U
2598:70:Name -> U
2600:15:Call -> U
2600:15:Attribute -> Func:homeassistant.helpers.http.HomeAssistantView.json
2600:15:Name -> Inst:homeassistant.components.zwave_js.api.FirmwareUploadView
2603:1:Attribute -> Func:homeassistant.components.websocket_api.decorators.require_admin
2603:1:Name -> Module:homeassistant.components.websocket_api
2604:1:Call -> Func:homeassistant.components.websocket_api.decorators.websocket_command.decorate
2604:1:Attribute -> Func:homeassistant.components.websocket_api.decorators.websocket_command
2604:1:Name -> Module:homeassistant.components.websocket_api
2606:8:Call -> U
2606:8:Attribute -> U
2606:8:Name -> U
2606:21:Name -> Const:str:'type'
2607:8:Call -> U
2607:8:Attribute -> U
2607:8:Name -> U
2607:21:Name -> Const:str:'entry_id'
2607:32:Name -> Class:builtins.str
2610:1:Attribute -> Func:homeassistant.components.websocket_api.decorators.async_response
2610:1:Name -> Module:homeassistant.components.websocket_api
2611:1:Name -> Func:homeassistant.components.zwave_js.api.async_handle_failed_command
2612:1:Name -> Func:homeassistant.components.zwave_js.api.async_get_entry
2614:10:Name -> U
2615:16:Name -> Class:homeassistant.components.websocket_api.connection.ActiveConnection
2616:9:Name -> Class:builtins.dict
2616:14:Name -> Class:builtins.str
2616:19:Name -> Class:typing.Any
2617:11:Name -> U
2618:12:Name -> U
2619:12:Name -> U
2622:26:Call -> U
2622:26:Attribute -> U
2622:26:Name -> U
2623:4:Call -> U
2623:4:Attribute -> U
2623:4:Name -> U
2624:8:Name -> U
2624:12:Name -> Const:str:'id'
2626:32:Attribute -> U
2626:32:Name -> U
2627:27:Attribute -> U
2627:27:Name -> U
2632:1:Attribute -> Func:homeassistant.components.websocket_api.decorators.require_admin
2632:1:Name -> Module:homeassistant.components.websocket_api
2633:1:Call -> Func:homeassistant.components.websocket_api.decorators.websocket_command.decorate
2633:1:Attribute -> Func:homeassistant.components.websocket_api.decorators.websocket_command
2633:1:Name -> Module:homeassistant.components.websocket_api
2635:8:Call -> U
2635:8:Attribute -> U
2635:8:Name -> U
2635:21:Name -> Const:str:'type'
2636:8:Call -> U
2636:8:Attribute -> U
2636:8:Name -> U
2636:21:Name -> Const:str:'entry_id'
2636:32:Name -> Class:builtins.str
2639:1:Attribute -> Func:homeassistant.components.websocket_api.decorators.async_response
2639:1:Name -> Module:homeassistant.components.websocket_api
2640:1:Name -> Func:homeassistant.components.zwave_js.api.async_handle_failed_command
2641:1:Name -> Func:homeassistant.components.zwave_js.api.async_get_entry
2643:10:Name -> U
2644:16:Name -> Class:homeassistant.components.websocket_api.connection.ActiveConnection
2645:9:Name -> Class:builtins.dict
2645:14:Name -> Class:builtins.str
2645:19:Name -> Class:typing.Any
2646:11:Name -> U
2647:12:Name -> U
2648:12:Name -> U
2651:20:Call -> U
2651:20:Attribute -> U
2651:20:Name -> U
2652:4:Call -> U
2652:4:Attribute -> U
2652:4:Name -> U
2652:27:Name -> U
2652:31:Name -> Const:str:'id'
2652:36:Name -> U
2656:16:Name -> U
2657:5:Name -> Class:builtins.dict
2657:10:Name -> Class:builtins.str
2657:15:Name -> Class:builtins.int
2660:23:Attribute -> U
2660:23:Name -> U
2661:23:Attribute -> U
2661:23:Name -> U
2662:31:Attribute -> U
2662:31:Name -> U
2663:31:Attribute -> U
2663:31:Name -> U
2664:15:Attribute -> U
2664:15:Name -> U
2665:15:Attribute -> U
2665:15:Name -> U
2666:23:Attribute -> U
2666:23:Name -> U
2667:27:Attribute -> U
2667:27:Name -> U
2668:28:Attribute -> U
2668:28:Name -> U
2672:1:Attribute -> Func:homeassistant.components.websocket_api.decorators.require_admin
2672:1:Name -> Module:homeassistant.components.websocket_api
2673:1:Call -> Func:homeassistant.components.websocket_api.decorators.websocket_command.decorate
2673:1:Attribute -> Func:homeassistant.components.websocket_api.decorators.websocket_command
2673:1:Name -> Module:homeassistant.components.websocket_api
2675:8:Call -> U
2675:8:Attribute -> U
2675:8:Name -> U
2675:21:Name -> Const:str:'type'
2676:8:Call -> U
2676:8:Attribute -> U
2676:8:Name -> U
2676:21:Name -> Const:str:'entry_id'
2676:32:Name -> Class:builtins.str
2679:1:Attribute -> Func:homeassistant.components.websocket_api.decorators.async_response
2679:1:Name -> Module:homeassistant.components.websocket_api
2680:1:Name -> Func:homeassistant.components.zwave_js.api.async_get_entry
2682:10:Name -> U
2683:16:Name -> Class:homeassistant.components.websocket_api.connection.ActiveConnection
2684:9:Name -> Class:builtins.dict
2684:14:Name -> Class:builtins.str
2684:19:Name -> Class:typing.Any
2685:11:Name -> U
2686:12:Name -> U
2687:12:Name -> U
2691:5:Name -> U
2694:21:Name -> List:1
2695:12:Call -> U
2695:12:Name -> U
2697:5:Name -> U
2698:29:Name -> Class:builtins.dict
2699:20:Name -> U
2699:43:Name -> U
2700:8:Call -> U
2700:8:Attribute -> U
2700:8:Name -> U
2701:12:Call -> U
2701:12:Attribute -> U
2701:12:Name -> Module:homeassistant.components.websocket_api
2702:16:Name -> U
2702:20:Name -> Const:str:'id'
2704:29:Name -> U
2706:22:Call -> Dict:9
2706:22:Name -> Func:homeassistant.components.zwave_js.api._get_controller_statistics_dict
2706:54:Name -> U
2711:17:Attribute -> U
2711:17:Name -> U
2713:4:Name -> U
2713:8:Name -> Const:str:'unsubs'
2714:8:Call -> U
2714:8:Attribute -> U
2714:8:Name -> U
2714:44:Name -> Func:homeassistant.components.zwave_js.api.websocket_subscribe_controller_statistics.forward_stats
2716:4:Attribute -> U
2716:4:Name -> U
2716:29:Name -> U
2716:42:Name -> Func:homeassistant.components.zwave_js.api.websocket_subscribe_controller_statistics.async_cleanup
2718:4:Call -> U
2718:4:Attribute -> U
2718:4:Name -> U
2718:27:Name -> U
2718:31:Name -> Const:str:'id'
2719:4:Call -> U
2719:4:Attribute -> U
2719:4:Name -> U
2720:8:Call -> U
2720:8:Attribute -> U
2720:8:Name -> Module:homeassistant.components.websocket_api
2721:12:Name -> U
2721:16:Name -> Const:str:'id'
2725:18:Call -> Dict:9
2725:18:Name -> Func:homeassistant.components.zwave_js.api._get_controller_statistics_dict
2725:50:Attribute -> U
2725:50:Name -> U
2732:10:Name -> U
2732:37:Name -> U
2733:5:Name -> Class:builtins.dict
2733:10:Name -> Class:builtins.str
2733:15:Name -> Class:typing.Any
2735:14:Call -> U
2735:14:Attribute -> U
2735:14:Name -> U
2735:27:Name -> U
2737:41:Name -> U
2737:50:Name -> Class:builtins.str
2739:17:Attribute -> U
2739:17:Attribute -> U
2739:17:Name -> U
2740:15:Name -> U
2741:17:Call -> U
2741:17:Attribute -> U
2741:17:Name -> U
2741:55:Call -> Tuple:2
2741:55:Name -> Func:homeassistant.components.zwave_js.helpers.get_device_id
2741:69:Name -> U
2741:77:Name -> U
2742:15:Name -> U
2743:15:Attribute -> U
2743:15:Name -> U
2745:10:Name -> Class:builtins.dict
2746:23:Attribute -> U
2746:23:Name -> U
2747:23:Attribute -> U
2747:23:Name -> U
2748:31:Attribute -> U
2748:31:Name -> U
2749:31:Attribute -> U
2749:31:Name -> U
2750:28:Attribute -> U
2750:28:Name -> U
2751:15:Attribute -> U
2751:15:Name -> U
2752:16:Attribute -> U
2752:16:Name -> U
2753:43:Attribute -> U
2753:43:Name -> U
2753:15:Call -> U
2753:15:Attribute -> U
2753:15:Attribute -> U
2753:15:Name -> U
2754:45:Attribute -> U
2754:45:Name -> U
2754:16:Call -> U
2754:16:Attribute -> U
2754:16:Attribute -> U
2754:16:Name -> U
2757:15:Name -> Dict:9
2757:20:Name -> Const:str:'lwr' | Const:str:'nlwr'
2760:19:Name -> Dict:9
2760:24:Name -> Const:str:'lwr' | Const:str:'nlwr'
2760:29:Name -> Const:str:'repeaters' | Const:str:'route_failed_between'
2762:12:Name -> Dict:9
2762:17:Name -> Const:str:'lwr' | Const:str:'nlwr'
2762:22:Name -> Const:str:'repeaters' | Const:str:'route_failed_between'
2763:16:Call -> U
2763:16:Name -> Func:homeassistant.components.zwave_js.api._get_node_statistics_dict._convert_node_to_device_id
2763:43:Name -> U
2763:61:Name -> Dict:9
2763:66:Name -> Const:str:'lwr' | Const:str:'nlwr'
2763:71:Name -> Const:str:'repeaters' | Const:str:'route_failed_between'
2766:11:Name -> Dict:9
2769:1:Attribute -> Func:homeassistant.components.websocket_api.decorators.require_admin
2769:1:Name -> Module:homeassistant.components.websocket_api
2770:1:Call -> Func:homeassistant.components.websocket_api.decorators.websocket_command.decorate
2770:1:Attribute -> Func:homeassistant.components.websocket_api.decorators.websocket_command
2770:1:Name -> Module:homeassistant.components.websocket_api
2772:8:Call -> U
2772:8:Attribute -> U
2772:8:Name -> U
2772:21:Name -> Const:str:'type'
2773:8:Call -> U
2773:8:Attribute -> U
2773:8:Name -> U
2773:21:Name -> Const:str:'device_id'
2773:33:Name -> Class:builtins.str
2776:1:Attribute -> Func:homeassistant.components.websocket_api.decorators.async_response
2776:1:Name -> Module:homeassistant.components.websocket_api
2777:1:Name -> Func:homeassistant.components.zwave_js.api.async_get_node
2779:10:Name -> U
2780:16:Name -> Class:homeassistant.components.websocket_api.connection.ActiveConnection
2781:9:Name -> Class:builtins.dict
2781:14:Name -> Class:builtins.str
2781:19:Name -> Class:typing.Any
2782:10:Name -> U
2786:5:Name -> U
2789:21:Name -> List:1
2790:12:Call -> U
2790:12:Name -> U
2792:5:Name -> U
2793:29:Name -> Class:builtins.dict
2794:20:Name -> U
2794:37:Name -> U
2795:8:Call -> U
2795:8:Attribute -> U
2795:8:Name -> U
2796:12:Call -> U
2796:12:Attribute -> U
2796:12:Name -> Module:homeassistant.components.websocket_api
2797:16:Name -> U
2797:20:Name -> Const:str:'id'
2799:29:Name -> U
2801:31:Attribute -> U
2801:31:Name -> U
2802:22:Call -> Dict:9
2802:22:Name -> Func:homeassistant.components.zwave_js.api._get_node_statistics_dict
2802:48:Name -> U
2802:54:Name -> U
2807:4:Name -> U
2807:8:Name -> Const:str:'unsubs'
2807:38:Call -> U
2807:38:Attribute -> U
2807:38:Name -> U
2807:68:Name -> Func:homeassistant.components.zwave_js.api.websocket_subscribe_node_statistics.forward_stats
2808:4:Attribute -> U
2808:4:Name -> U
2808:29:Name -> U
2808:42:Name -> Func:homeassistant.components.zwave_js.api.websocket_subscribe_node_statistics.async_cleanup
2810:4:Call -> U
2810:4:Attribute -> U
2810:4:Name -> U
2810:27:Name -> U
2810:31:Name -> Const:str:'id'
2811:4:Call -> U
2811:4:Attribute -> U
2811:4:Name -> U
2812:8:Call -> U
2812:8:Attribute -> U
2812:8:Name -> Module:homeassistant.components.websocket_api
2813:12:Name -> U
2813:16:Name -> Const:str:'id'
2817:26:Attribute -> U
2817:26:Name -> U
2818:18:Call -> Dict:9
2818:18:Name -> Func:homeassistant.components.zwave_js.api._get_node_statistics_dict
2818:44:Name -> U
2818:50:Attribute -> U
2818:50:Name -> U
2824:1:Attribute -> Func:homeassistant.components.websocket_api.decorators.require_admin
2824:1:Name -> Module:homeassistant.components.websocket_api
2825:1:Call -> Func:homeassistant.components.websocket_api.decorators.websocket_command.decorate
2825:1:Attribute -> Func:homeassistant.components.websocket_api.decorators.websocket_command
2825:1:Name -> Module:homeassistant.components.websocket_api
2827:8:Call -> U
2827:8:Attribute -> U
2827:8:Name -> U
2827:21:Name -> Const:str:'type'
2828:8:Call -> U
2828:8:Attribute -> U
2828:8:Name -> U
2828:21:Name -> Const:str:'entry_id'
2828:32:Name -> Class:builtins.str
2831:1:Attribute -> Func:homeassistant.components.websocket_api.decorators.async_response
2831:1:Name -> Module:homeassistant.components.websocket_api
2832:1:Name -> Func:homeassistant.components.zwave_js.api.async_handle_failed_command
2833:1:Name -> Func:homeassistant.components.zwave_js.api.async_get_entry
2835:10:Name -> U
2836:16:Name -> Class:homeassistant.components.websocket_api.connection.ActiveConnection
2837:9:Name -> Class:builtins.dict
2837:14:Name -> Class:builtins.str
2837:19:Name -> Class:typing.Any
2838:11:Name -> U
2839:12:Name -> U
2840:12:Name -> U
2843:12:Name -> Class:builtins.list
2843:17:Name -> Class:_collections_abc.Callable
2845:5:Name -> U
2848:21:Name -> List:1
2849:12:Call -> U
2849:12:Name -> U
2850:8:Call -> ERR
2850:8:Attribute -> BM:builtins.list.clear
2850:8:Name -> List:1
2852:5:Name -> U
2853:37:Attribute -> U
2853:37:Name -> U
2855:11:Attribute -> U
2855:11:Name -> U
2855:29:Attribute -> U
2855:29:Name -> U
2856:12:Call -> U
2856:12:Attribute -> U
2856:12:Name -> U
2856:35:Name -> U
2856:39:Name -> Const:str:'id'
2856:44:Attribute -> U
2856:44:Name -> U
2857:12:Call -> Const:NoneType:None
2857:12:Name -> Func:homeassistant.components.zwave_js.api.websocket_hard_reset_controller.async_cleanup
2859:4:Name -> U
2859:8:Name -> Const:str:'unsubs'
2860:8:Call -> U
2860:8:Name -> U
2861:12:Name -> U
2861:18:Name -> Const:str:'zwave_js_device_added_to_registry'
2861:50:Name -> Func:homeassistant.components.zwave_js.api.websocket_hard_reset_controller._handle_device_added
2865:28:Call -> Func:homeassistant.components.zwave_js.helpers.async_wait_for_driver_ready_event.wait_for_events
2865:28:Name -> Func:homeassistant.components.zwave_js.helpers.async_wait_for_driver_ready_event
2865:62:Name -> U
2865:69:Name -> U
2867:10:Call -> U
2867:10:Attribute -> U
2867:10:Name -> U
2869:9:Call -> Inst:contextlib.suppress
2869:9:Name -> Class:contextlib.suppress
2869:18:Name -> Class:builtins.TimeoutError
2870:14:Call -> Const:NoneType:None
2870:14:Name -> Func:homeassistant.components.zwave_js.helpers.async_wait_for_driver_ready_event.wait_for_events
2877:29:Call -> U
2877:29:Name -> Func:homeassistant.components.zwave_js.helpers.async_get_version_info
2877:52:Name -> U
2877:58:Attribute -> U
2877:58:Name -> U
2877:69:Name -> Const:str:'url'
2878:11:Name -> Class:homeassistant.components.zwave_js.helpers.CannotConnect
2882:8:Call -> Const:NoneType:None | U | Const:NoneType:None
2882:8:Attribute -> BM:logging.Logger.error | U | BM:logging.Logger.error
2882:8:Name -> Inst:logging.RootLogger | Const:NoneType:None | U | Inst:logging.Logger
2887:8:Call -> U
2887:8:Attribute -> U
2887:8:Attribute -> U
2887:8:Name -> U
2888:12:Name -> U
2888:29:Call -> Const:str:''
2888:29:Name -> Class:builtins.str
2888:33:Attribute -> U
2888:33:Name -> U
2890:4:Call -> U
2890:4:Attribute -> U
2890:4:Attribute -> U
2890:4:Name -> U
2890:46:Attribute -> U
2890:46:Name -> U
2893:1:Call -> Func:homeassistant.components.websocket_api.decorators.websocket_command.decorate
2893:1:Attribute -> Func:homeassistant.components.websocket_api.decorators.websocket_command
2893:1:Name -> Module:homeassistant.components.websocket_api
2895:8:Call -> U
2895:8:Attribute -> U
2895:8:Name -> U
2895:21:Name -> Const:str:'type'
2896:8:Call -> U
2896:8:Attribute -> U
2896:8:Name -> U
2896:21:Name -> Const:str:'device_id'
2896:33:Name -> Class:builtins.str
2899:1:Attribute -> Func:homeassistant.components.websocket_api.decorators.async_response
2899:1:Name -> Module:homeassistant.components.websocket_api
2900:1:Name -> Func:homeassistant.components.zwave_js.api.async_handle_failed_command
2901:1:Name -> Func:homeassistant.components.zwave_js.api.async_get_node
2903:10:Name -> U
2904:16:Name -> Class:homeassistant.components.websocket_api.connection.ActiveConnection
2905:9:Name -> Class:builtins.dict
2905:14:Name -> Class:builtins.str
2905:19:Name -> Class:typing.Any
2906:10:Name -> U
2911:4:Call -> U
2911:4:Attribute -> U
2911:4:Name -> U
2912:8:Name -> U
2912:12:Name -> Const:str:'id'
2914:12:Name -> U
2915:16:Call -> U
2915:16:Attribute -> U
2915:16:Name -> U
2915:56:Attribute -> U
2915:56:Name -> U
2916:37:Attribute -> U
2916:37:Name -> U
2918:33:Call -> U
2918:33:Attribute -> U
2918:33:Attribute -> U
2918:33:Name -> U
2923:1:Attribute -> Func:homeassistant.components.websocket_api.decorators.require_admin
2923:1:Name -> Module:homeassistant.components.websocket_api
2924:1:Call -> Func:homeassistant.components.websocket_api.decorators.websocket_command.decorate
2924:1:Attribute -> Func:homeassistant.components.websocket_api.decorators.websocket_command
2924:1:Name -> Module:homeassistant.components.websocket_api
2926:8:Call -> U
2926:8:Attribute -> U
2926:8:Name -> U
2926:21:Name -> Const:str:'type'
2927:8:Call -> U
2927:8:Attribute -> U
2927:8:Name -> U
2927:21:Name -> Const:str:'device_id'
2927:33:Name -> Class:builtins.str
2928:8:Call -> U
2928:8:Attribute -> U
2928:8:Name -> U
2928:21:Name -> Const:str:'command_class'
2928:42:Call -> U
2928:42:Attribute -> U
2928:42:Name -> U
2929:12:Call -> U
2929:12:Attribute -> U
2929:12:Name -> U
2929:23:Name -> Class:builtins.int
2929:29:Call -> U
2929:29:Attribute -> U
2929:29:Name -> U
2929:40:Name -> U
2931:8:Call -> U
2931:8:Attribute -> U
2931:8:Name -> U
2931:21:Name -> Const:str:'endpoint'
2931:37:Call -> U
2931:37:Attribute -> U
2931:37:Name -> U
2931:48:Name -> Class:builtins.int
2932:8:Call -> U
2932:8:Attribute -> U
2932:8:Name -> U
2932:21:Name -> Const:str:'method_name'
2932:40:Attribute -> Func:homeassistant.helpers.config_validation.string
2932:40:Name -> Module:homeassistant.helpers.config_validation
2933:8:Call -> U
2933:8:Attribute -> U
2933:8:Name -> U
2933:21:Name -> Const:str:'parameters' | Const:str:'parameters'
2933:39:Name -> Class:builtins.list
2934:8:Call -> U
2934:8:Attribute -> U
2934:8:Name -> U
2934:21:Name -> Const:str:'wait_for_result'
2934:44:Attribute -> Func:homeassistant.helpers.config_validation.boolean
2934:44:Name -> Module:homeassistant.helpers.config_validation
2937:1:Attribute -> Func:homeassistant.components.websocket_api.decorators.async_response
2937:1:Name -> Module:homeassistant.components.websocket_api
2938:1:Name -> Func:homeassistant.components.zwave_js.api.async_handle_failed_command
2939:1:Name -> Func:homeassistant.components.zwave_js.api.async_get_node
2941:10:Name -> U
2942:16:Name -> Class:homeassistant.components.websocket_api.connection.ActiveConnection
2943:9:Name -> Class:builtins.dict
2943:14:Name -> Class:builtins.str
2943:19:Name -> Class:typing.Any
2944:10:Name -> U
2947:19:Name -> U
2947:34:Name -> U
2947:38:Name -> Const:str:'command_class'
2948:17:Name -> Class:builtins.str
2948:23:Name -> U
2948:27:Name -> Const:str:'method_name'
2949:16:Name -> Class:builtins.list
2949:21:Name -> Class:typing.Any
2949:28:Name -> U
2949:32:Name -> Const:str:'parameters' | Const:str:'parameters'
2951:22:Name -> U
2951:29:Name -> U
2951:40:Name -> U
2952:20:Call -> U
2952:20:Attribute -> U
2952:20:Name -> U
2952:28:Name -> Const:str:'endpoint'
2953:27:Attribute -> U
2953:27:Name -> U
2953:42:Name -> U
2956:23:Call -> U
2956:23:Attribute -> U
2956:23:Name -> U
2957:12:Name -> U
2958:12:Name -> U
2959:13:Name -> U
2960:28:Call -> U
2960:28:Attribute -> U
2960:28:Name -> U
2960:36:Name -> Const:str:'wait_for_result'
2962:11:Name -> U
2963:8:Call -> U
2963:8:Attribute -> U
2963:8:Name -> U
2963:30:Name -> U
2963:34:Name -> Const:str:'id'
2963:39:Attribute -> U
2963:39:Attribute -> U
2963:39:Name -> U
2963:63:Call -> Const:str:''
2963:63:Name -> Class:builtins.str
2963:67:Name -> U
2965:8:Call -> U
2965:8:Attribute -> U
2965:8:Name -> U
2966:12:Name -> U
2966:16:Name -> Const:str:'id'
2967:12:Name -> U
2971:1:Attribute -> Func:homeassistant.components.websocket_api.decorators.require_admin
2971:1:Name -> Module:homeassistant.components.websocket_api
2972:1:Call -> Func:homeassistant.components.websocket_api.decorators.websocket_command.decorate
2972:1:Attribute -> Func:homeassistant.components.websocket_api.decorators.websocket_command
2972:1:Name -> Module:homeassistant.components.websocket_api
2974:8:Call -> U
2974:8:Attribute -> U
2974:8:Name -> U
2974:21:Name -> Const:str:'type'
2975:8:Call -> U
2975:8:Attribute -> U
2975:8:Name -> U
2975:21:Name -> Const:str:'entry_id'
2975:32:Name -> Class:builtins.str
2978:1:Attribute -> Func:homeassistant.components.websocket_api.decorators.async_response
2978:1:Name -> Module:homeassistant.components.websocket_api
2979:1:Name -> Func:homeassistant.components.zwave_js.api.async_handle_failed_command
2980:1:Name -> Func:homeassistant.components.zwave_js.api.async_get_entry
2982:10:Name -> U
2983:16:Name -> Class:homeassistant.components.websocket_api.connection.ActiveConnection
2984:9:Name -> Class:builtins.dict
2984:14:Name -> Class:builtins.str
2984:19:Name -> Class:typing.Any
2985:11:Name -> U
2986:12:Name -> U
2987:12:Name -> U
2990:17:Attribute -> U
2990:17:Name -> U
2992:5:Name -> U
2995:21:Name -> List:1
2996:12:Call -> U
2996:12:Name -> U
2998:5:Name -> U
2999:32:Name -> Class:builtins.dict
3001:8:Call -> U
3001:8:Attribute -> U
3001:8:Name -> U
3002:12:Call -> U
3002:12:Attribute -> U
3002:12:Name -> Module:homeassistant.components.websocket_api
3003:16:Name -> U
3003:20:Name -> Const:str:'id'
3005:29:Name -> U
3006:33:Name -> U
3007:29:Name -> U
3013:4:Attribute -> U
3013:4:Name -> U
3013:29:Name -> U
3013:42:Name -> Func:homeassistant.components.zwave_js.api.websocket_backup_nvm.async_cleanup
3014:4:Name -> U
3014:8:Name -> Const:str:'unsubs'
3015:8:Call -> U
3015:8:Attribute -> U
3015:8:Name -> U
3015:45:Name -> Func:homeassistant.components.zwave_js.api.websocket_backup_nvm.forward_progress
3018:19:Call -> U
3018:19:Attribute -> U
3018:19:Name -> U
3020:4:Call -> U
3020:4:Attribute -> U
3020:4:Name -> U
3021:8:Call -> U
3021:8:Attribute -> U
3021:8:Name -> Module:homeassistant.components.websocket_api
3022:12:Name -> U
3022:16:Name -> Const:str:'id'
3025:24:Name -> U
3029:4:Call -> U
3029:4:Attribute -> U
3029:4:Name -> U
3029:27:Name -> U
3029:31:Name -> Const:str:'id'
3032:1:Attribute -> Func:homeassistant.components.websocket_api.decorators.require_admin
3032:1:Name -> Module:homeassistant.components.websocket_api
3033:1:Call -> Func:homeassistant.components.websocket_api.decorators.websocket_command.decorate
3033:1:Attribute -> Func:homeassistant.components.websocket_api.decorators.websocket_command
3033:1:Name -> Module:homeassistant.components.websocket_api
3035:8:Call -> U
3035:8:Attribute -> U
3035:8:Name -> U
3035:21:Name -> Const:str:'type'
3036:8:Call -> U
3036:8:Attribute -> U
3036:8:Name -> U
3036:21:Name -> Const:str:'entry_id'
3036:32:Name -> Class:builtins.str
3037:8:Call -> U
3037:8:Attribute -> U
3037:8:Name -> U
3037:30:Name -> Class:builtins.str
3040:1:Attribute -> Func:homeassistant.components.websocket_api.decorators.async_response
3040:1:Name -> Module:homeassistant.components.websocket_api
3041:1:Name -> Func:homeassistant.components.zwave_js.api.async_handle_failed_command
3042:1:Name -> Func:homeassistant.components.zwave_js.api.async_get_entry
3044:10:Name -> U
3045:16:Name -> Class:homeassistant.components.websocket_api.connection.ActiveConnection
3046:9:Name -> Class:builtins.dict
3046:14:Name -> Class:builtins.str
3046:19:Name -> Class:typing.Any
3047:11:Name -> U
3048:12:Name -> U
3049:12:Name -> U
3052:17:Attribute -> U
3052:17:Name -> U
3054:5:Name -> U
3057:21:Name -> List:2
3058:12:Call -> U
3058:12:Name -> U
3060:5:Name -> U
3061:32:Name -> Class:builtins.dict
3063:8:Call -> U
3063:8:Attribute -> U
3063:8:Name -> U
3064:12:Call -> U
3064:12:Attribute -> U
3064:12:Name -> Module:homeassistant.components.websocket_api
3065:16:Name -> U
3065:20:Name -> Const:str:'id'
3067:29:Name -> U
3068:33:Call -> U
3068:33:Attribute -> U
3068:33:Name -> U
3069:36:Call -> U
3069:36:Attribute -> U
3069:36:Name -> U
3070:29:Name -> U
3076:4:Attribute -> U
3076:4:Name -> U
3076:29:Name -> U
3076:42:Name -> Func:homeassistant.components.zwave_js.api.websocket_restore_nvm.async_cleanup
3077:4:Name -> U
3077:8:Name -> Const:str:'unsubs'
3078:8:Call -> U
3078:8:Attribute -> U
3078:8:Name -> U
3078:46:Name -> Func:homeassistant.components.zwave_js.api.websocket_restore_nvm.forward_progress
3079:8:Call -> U
3079:8:Attribute -> U
3079:8:Name -> U
3079:46:Name -> Func:homeassistant.components.zwave_js.api.websocket_restore_nvm.forward_progress
3082:28:Call -> Func:homeassistant.components.zwave_js.helpers.async_wait_for_driver_ready_event.wait_for_events
3082:28:Name -> Func:homeassistant.components.zwave_js.helpers.async_wait_for_driver_ready_event
3082:62:Name -> U
3082:69:Name -> U
3084:10:Call -> U
3084:10:Attribute -> U
3084:10:Name -> U
3084:46:Name -> U
3086:9:Call -> Inst:contextlib.suppress
3086:9:Name -> Class:contextlib.suppress
3086:18:Name -> Class:builtins.TimeoutError
3087:14:Call -> Const:NoneType:None
3087:14:Name -> Func:homeassistant.components.zwave_js.helpers.async_wait_for_driver_ready_event.wait_for_events
3094:29:Call -> U
3094:29:Name -> Func:homeassistant.components.zwave_js.helpers.async_get_version_info
3094:52:Name -> U
3094:58:Attribute -> U
3094:58:Name -> U
3094:69:Name -> Const:str:'url'
3095:11:Name -> Class:homeassistant.components.zwave_js.helpers.CannotConnect
3099:8:Call -> Const:NoneType:None | U | Const:NoneType:None
3099:8:Attribute -> BM:logging.Logger.error | U | BM:logging.Logger.error
3099:8:Name -> Inst:logging.RootLogger | Const:NoneType:None | U | Inst:logging.Logger
3104:8:Call -> U
3104:8:Attribute -> U
3104:8:Attribute -> U
3104:8:Name -> U
3105:12:Name -> U
3105:29:Call -> Const:str:''
3105:29:Name -> Class:builtins.str
3105:33:Attribute -> U
3105:33:Name -> U
3107:10:Call -> U
3107:10:Attribute -> U
3107:10:Attribute -> U
3107:10:Name -> U
3107:43:Attribute -> U
3107:43:Name -> U
3109:4:Call -> U
3109:4:Attribute -> U
3109:4:Name -> U
3110:8:Call -> U
3110:8:Attribute -> U
3110:8:Name -> Module:homeassistant.components.websocket_api
3111:12:Name -> U
3111:16:Name -> Const:str:'id'
3117:4:Call -> U
3117:4:Attribute -> U
3117:4:Name -> U
3117:27:Name -> U
3117:31:Name -> Const:str:'id'
3118:4:Call -> Const:NoneType:None
3118:4:Name -> Func:homeassistant.components.zwave_js.api.websocket_restore_nvm.async_cleanup
